NO_OF_FRAMES	5975
NO_OF_CAMERAS	9
NO_OF_BODIES	1
FREQUENCY	50
NO_OF_ANALOG	0
ANALOG_FREQUENCY	0
DESCRIPTION	--
TIME_STAMP	2023-11-15, 18:29:58	28922.40665050
DATA_INCLUDED	6D
BODY_NAMES	New Body #1
New Body #1 X	Y	Z	Roll	Pitch	Yaw	Residual	Rot[0]	Rot[1]	Rot[2]	Rot[3]	Rot[4]	Rot[5]	Rot[6]	Rot[7]	Rot[8]	
1026.85336	-616.15006	380.92607	-0.08130	0.10282	89.94699	0.85638	0.00093	1.00000	-0.00142	-1.00000	0.00093	0.00179	0.00179	0.00142	1.00000	
1026.40314	-616.16012	380.39219	-0.06835	0.10386	89.93725	0.86182	0.00110	1.00000	-0.00119	-1.00000	0.00110	0.00181	0.00181	0.00119	1.00000	
1025.84925	-616.28042	379.97038	-0.05680	0.09874	89.92361	0.89813	0.00133	1.00000	-0.00099	-1.00000	0.00133	0.00172	0.00172	0.00099	1.00000	
1033.09201	-612.68436	380.29871	0.00243	-0.00314	90.03713	1.25220	-0.00065	1.00000	0.00004	-1.00000	-0.00065	-0.00005	-0.00005	-0.00004	1.00000	
1033.37890	-612.32478	379.49091	0.01943	0.00810	90.04826	1.26311	-0.00084	1.00000	0.00034	-1.00000	-0.00084	0.00014	0.00014	-0.00034	1.00000	
1033.63491	-612.21320	379.25880	0.02644	0.00307	90.05482	1.26554	-0.00096	1.00000	0.00046	-1.00000	-0.00096	0.00005	0.00005	-0.00046	1.00000	
1033.10683	-612.44642	379.71292	0.01846	-0.00162	90.03980	1.25711	-0.00069	1.00000	0.00032	-1.00000	-0.00069	-0.00003	-0.00003	-0.00032	1.00000	
1032.86606	-612.52088	379.64478	0.01545	0.00921	90.03649	1.24204	-0.00064	1.00000	0.00027	-1.00000	-0.00064	0.00016	0.00016	-0.00027	1.00000	
1032.53839	-612.67265	379.81795	0.01382	0.00544	90.02617	1.24538	-0.00046	1.00000	0.00024	-1.00000	-0.00046	0.00009	0.00009	-0.00024	1.00000	
1032.64835	-612.67531	379.94893	0.01347	-0.00138	90.02621	1.23828	-0.00046	1.00000	0.00024	-1.00000	-0.00046	-0.00002	-0.00002	-0.00024	1.00000	
1032.73303	-612.71744	380.15088	0.00942	-0.00192	90.02791	1.23605	-0.00049	1.00000	0.00016	-1.00000	-0.00049	-0.00003	-0.00003	-0.00016	1.00000	
1032.62169	-612.76397	380.32281	0.00570	-0.00150	90.02552	1.23423	-0.00045	1.00000	0.00010	-1.00000	-0.00045	-0.00003	-0.00003	-0.00010	1.00000	
1032.50958	-612.65434	379.80746	0.02096	-0.00394	90.02372	1.24347	-0.00041	1.00000	0.00037	-1.00000	-0.00041	-0.00007	-0.00007	-0.00037	1.00000	
1033.50438	-612.03476	377.46745	0.07348	-0.02657	90.04980	0.78167	-0.00087	1.00000	0.00128	-1.00000	-0.00087	-0.00046	-0.00046	-0.00128	1.00000	
1032.79913	-612.46075	378.26980	0.05182	-0.02276	90.03346	0.75415	-0.00058	1.00000	0.00090	-1.00000	-0.00058	-0.00040	-0.00040	-0.00090	1.00000	
1032.58064	-612.58573	378.32083	0.04836	-0.02663	90.02693	0.73905	-0.00047	1.00000	0.00084	-1.00000	-0.00047	-0.00047	-0.00046	-0.00084	1.00000	
1032.67966	-612.51572	378.11113	0.04949	-0.01829	90.03342	0.70222	-0.00058	1.00000	0.00086	-1.00000	-0.00058	-0.00032	-0.00032	-0.00086	1.00000	
1031.56437	-613.07479	378.87069	0.03323	-0.03186	90.00164	0.67226	-0.00003	1.00000	0.00058	-1.00000	-0.00003	-0.00056	-0.00056	-0.00058	1.00000	
1032.05553	-612.92003	378.82186	0.02936	-0.01723	90.01897	0.67863	-0.00033	1.00000	0.00051	-1.00000	-0.00033	-0.00030	-0.00030	-0.00051	1.00000	
1031.97876	-612.81785	378.26263	0.03471	0.00169	90.02315	0.64492	-0.00040	1.00000	0.00061	-1.00000	-0.00040	0.00003	0.00003	-0.00061	1.00000	
1031.30764	-613.39391	379.51698	0.00888	-0.01672	90.00069	0.61477	-0.00001	1.00000	0.00016	-1.00000	-0.00001	-0.00029	-0.00029	-0.00016	1.00000	
1030.98340	-613.45191	379.25210	0.01599	-0.01993	89.99218	0.58284	0.00014	1.00000	0.00028	-1.00000	0.00014	-0.00035	-0.00035	-0.00028	1.00000	
1030.90228	-613.36774	378.89838	0.01702	-0.00231	89.99429	0.54131	0.00010	1.00000	0.00030	-1.00000	0.00010	-0.00004	-0.00004	-0.00030	1.00000	
1030.98068	-613.47943	379.29202	0.00967	-0.01061	89.99415	0.57031	0.00010	1.00000	0.00017	-1.00000	0.00010	-0.00019	-0.00019	-0.00017	1.00000	
1031.08582	-613.31831	378.78877	0.02025	-0.00511	89.99836	0.55456	0.00003	1.00000	0.00035	-1.00000	0.00003	-0.00009	-0.00009	-0.00035	1.00000	
1030.65773	-613.55042	378.99590	0.01170	0.00024	89.98977	0.52645	0.00018	1.00000	0.00020	-1.00000	0.00018	0.00000	0.00000	-0.00020	1.00000	
1030.39028	-613.44802	378.33513	0.02285	0.01389	89.98666	0.50403	0.00023	1.00000	0.00040	-1.00000	0.00023	0.00024	0.00024	-0.00040	1.00000	
1031.17465	-613.28601	378.63401	0.01889	0.00117	90.00407	0.47255	-0.00007	1.00000	0.00033	-1.00000	-0.00007	0.00002	0.00002	-0.00033	1.00000	
1031.37573	-612.93941	377.70881	0.04070	0.00613	90.01189	0.44771	-0.00021	1.00000	0.00071	-1.00000	-0.00021	0.00011	0.00011	-0.00071	1.00000	
1031.67860	-612.92250	377.89466	0.03375	0.01406	90.02206	0.46745	-0.00039	1.00000	0.00059	-1.00000	-0.00039	0.00025	0.00025	-0.00059	1.00000	
1030.76393	-613.32469	378.26081	0.02571	0.01278	89.99889	0.43075	0.00002	1.00000	0.00045	-1.00000	0.00002	0.00022	0.00022	-0.00045	1.00000	
1030.74639	-613.26108	378.06558	0.03051	0.01301	89.99753	0.38336	0.00004	1.00000	0.00053	-1.00000	0.00004	0.00023	0.00023	-0.00053	1.00000	
1031.54648	-612.88119	377.70802	0.04032	0.01449	90.01972	0.38450	-0.00034	1.00000	0.00070	-1.00000	-0.00034	0.00025	0.00025	-0.00070	1.00000	
1031.16371	-613.13521	378.38238	0.02762	0.00452	90.00869	0.37557	-0.00015	1.00000	0.00048	-1.00000	-0.00015	0.00008	0.00008	-0.00048	1.00000	
1029.99086	-613.45478	378.02998	0.03287	0.01856	89.98233	0.39448	0.00031	1.00000	0.00057	-1.00000	0.00031	0.00032	0.00032	-0.00057	1.00000	
1030.40378	-613.21107	377.69590	0.04408	0.01582	89.99221	0.32542	0.00014	1.00000	0.00077	-1.00000	0.00014	0.00028	0.00028	-0.00077	1.00000	
1030.59522	-613.34257	378.33122	0.02878	0.00706	89.99515	0.32693	0.00008	1.00000	0.00050	-1.00000	0.00008	0.00012	0.00012	-0.00050	1.00000	
1030.12328	-613.49777	378.43771	0.02921	0.00456	89.98383	0.32221	0.00028	1.00000	0.00051	-1.00000	0.00028	0.00008	0.00008	-0.00051	1.00000	
1030.40033	-613.26406	377.86540	0.04294	0.00207	89.98981	0.34328	0.00018	1.00000	0.00075	-1.00000	0.00018	0.00004	0.00004	-0.00075	1.00000	
1029.60247	-613.73647	378.65995	0.02113	0.00681	89.97062	0.33772	0.00051	1.00000	0.00037	-1.00000	0.00051	0.00012	0.00012	-0.00037	1.00000	
1028.76169	-614.10585	378.98388	0.01560	-0.00385	89.94614	0.32910	0.00094	1.00000	0.00027	-1.00000	0.00094	-0.00007	-0.00007	-0.00027	1.00000	
1030.22355	-613.57174	378.85075	0.01706	-0.00106	89.98464	0.33294	0.00027	1.00000	0.00030	-1.00000	0.00027	-0.00002	-0.00002	-0.00030	1.00000	
1030.74050	-613.26637	378.40626	0.02461	0.00931	90.00122	0.34173	-0.00002	1.00000	0.00043	-1.00000	-0.00002	0.00016	0.00016	-0.00043	1.00000	
1030.67576	-613.14721	377.79619	0.03480	0.02002	90.00238	0.30434	-0.00004	1.00000	0.00061	-1.00000	-0.00004	0.00035	0.00035	-0.00061	1.00000	
1030.40460	-613.52974	379.02997	0.01457	-0.00806	89.98754	0.29791	0.00022	1.00000	0.00025	-1.00000	0.00022	-0.00014	-0.00014	-0.00025	1.00000	
1029.89441	-613.75555	379.11393	0.00654	0.00730	89.97816	0.25442	0.00038	1.00000	0.00011	-1.00000	0.00038	0.00013	0.00013	-0.00011	1.00000	
1030.04384	-613.58883	378.58191	0.01718	0.01503	89.98328	0.24560	0.00029	1.00000	0.00030	-1.00000	0.00029	0.00026	0.00026	-0.00030	1.00000	
1030.29973	-613.57417	379.05168	0.00823	0.00808	89.98907	0.27940	0.00019	1.00000	0.00014	-1.00000	0.00019	0.00014	0.00014	-0.00014	1.00000	
1030.04490	-613.49251	378.63776	0.01581	0.01564	89.98472	0.25300	0.00027	1.00000	0.00028	-1.00000	0.00027	0.00027	0.00027	-0.00028	1.00000	
1030.54475	-613.27278	378.53921	0.01633	0.02373	90.00026	0.25742	-0.00000	1.00000	0.00029	-1.00000	-0.00000	0.00041	0.00041	-0.00029	1.00000	
1030.16944	-613.38585	378.54318	0.01599	0.02542	89.99229	0.29899	0.00013	1.00000	0.00028	-1.00000	0.00013	0.00044	0.00044	-0.00028	1.00000	
1030.53142	-613.13598	378.08943	0.02722	0.01923	90.00137	0.27787	-0.00002	1.00000	0.00048	-1.00000	-0.00002	0.00034	0.00034	-0.00048	1.00000	
1030.32729	-613.21665	378.17429	0.02296	0.02556	89.99736	0.26260	0.00005	1.00000	0.00040	-1.00000	0.00005	0.00045	0.00045	-0.00040	1.00000	
1030.06940	-613.36481	378.37240	0.01643	0.02274	89.99088	0.29685	0.00016	1.00000	0.00029	-1.00000	0.00016	0.00040	0.00040	-0.00029	1.00000	
1030.63037	-613.04405	377.76902	0.03190	0.02139	90.00426	0.28609	-0.00007	1.00000	0.00056	-1.00000	-0.00007	0.00037	0.00037	-0.00056	1.00000	
1031.06745	-612.88046	377.78113	0.02891	0.02954	90.01820	0.25793	-0.00032	1.00000	0.00050	-1.00000	-0.00032	0.00052	0.00052	-0.00050	1.00000	
1030.71934	-613.05059	377.93498	0.02504	0.02815	90.00776	0.27538	-0.00014	1.00000	0.00044	-1.00000	-0.00014	0.00049	0.00049	-0.00044	1.00000	
1030.68452	-613.06992	377.85222	0.02958	0.02063	90.00631	0.29312	-0.00011	1.00000	0.00052	-1.00000	-0.00011	0.00036	0.00036	-0.00052	1.00000	
1030.29377	-613.16112	377.79520	0.02928	0.02808	89.99909	0.27659	0.00002	1.00000	0.00051	-1.00000	0.00002	0.00049	0.00049	-0.00051	1.00000	
1030.89371	-612.78566	377.16738	0.04121	0.04208	90.01790	0.28500	-0.00031	1.00000	0.00072	-1.00000	-0.00031	0.00073	0.00073	-0.00072	1.00000	
1031.45562	-612.53456	376.79336	0.04914	0.04559	90.03303	0.24843	-0.00058	1.00000	0.00086	-1.00000	-0.00058	0.00080	0.00080	-0.00086	1.00000	
1031.57613	-612.68214	377.46159	0.03491	0.04026	90.03422	0.26839	-0.00060	1.00000	0.00061	-1.00000	-0.00060	0.00070	0.00070	-0.00061	1.00000	
1030.79390	-612.97488	377.48917	0.03141	0.04553	90.01465	0.20588	-0.00026	1.00000	0.00055	-1.00000	-0.00026	0.00079	0.00079	-0.00055	1.00000	
1030.37004	-613.11110	377.50087	0.03368	0.04000	90.00398	0.19778	-0.00007	1.00000	0.00059	-1.00000	-0.00007	0.00070	0.00070	-0.00059	1.00000	
1030.46663	-613.19929	377.74773	0.03245	0.02475	90.00027	0.16792	-0.00000	1.00000	0.00057	-1.00000	-0.00001	0.00043	0.00043	-0.00057	1.00000	
1031.39947	-612.63378	377.13435	0.04568	0.03159	90.02778	0.18299	-0.00048	1.00000	0.00080	-1.00000	-0.00049	0.00055	0.00055	-0.00080	1.00000	
1030.66219	-613.07426	377.78031	0.02975	0.02904	90.00769	0.18470	-0.00013	1.00000	0.00052	-1.00000	-0.00013	0.00051	0.00051	-0.00052	1.00000	
1030.42925	-613.09630	377.64600	0.03532	0.02308	90.00092	0.16994	-0.00002	1.00000	0.00062	-1.00000	-0.00002	0.00040	0.00040	-0.00062	1.00000	
1030.90855	-613.06334	377.97003	0.03048	0.01546	90.01041	0.16792	-0.00018	1.00000	0.00053	-1.00000	-0.00018	0.00027	0.00027	-0.00053	1.00000	
1029.76568	-613.32281	377.42800	0.03400	0.04690	89.98894	0.18883	0.00019	1.00000	0.00059	-1.00000	0.00019	0.00082	0.00082	-0.00059	1.00000	
1030.43211	-613.10798	377.47285	0.03392	0.04606	90.00594	0.18368	-0.00010	1.00000	0.00059	-1.00000	-0.00010	0.00080	0.00080	-0.00059	1.00000	
1029.84955	-613.38974	377.71358	0.02766	0.04652	89.99075	0.16894	0.00016	1.00000	0.00048	-1.00000	0.00016	0.00081	0.00081	-0.00048	1.00000	
1029.83811	-613.47651	377.91467	0.02701	0.03688	89.98683	0.17115	0.00023	1.00000	0.00047	-1.00000	0.00023	0.00064	0.00064	-0.00047	1.00000	
1030.50911	-613.19425	377.88383	0.03381	0.02522	90.00119	0.18511	-0.00002	1.00000	0.00059	-1.00000	-0.00002	0.00044	0.00044	-0.00059	1.00000	
1030.79546	-613.03128	377.54505	0.03870	0.03051	90.00993	0.16427	-0.00017	1.00000	0.00068	-1.00000	-0.00017	0.00053	0.00053	-0.00068	1.00000	
1030.01979	-613.50455	378.30698	0.02214	0.02766	89.98785	0.15570	0.00021	1.00000	0.00039	-1.00000	0.00021	0.00048	0.00048	-0.00039	1.00000	
1030.97415	-613.06560	377.94822	0.03278	0.02374	90.01163	0.20385	-0.00020	1.00000	0.00057	-1.00000	-0.00020	0.00041	0.00041	-0.00057	1.00000	
1030.87193	-613.10674	377.98728	0.03388	0.02067	90.00864	0.18347	-0.00015	1.00000	0.00059	-1.00000	-0.00015	0.00036	0.00036	-0.00059	1.00000	
1031.29420	-612.95361	377.86752	0.03482	0.02740	90.02057	0.17078	-0.00036	1.00000	0.00061	-1.00000	-0.00036	0.00048	0.00048	-0.00061	1.00000	
1030.90271	-613.08240	377.74889	0.03381	0.03669	90.01234	0.19216	-0.00022	1.00000	0.00059	-1.00000	-0.00022	0.00064	0.00064	-0.00059	1.00000	
1030.87535	-613.19354	378.22802	0.02403	0.02608	90.01034	0.21554	-0.00018	1.00000	0.00042	-1.00000	-0.00018	0.00046	0.00046	-0.00042	1.00000	
1030.43817	-613.37281	378.30992	0.02048	0.02578	89.99886	0.19807	0.00002	1.00000	0.00036	-1.00000	0.00002	0.00045	0.00045	-0.00036	1.00000	
1030.88194	-613.07511	377.90422	0.02853	0.02643	90.01201	0.17955	-0.00021	1.00000	0.00050	-1.00000	-0.00021	0.00046	0.00046	-0.00050	1.00000	
1031.21342	-612.84780	377.29631	0.03954	0.02845	90.02106	0.15044	-0.00037	1.00000	0.00069	-1.00000	-0.00037	0.00050	0.00050	-0.00069	1.00000	
1031.86019	-612.56891	377.11443	0.04223	0.02930	90.03780	0.17706	-0.00066	1.00000	0.00074	-1.00000	-0.00066	0.00051	0.00051	-0.00074	1.00000	
1030.44913	-613.35721	378.16812	0.01735	0.02610	90.00013	0.17703	-0.00000	1.00000	0.00030	-1.00000	-0.00000	0.00046	0.00046	-0.00030	1.00000	
1031.22986	-612.84173	377.28786	0.03253	0.04927	90.02524	0.17887	-0.00044	1.00000	0.00057	-1.00000	-0.00044	0.00086	0.00086	-0.00057	1.00000	
1031.55595	-612.85988	377.64567	0.03076	0.02357	90.02780	0.17187	-0.00049	1.00000	0.00054	-1.00000	-0.00049	0.00041	0.00041	-0.00054	1.00000	
1031.39199	-612.88330	377.77574	0.02244	0.03957	90.02804	0.15035	-0.00049	1.00000	0.00039	-1.00000	-0.00049	0.00069	0.00069	-0.00039	1.00000	
1031.06404	-613.09273	378.12541	0.01433	0.03802	90.01982	0.17214	-0.00035	1.00000	0.00025	-1.00000	-0.00035	0.00066	0.00066	-0.00025	1.00000	
1031.78224	-612.85591	378.34161	0.01050	0.03235	90.03720	0.17699	-0.00065	1.00000	0.00018	-1.00000	-0.00065	0.00056	0.00056	-0.00018	1.00000	
1031.39373	-612.82613	377.56893	0.02877	0.03314	90.02737	0.13690	-0.00048	1.00000	0.00050	-1.00000	-0.00048	0.00058	0.00058	-0.00050	1.00000	
1031.44563	-612.66216	377.18803	0.03500	0.04400	90.03258	0.15877	-0.00057	1.00000	0.00061	-1.00000	-0.00057	0.00077	0.00077	-0.00061	1.00000	
1031.47705	-612.66503	377.20769	0.03546	0.03720	90.03130	0.17665	-0.00055	1.00000	0.00062	-1.00000	-0.00055	0.00065	0.00065	-0.00062	1.00000	
1031.40010	-612.67422	377.32894	0.03547	0.02948	90.02848	0.14636	-0.00050	1.00000	0.00062	-1.00000	-0.00050	0.00051	0.00051	-0.00062	1.00000	
1031.28246	-612.78610	377.63857	0.03039	0.01833	90.02161	0.14730	-0.00038	1.00000	0.00053	-1.00000	-0.00038	0.00032	0.00032	-0.00053	1.00000	
1031.04275	-612.79200	377.51821	0.03457	0.01603	90.01627	0.14992	-0.00028	1.00000	0.00060	-1.00000	-0.00028	0.00028	0.00028	-0.00060	1.00000	
1031.41862	-612.54367	376.88091	0.04779	0.02522	90.02724	0.14938	-0.00048	1.00000	0.00083	-1.00000	-0.00048	0.00044	0.00044	-0.00083	1.00000	
1031.47609	-612.52942	377.09260	0.03979	0.03507	90.03242	0.13541	-0.00057	1.00000	0.00069	-1.00000	-0.00057	0.00061	0.00061	-0.00069	1.00000	
1030.69150	-612.89495	377.61034	0.03018	0.02580	90.01026	0.11670	-0.00018	1.00000	0.00053	-1.00000	-0.00018	0.00045	0.00045	-0.00053	1.00000	
1031.16670	-612.68884	377.40295	0.02869	0.04555	90.02782	0.16064	-0.00049	1.00000	0.00050	-1.00000	-0.00049	0.00079	0.00079	-0.00050	1.00000	
1031.47194	-612.51101	377.23735	0.03214	0.04775	90.03621	0.16177	-0.00063	1.00000	0.00056	-1.00000	-0.00063	0.00083	0.00083	-0.00056	1.00000	
1031.05041	-612.73266	377.33802	0.03293	0.03637	90.02326	0.15896	-0.00041	1.00000	0.00057	-1.00000	-0.00041	0.00063	0.00063	-0.00057	1.00000	
1030.72970	-612.84871	377.56092	0.02684	0.03625	90.01563	0.18644	-0.00027	1.00000	0.00047	-1.00000	-0.00027	0.00063	0.00063	-0.00047	1.00000	
1031.14445	-612.65506	377.17349	0.03508	0.03929	90.02573	0.20471	-0.00045	1.00000	0.00061	-1.00000	-0.00045	0.00069	0.00069	-0.00061	1.00000	
1031.36931	-612.57178	377.14925	0.03444	0.04017	90.03273	0.23399	-0.00057	1.00000	0.00060	-1.00000	-0.00057	0.00070	0.00070	-0.00060	1.00000	
1030.67111	-612.80656	377.18423	0.03073	0.04870	90.01678	0.20017	-0.00029	1.00000	0.00054	-1.00000	-0.00029	0.00085	0.00085	-0.00054	1.00000	
1031.54309	-612.44177	376.87329	0.03768	0.04855	90.03889	0.22302	-0.00068	1.00000	0.00066	-1.00000	-0.00068	0.00085	0.00085	-0.00066	1.00000	
1031.43985	-612.48585	376.73567	0.03893	0.04674	90.03651	0.21295	-0.00064	1.00000	0.00068	-1.00000	-0.00064	0.00082	0.00082	-0.00068	1.00000	
1032.09894	-612.34277	377.01335	0.03531	0.03973	90.05064	0.21382	-0.00088	1.00000	0.00062	-1.00000	-0.00088	0.00069	0.00069	-0.00062	1.00000	
1031.47212	-612.50721	376.93623	0.03548	0.04783	90.03763	0.21453	-0.00066	1.00000	0.00062	-1.00000	-0.00066	0.00083	0.00083	-0.00062	1.00000	
1031.54907	-612.52899	377.21232	0.03038	0.04310	90.03896	0.19125	-0.00068	1.00000	0.00053	-1.00000	-0.00068	0.00075	0.00075	-0.00053	1.00000	
1030.81711	-612.88945	377.81157	0.01637	0.04029	90.02094	0.19810	-0.00037	1.00000	0.00029	-1.00000	-0.00037	0.00070	0.00070	-0.00029	1.00000	
1031.43453	-612.62384	377.56952	0.02740	0.02429	90.03242	0.17550	-0.00057	1.00000	0.00048	-1.00000	-0.00057	0.00042	0.00042	-0.00048	1.00000	
1031.33881	-612.72593	377.79266	0.01873	0.03288	90.03274	0.19465	-0.00057	1.00000	0.00033	-1.00000	-0.00057	0.00057	0.00057	-0.00033	1.00000	
1030.47095	-612.92688	377.63092	0.02038	0.04277	90.01459	0.18606	-0.00025	1.00000	0.00036	-1.00000	-0.00025	0.00075	0.00075	-0.00036	1.00000	
1030.09542	-613.14485	378.09721	0.01049	0.03727	90.00384	0.17349	-0.00007	1.00000	0.00018	-1.00000	-0.00007	0.00065	0.00065	-0.00018	1.00000	
1030.03468	-613.09488	378.14301	0.00597	0.04889	90.00643	0.15509	-0.00011	1.00000	0.00010	-1.00000	-0.00011	0.00085	0.00085	-0.00010	1.00000	
1030.43853	-612.94767	378.04577	0.00925	0.04912	90.01630	0.14682	-0.00028	1.00000	0.00016	-1.00000	-0.00028	0.00086	0.00086	-0.00016	1.00000	
1030.50225	-612.87320	377.95793	0.01241	0.04592	90.01878	0.16345	-0.00033	1.00000	0.00022	-1.00000	-0.00033	0.00080	0.00080	-0.00022	1.00000	
1030.12397	-612.99376	377.87570	0.01549	0.04579	90.00874	0.13204	-0.00015	1.00000	0.00027	-1.00000	-0.00015	0.00080	0.00080	-0.00027	1.00000	
1030.05925	-612.88366	377.64162	0.01911	0.05232	90.01012	0.14202	-0.00018	1.00000	0.00033	-1.00000	-0.00018	0.00091	0.00091	-0.00033	1.00000	
1030.23468	-612.81325	377.60627	0.02122	0.05233	90.01511	0.12142	-0.00026	1.00000	0.00037	-1.00000	-0.00026	0.00091	0.00091	-0.00037	1.00000	
1029.94148	-612.91517	377.59890	0.01725	0.06326	90.01054	0.12575	-0.00018	1.00000	0.00030	-1.00000	-0.00018	0.00110	0.00110	-0.00030	1.00000	
1029.94746	-612.86437	377.38682	0.02445	0.05898	90.01009	0.13035	-0.00018	1.00000	0.00043	-1.00000	-0.00018	0.00103	0.00103	-0.00043	1.00000	
1030.03304	-612.96590	377.93778	0.01385	0.04684	90.00967	0.10004	-0.00017	1.00000	0.00024	-1.00000	-0.00017	0.00082	0.00082	-0.00024	1.00000	
1030.44390	-612.71205	377.52997	0.02373	0.05115	90.02132	0.15387	-0.00037	1.00000	0.00041	-1.00000	-0.00037	0.00089	0.00089	-0.00041	1.00000	
1029.48339	-613.04722	377.65867	0.02095	0.05008	89.99728	0.16191	0.00005	1.00000	0.00037	-1.00000	0.00005	0.00087	0.00087	-0.00037	1.00000	
1029.14391	-613.10182	377.59371	0.01962	0.06026	89.99108	0.15679	0.00016	1.00000	0.00034	-1.00000	0.00016	0.00105	0.00105	-0.00034	1.00000	
1030.13537	-612.64959	376.88512	0.03753	0.06037	90.01467	0.16500	-0.00026	1.00000	0.00066	-1.00000	-0.00026	0.00105	0.00105	-0.00065	1.00000	
1029.93678	-612.79787	377.26289	0.02553	0.06696	90.01202	0.19499	-0.00021	1.00000	0.00045	-1.00000	-0.00021	0.00117	0.00117	-0.00045	1.00000	
1030.46403	-612.56389	377.19623	0.03067	0.05916	90.02355	0.22673	-0.00041	1.00000	0.00054	-1.00000	-0.00041	0.00103	0.00103	-0.00054	1.00000	
1030.22477	-612.80104	377.77907	0.01741	0.05359	90.01604	0.17228	-0.00028	1.00000	0.00030	-1.00000	-0.00028	0.00094	0.00094	-0.00030	1.00000	
1030.87229	-612.48128	377.35104	0.02587	0.06291	90.03583	0.17220	-0.00063	1.00000	0.00045	-1.00000	-0.00063	0.00110	0.00110	-0.00045	1.00000	
1030.64724	-612.53852	377.35423	0.02655	0.05872	90.02935	0.18551	-0.00051	1.00000	0.00046	-1.00000	-0.00051	0.00102	0.00102	-0.00046	1.00000	
1030.53387	-612.61160	377.47167	0.02575	0.05385	90.02570	0.18050	-0.00045	1.00000	0.00045	-1.00000	-0.00045	0.00094	0.00094	-0.00045	1.00000	
1030.45224	-612.65792	377.68775	0.02507	0.04013	90.01992	0.16386	-0.00035	1.00000	0.00044	-1.00000	-0.00035	0.00070	0.00070	-0.00044	1.00000	
1030.61449	-612.65601	377.93475	0.02063	0.03202	90.02250	0.14362	-0.00039	1.00000	0.00036	-1.00000	-0.00039	0.00056	0.00056	-0.00036	1.00000	
1031.30579	-612.27077	377.39272	0.03692	0.02445	90.03918	0.15670	-0.00068	1.00000	0.00064	-1.00000	-0.00068	0.00043	0.00043	-0.00064	1.00000	
1030.84816	-612.43781	377.53899	0.03429	0.02308	90.02629	0.17725	-0.00046	1.00000	0.00060	-1.00000	-0.00046	0.00040	0.00040	-0.00060	1.00000	
1030.46330	-612.65047	377.77377	0.02461	0.03440	90.01894	0.14519	-0.00033	1.00000	0.00043	-1.00000	-0.00033	0.00060	0.00060	-0.00043	1.00000	
1030.20485	-612.75681	377.91292	0.02040	0.03670	90.01219	0.15405	-0.00021	1.00000	0.00036	-1.00000	-0.00021	0.00064	0.00064	-0.00036	1.00000	
1030.02658	-613.01622	378.58902	0.01117	0.01049	90.00150	0.10842	-0.00003	1.00000	0.00019	-1.00000	-0.00003	0.00018	0.00018	-0.00019	1.00000	
1029.55920	-613.03361	378.13689	0.01328	0.03937	89.99627	0.10779	0.00007	1.00000	0.00023	-1.00000	0.00006	0.00069	0.00069	-0.00023	1.00000	
1030.73376	-612.53868	377.98415	0.02059	0.02824	90.02337	0.09997	-0.00041	1.00000	0.00036	-1.00000	-0.00041	0.00049	0.00049	-0.00036	1.00000	
1029.61059	-613.00424	378.21331	0.01472	0.02719	89.99409	0.09816	0.00010	1.00000	0.00026	-1.00000	0.00010	0.00047	0.00047	-0.00026	1.00000	
1030.18288	-612.76273	378.14836	0.01883	0.02317	90.00820	0.12035	-0.00014	1.00000	0.00033	-1.00000	-0.00014	0.00040	0.00040	-0.00033	1.00000	
1030.34294	-612.62146	377.81814	0.02450	0.03091	90.01420	0.11272	-0.00025	1.00000	0.00043	-1.00000	-0.00025	0.00054	0.00054	-0.00043	1.00000	
1030.99076	-612.33794	377.65562	0.03096	0.02403	90.02937	0.13328	-0.00051	1.00000	0.00054	-1.00000	-0.00051	0.00042	0.00042	-0.00054	1.00000	
1031.20714	-612.09732	377.21755	0.03627	0.04214	90.04039	0.13590	-0.00070	1.00000	0.00063	-1.00000	-0.00071	0.00074	0.00074	-0.00063	1.00000	
1030.06312	-612.69076	377.98360	0.01589	0.04390	90.01199	0.13298	-0.00021	1.00000	0.00028	-1.00000	-0.00021	0.00077	0.00077	-0.00028	1.00000	
1030.35832	-612.42231	377.45194	0.03192	0.03272	90.01768	0.15975	-0.00031	1.00000	0.00056	-1.00000	-0.00031	0.00057	0.00057	-0.00056	1.00000	
1030.19395	-612.60647	377.99597	0.01806	0.03043	90.01347	0.15195	-0.00024	1.00000	0.00032	-1.00000	-0.00024	0.00053	0.00053	-0.00032	1.00000	
1030.26298	-612.58691	377.99040	0.01880	0.02745	90.01447	0.15185	-0.00025	1.00000	0.00033	-1.00000	-0.00025	0.00048	0.00048	-0.00033	1.00000	
1030.14359	-612.60811	377.88616	0.01907	0.03100	90.01214	0.15548	-0.00021	1.00000	0.00033	-1.00000	-0.00021	0.00054	0.00054	-0.00033	1.00000	
1031.68950	-611.92641	377.21596	0.03727	0.02682	90.05093	0.15237	-0.00089	1.00000	0.00065	-1.00000	-0.00089	0.00047	0.00047	-0.00065	1.00000	
1031.13167	-612.11642	377.42094	0.02921	0.03637	90.03852	0.16318	-0.00067	1.00000	0.00051	-1.00000	-0.00067	0.00063	0.00063	-0.00051	1.00000	
1030.72395	-612.27560	377.44684	0.03053	0.03168	90.02625	0.14692	-0.00046	1.00000	0.00053	-1.00000	-0.00046	0.00055	0.00055	-0.00053	1.00000	
1030.43292	-612.22229	377.09438	0.03923	0.03245	90.02105	0.16141	-0.00037	1.00000	0.00068	-1.00000	-0.00037	0.00057	0.00057	-0.00068	1.00000	
1031.18563	-612.00435	377.16981	0.03786	0.03100	90.03899	0.16245	-0.00068	1.00000	0.00066	-1.00000	-0.00068	0.00054	0.00054	-0.00066	1.00000	
1031.05027	-611.98069	376.98772	0.04204	0.03469	90.03587	0.14911	-0.00063	1.00000	0.00073	-1.00000	-0.00063	0.00060	0.00061	-0.00073	1.00000	
1030.98004	-612.10152	377.54585	0.02894	0.02989	90.03504	0.17411	-0.00061	1.00000	0.00051	-1.00000	-0.00061	0.00052	0.00052	-0.00051	1.00000	
1031.09055	-612.02389	377.22449	0.04062	0.01967	90.03413	0.13046	-0.00060	1.00000	0.00071	-1.00000	-0.00060	0.00034	0.00034	-0.00071	1.00000	
1030.67488	-612.19421	377.44344	0.03149	0.03128	90.02705	0.14620	-0.00047	1.00000	0.00055	-1.00000	-0.00047	0.00055	0.00055	-0.00055	1.00000	
1031.40306	-611.91691	377.47082	0.03727	0.01364	90.04257	0.14417	-0.00074	1.00000	0.00065	-1.00000	-0.00074	0.00024	0.00024	-0.00065	1.00000	
1030.84767	-612.17315	377.67081	0.02855	0.02270	90.02970	0.13165	-0.00052	1.00000	0.00050	-1.00000	-0.00052	0.00040	0.00040	-0.00050	1.00000	
1030.65323	-612.25348	377.64079	0.02794	0.02640	90.02676	0.18113	-0.00047	1.00000	0.00049	-1.00000	-0.00047	0.00046	0.00046	-0.00049	1.00000	
1030.58930	-612.20313	377.47045	0.03234	0.02877	90.02489	0.17930	-0.00043	1.00000	0.00056	-1.00000	-0.00043	0.00050	0.00050	-0.00056	1.00000	
1031.27220	-611.96739	377.44951	0.03562	0.02105	90.04030	0.15451	-0.00070	1.00000	0.00062	-1.00000	-0.00070	0.00037	0.00037	-0.00062	1.00000	
1030.70960	-612.17206	377.61444	0.02843	0.02799	90.02934	0.13306	-0.00051	1.00000	0.00050	-1.00000	-0.00051	0.00049	0.00049	-0.00050	1.00000	
1031.11154	-612.14440	378.03099	0.02219	0.01629	90.03664	0.14149	-0.00064	1.00000	0.00039	-1.00000	-0.00064	0.00028	0.00028	-0.00039	1.00000	
1030.41315	-612.33385	378.00447	0.02244	0.01693	90.01868	0.14656	-0.00033	1.00000	0.00039	-1.00000	-0.00033	0.00030	0.00030	-0.00039	1.00000	
1030.66141	-612.17032	377.80232	0.02640	0.01946	90.02579	0.17972	-0.00045	1.00000	0.00046	-1.00000	-0.00045	0.00034	0.00034	-0.00046	1.00000	
1030.73197	-612.11174	377.70897	0.02490	0.03368	90.03123	0.17871	-0.00055	1.00000	0.00043	-1.00000	-0.00055	0.00059	0.00059	-0.00043	1.00000	
1030.89431	-612.05254	377.75353	0.02890	0.01998	90.03293	0.18084	-0.00057	1.00000	0.00050	-1.00000	-0.00057	0.00035	0.00035	-0.00050	1.00000	
1029.99920	-612.25512	377.49010	0.03298	0.03131	90.01231	0.19169	-0.00021	1.00000	0.00058	-1.00000	-0.00022	0.00055	0.00055	-0.00058	1.00000	
1030.53029	-611.94840	376.94898	0.04084	0.05160	90.03064	0.16654	-0.00053	1.00000	0.00071	-1.00000	-0.00054	0.00090	0.00090	-0.00071	1.00000	
1029.92741	-612.48214	378.23597	0.01675	0.02901	90.00805	0.17628	-0.00014	1.00000	0.00029	-1.00000	-0.00014	0.00051	0.00051	-0.00029	1.00000	
1029.94071	-612.48603	378.29970	0.02059	0.01984	90.00685	0.18390	-0.00012	1.00000	0.00036	-1.00000	-0.00012	0.00035	0.00035	-0.00036	1.00000	
1029.77689	-612.55229	378.13062	0.02004	0.03432	90.00430	0.16942	-0.00008	1.00000	0.00035	-1.00000	-0.00008	0.00060	0.00060	-0.00035	1.00000	
1030.71306	-612.09463	377.66468	0.03266	0.02899	90.02677	0.16416	-0.00047	1.00000	0.00057	-1.00000	-0.00047	0.00051	0.00051	-0.00057	1.00000	
1031.57301	-611.84428	377.58927	0.03551	0.02201	90.04568	0.17374	-0.00080	1.00000	0.00062	-1.00000	-0.00080	0.00038	0.00038	-0.00062	1.00000	
1030.44617	-612.22313	377.69717	0.02867	0.03220	90.02119	0.17504	-0.00037	1.00000	0.00050	-1.00000	-0.00037	0.00056	0.00056	-0.00050	1.00000	
1030.72657	-612.19973	377.87046	0.02553	0.02499	90.02547	0.18318	-0.00044	1.00000	0.00045	-1.00000	-0.00044	0.00044	0.00044	-0.00045	1.00000	
1031.37666	-611.97404	377.77794	0.02569	0.02664	90.04403	0.19903	-0.00077	1.00000	0.00045	-1.00000	-0.00077	0.00046	0.00046	-0.00045	1.00000	
1030.66864	-612.22978	377.68524	0.02436	0.03774	90.02774	0.18298	-0.00048	1.00000	0.00043	-1.00000	-0.00048	0.00066	0.00066	-0.00043	1.00000	
1030.20970	-612.46935	378.11111	0.01587	0.03192	90.01509	0.19774	-0.00026	1.00000	0.00028	-1.00000	-0.00026	0.00056	0.00056	-0.00028	1.00000	
1030.92963	-612.28765	378.28063	0.01229	0.02819	90.03293	0.16922	-0.00057	1.00000	0.00021	-1.00000	-0.00057	0.00049	0.00049	-0.00021	1.00000	
1031.33637	-611.88156	377.43180	0.03090	0.03748	90.04674	0.16469	-0.00082	1.00000	0.00054	-1.00000	-0.00082	0.00065	0.00065	-0.00054	1.00000	
1030.91765	-612.02066	377.58779	0.02701	0.03590	90.03821	0.13961	-0.00067	1.00000	0.00047	-1.00000	-0.00067	0.00063	0.00063	-0.00047	1.00000	
1030.15880	-612.35609	377.87569	0.02243	0.03050	90.01659	0.13902	-0.00029	1.00000	0.00039	-1.00000	-0.00029	0.00053	0.00053	-0.00039	1.00000	
1030.78558	-612.16871	378.08325	0.01613	0.03332	90.03497	0.13952	-0.00061	1.00000	0.00028	-1.00000	-0.00061	0.00058	0.00058	-0.00028	1.00000	
1031.04252	-611.99989	377.78170	0.02303	0.03564	90.04195	0.15239	-0.00073	1.00000	0.00040	-1.00000	-0.00073	0.00062	0.00062	-0.00040	1.00000	
1031.32470	-611.87170	377.61862	0.02506	0.04162	90.05109	0.13672	-0.00089	1.00000	0.00044	-1.00000	-0.00089	0.00073	0.00073	-0.00044	1.00000	
1031.30038	-611.90720	377.73166	0.02382	0.03810	90.04967	0.14086	-0.00087	1.00000	0.00042	-1.00000	-0.00087	0.00066	0.00066	-0.00042	1.00000	
1030.90358	-612.17140	378.37634	0.00895	0.03450	90.04018	0.13352	-0.00070	1.00000	0.00016	-1.00000	-0.00070	0.00060	0.00060	-0.00016	1.00000	
1030.83582	-612.22711	378.60262	0.00579	0.03060	90.03847	0.13841	-0.00067	1.00000	0.00010	-1.00000	-0.00067	0.00053	0.00053	-0.00010	1.00000	
1029.47224	-612.73371	378.91947	-0.00997	0.05330	90.01122	0.13977	-0.00020	1.00000	-0.00017	-1.00000	-0.00020	0.00093	0.00093	0.00017	1.00000	
1031.27494	-612.10040	378.87760	-0.00373	0.04087	90.05357	0.15829	-0.00094	1.00000	-0.00006	-1.00000	-0.00093	0.00071	0.00071	0.00007	1.00000	
1031.04286	-612.06603	378.49295	0.00388	0.04500	90.04940	0.11032	-0.00086	1.00000	0.00007	-1.00000	-0.00086	0.00079	0.00079	-0.00007	1.00000	
1030.56973	-612.09544	378.20371	0.00849	0.05090	90.03907	0.13147	-0.00068	1.00000	0.00015	-1.00000	-0.00068	0.00089	0.00089	-0.00015	1.00000	
1031.11648	-611.85200	378.18555	0.01341	0.03570	90.05086	0.11202	-0.00089	1.00000	0.00023	-1.00000	-0.00089	0.00062	0.00062	-0.00023	1.00000	
1031.19045	-611.88971	378.45502	0.01201	0.01921	90.04800	0.12802	-0.00084	1.00000	0.00021	-1.00000	-0.00084	0.00034	0.00034	-0.00021	1.00000	
1031.15457	-611.97911	378.86909	0.00302	0.01422	90.04744	0.11933	-0.00083	1.00000	0.00005	-1.00000	-0.00083	0.00025	0.00025	-0.00005	1.00000	
1031.69126	-611.72650	378.47499	0.01264	0.01368	90.06056	0.12664	-0.00106	1.00000	0.00022	-1.00000	-0.00106	0.00024	0.00024	-0.00022	1.00000	
1031.27524	-611.78488	378.24788	0.01873	0.01133	90.05125	0.10043	-0.00089	1.00000	0.00033	-1.00000	-0.00089	0.00020	0.00020	-0.00033	1.00000	
1031.05134	-611.95618	378.69810	0.00795	0.00819	90.04510	0.10660	-0.00079	1.00000	0.00014	-1.00000	-0.00079	0.00014	0.00014	-0.00014	1.00000	
1030.87161	-611.98737	378.44270	0.01722	0.00078	90.03897	0.11830	-0.00068	1.00000	0.00030	-1.00000	-0.00068	0.00001	0.00001	-0.00030	1.00000	
1030.73532	-612.09222	378.69502	0.00767	0.00783	90.03825	0.11868	-0.00067	1.00000	0.00013	-1.00000	-0.00067	0.00014	0.00014	-0.00013	1.00000	
1030.63145	-612.08241	378.63836	0.01230	-0.00097	90.03523	0.12636	-0.00061	1.00000	0.00021	-1.00000	-0.00061	-0.00002	-0.00002	-0.00021	1.00000	
1030.61472	-612.07502	378.68961	0.00927	0.00450	90.03499	0.14694	-0.00061	1.00000	0.00016	-1.00000	-0.00061	0.00008	0.00008	-0.00016	1.00000	
1030.85149	-612.07196	378.99118	0.00507	-0.00615	90.03970	0.11209	-0.00069	1.00000	0.00009	-1.00000	-0.00069	-0.00011	-0.00011	-0.00009	1.00000	
1030.43151	-612.20724	379.03166	-0.00079	0.00766	90.03172	0.15301	-0.00055	1.00000	-0.00001	-1.00000	-0.00055	0.00013	0.00013	0.00001	1.00000	
1031.33650	-611.95421	379.12171	0.00320	-0.00914	90.05042	0.14201	-0.00088	1.00000	0.00006	-1.00000	-0.00088	-0.00016	-0.00016	-0.00006	1.00000	
1030.55757	-612.23560	379.11766	0.00151	-0.00457	90.03106	0.15081	-0.00054	1.00000	0.00003	-1.00000	-0.00054	-0.00008	-0.00008	-0.00003	1.00000	
1030.80861	-612.04139	378.79796	0.00976	-0.00522	90.03919	0.14040	-0.00068	1.00000	0.00017	-1.00000	-0.00068	-0.00009	-0.00009	-0.00017	1.00000	
1030.34658	-612.17607	378.70442	0.00932	0.00107	90.02728	0.16489	-0.00048	1.00000	0.00016	-1.00000	-0.00048	0.00002	0.00002	-0.00016	1.00000	
1030.62637	-612.14296	379.30537	-0.00067	-0.00822	90.03328	0.14021	-0.00058	1.00000	-0.00001	-1.00000	-0.00058	-0.00014	-0.00014	0.00001	1.00000	
1030.43570	-612.05937	378.57834	0.01292	0.00189	90.03072	0.15536	-0.00054	1.00000	0.00023	-1.00000	-0.00054	0.00003	0.00003	-0.00023	1.00000	
1030.35949	-612.15684	378.90951	0.00271	0.00826	90.02991	0.16896	-0.00052	1.00000	0.00005	-1.00000	-0.00052	0.00014	0.00014	-0.00005	1.00000	
1029.58342	-612.48049	379.30278	-0.01007	0.01475	90.01285	0.19079	-0.00022	1.00000	-0.00018	-1.00000	-0.00022	0.00026	0.00026	0.00018	1.00000	
1030.08838	-612.29735	379.00699	-0.00459	0.01893	90.02629	0.17716	-0.00046	1.00000	-0.00008	-1.00000	-0.00046	0.00033	0.00033	0.00008	1.00000	
1029.31060	-612.59281	379.31160	-0.01597	0.02643	90.01053	0.19791	-0.00018	1.00000	-0.00028	-1.00000	-0.00018	0.00046	0.00046	0.00028	1.00000	
1030.03900	-612.13352	378.50006	0.00257	0.02793	90.03013	0.18905	-0.00053	1.00000	0.00005	-1.00000	-0.00053	0.00049	0.00049	-0.00004	1.00000	
1030.41465	-612.14047	378.88081	-0.00512	0.01860	90.03663	0.16838	-0.00064	1.00000	-0.00009	-1.00000	-0.00064	0.00032	0.00032	0.00009	1.00000	
1030.42423	-612.32402	379.47638	-0.01941	0.01416	90.03529	0.16155	-0.00062	1.00000	-0.00034	-1.00000	-0.00062	0.00025	0.00025	0.00034	1.00000	
1030.02301	-612.52123	379.60290	-0.02243	0.01261	90.02431	0.17031	-0.00042	1.00000	-0.00039	-1.00000	-0.00042	0.00022	0.00022	0.00039	1.00000	
1029.67248	-612.45738	379.18735	-0.01662	0.02866	90.02122	0.17328	-0.00037	1.00000	-0.00029	-1.00000	-0.00037	0.00050	0.00050	0.00029	1.00000	
1029.36891	-612.50121	378.99384	-0.01459	0.03334	90.01527	0.16696	-0.00027	1.00000	-0.00025	-1.00000	-0.00027	0.00058	0.00058	0.00025	1.00000	
1029.09376	-612.49647	378.57857	-0.00472	0.03376	90.00703	0.18161	-0.00012	1.00000	-0.00008	-1.00000	-0.00012	0.00059	0.00059	0.00008	1.00000	
1029.44154	-612.43239	378.77383	-0.01183	0.04099	90.01797	0.18149	-0.00031	1.00000	-0.00021	-1.00000	-0.00031	0.00072	0.00072	0.00021	1.00000	
1028.85328	-612.62420	379.06810	-0.01556	0.03472	90.00311	0.18987	-0.00005	1.00000	-0.00027	-1.00000	-0.00005	0.00061	0.00061	0.00027	1.00000	
1028.76706	-612.60642	379.09289	-0.01714	0.03746	90.00228	0.17591	-0.00004	1.00000	-0.00030	-1.00000	-0.00004	0.00065	0.00065	0.00030	1.00000	
1029.26832	-612.37259	378.82970	-0.00901	0.03817	90.01463	0.18402	-0.00026	1.00000	-0.00016	-1.00000	-0.00026	0.00067	0.00067	0.00016	1.00000	
1028.88078	-612.48461	378.90475	-0.00468	0.02553	90.00231	0.17230	-0.00004	1.00000	-0.00008	-1.00000	-0.00004	0.00045	0.00045	0.00008	1.00000	
1028.49313	-612.71509	379.49695	-0.01862	0.02551	89.99362	0.17811	0.00011	1.00000	-0.00032	-1.00000	0.00011	0.00045	0.00045	0.00032	1.00000	
1028.41750	-612.69692	379.42859	-0.01673	0.02668	89.99266	0.13443	0.00013	1.00000	-0.00029	-1.00000	0.00013	0.00047	0.00047	0.00029	1.00000	
1029.26803	-612.41689	379.55850	-0.01288	0.00522	90.00892	0.17401	-0.00016	1.00000	-0.00022	-1.00000	-0.00016	0.00009	0.00009	0.00022	1.00000	
1028.39333	-612.60868	379.43329	-0.01515	0.02376	89.99339	0.12999	0.00012	1.00000	-0.00026	-1.00000	0.00012	0.00041	0.00041	0.00026	1.00000	
1028.54881	-612.65543	379.91343	-0.02187	0.00925	89.99422	0.13922	0.00010	1.00000	-0.00038	-1.00000	0.00010	0.00016	0.00016	0.00038	1.00000	
1028.18261	-612.78019	379.98165	-0.02404	0.00938	89.98557	0.13190	0.00025	1.00000	-0.00042	-1.00000	0.00025	0.00016	0.00016	0.00042	1.00000	
1027.60426	-613.04231	380.29958	-0.03366	0.01332	89.97269	0.13079	0.00048	1.00000	-0.00059	-1.00000	0.00048	0.00023	0.00023	0.00059	1.00000	
1027.77808	-612.85520	379.85826	-0.02440	0.02272	89.97952	0.13628	0.00036	1.00000	-0.00043	-1.00000	0.00036	0.00040	0.00040	0.00043	1.00000	
1027.76505	-612.89483	379.96634	-0.02655	0.02068	89.97894	0.14586	0.00037	1.00000	-0.00046	-1.00000	0.00037	0.00036	0.00036	0.00046	1.00000	
1028.17496	-612.60922	379.44197	-0.01100	0.01432	89.98719	0.12359	0.00022	1.00000	-0.00019	-1.00000	0.00022	0.00025	0.00025	0.00019	1.00000	
1028.25303	-612.76103	380.07017	-0.02758	0.01598	89.98864	0.11440	0.00020	1.00000	-0.00048	-1.00000	0.00020	0.00028	0.00028	0.00048	1.00000	
1028.81000	-612.48147	379.58723	-0.01044	0.00328	89.99981	0.14219	0.00000	1.00000	-0.00018	-1.00000	0.00000	0.00006	0.00006	0.00018	1.00000	
1028.21933	-612.66486	379.47781	-0.01068	0.01137	89.98580	0.15075	0.00025	1.00000	-0.00019	-1.00000	0.00025	0.00020	0.00020	0.00019	1.00000	
1028.79932	-612.38437	379.21024	-0.00461	0.01104	90.00085	0.14528	-0.00001	1.00000	-0.00008	-1.00000	-0.00001	0.00019	0.00019	0.00008	1.00000	
1029.60136	-612.19699	379.35441	-0.01156	0.01623	90.02074	0.16855	-0.00036	1.00000	-0.00020	-1.00000	-0.00036	0.00028	0.00028	0.00020	1.00000	
1029.06167	-612.27613	379.17255	-0.01048	0.02722	90.01051	0.13941	-0.00018	1.00000	-0.00018	-1.00000	-0.00018	0.00048	0.00048	0.00018	1.00000	
1028.26438	-612.73408	379.81395	-0.02754	0.03183	89.99134	0.14440	0.00015	1.00000	-0.00048	-1.00000	0.00015	0.00056	0.00056	0.00048	1.00000	
1028.21240	-612.54599	379.30374	-0.01608	0.03493	89.99191	0.12233	0.00014	1.00000	-0.00028	-1.00000	0.00014	0.00061	0.00061	0.00028	1.00000	
1028.18511	-612.56257	379.34127	-0.01810	0.03736	89.99159	0.11150	0.00015	1.00000	-0.00032	-1.00000	0.00015	0.00065	0.00065	0.00032	1.00000	
1028.10638	-612.41327	378.71342	-0.00335	0.03965	89.99100	0.14497	0.00016	1.00000	-0.00006	-1.00000	0.00016	0.00069	0.00069	0.00006	1.00000	
1027.86030	-612.50416	378.89474	-0.00990	0.04404	89.98537	0.17402	0.00026	1.00000	-0.00017	-1.00000	0.00026	0.00077	0.00077	0.00017	1.00000	
1028.00769	-612.40335	378.85930	-0.00759	0.03933	89.98898	0.14863	0.00019	1.00000	-0.00013	-1.00000	0.00019	0.00069	0.00069	0.00013	1.00000	
1027.19587	-612.76241	379.25513	-0.01541	0.03259	89.96738	0.16898	0.00057	1.00000	-0.00027	-1.00000	0.00057	0.00057	0.00057	0.00027	1.00000	
1027.85981	-612.47777	379.20308	-0.01183	0.02685	89.98217	0.16136	0.00031	1.00000	-0.00021	-1.00000	0.00031	0.00047	0.00047	0.00021	1.00000	
1027.57845	-612.67453	379.62658	-0.01907	0.01684	89.97368	0.13082	0.00046	1.00000	-0.00033	-1.00000	0.00046	0.00029	0.00029	0.00033	1.00000	
1028.34865	-612.40795	379.83557	-0.02097	0.00681	89.99250	0.15574	0.00013	1.00000	-0.00037	-1.00000	0.00013	0.00012	0.00012	0.00037	1.00000	
1028.62785	-612.28077	379.91527	-0.02640	0.01862	90.00191	0.18618	-0.00003	1.00000	-0.00046	-1.00000	-0.00003	0.00033	0.00033	0.00046	1.00000	
1029.23565	-612.11552	380.17325	-0.03059	0.01468	90.01711	0.19410	-0.00030	1.00000	-0.00053	-1.00000	-0.00030	0.00026	0.00026	0.00053	1.00000	
1029.06186	-612.17557	380.05186	-0.03045	0.01979	90.01338	0.19092	-0.00023	1.00000	-0.00053	-1.00000	-0.00023	0.00035	0.00035	0.00053	1.00000	
1028.26764	-612.44226	380.12913	-0.03241	0.02530	89.99300	0.17697	0.00012	1.00000	-0.00057	-1.00000	0.00012	0.00044	0.00044	0.00057	1.00000	
1029.04611	-612.14913	379.83788	-0.03025	0.03833	90.01625	0.19802	-0.00028	1.00000	-0.00053	-1.00000	-0.00028	0.00067	0.00067	0.00053	1.00000	
1029.13205	-612.26801	380.37819	-0.04043	0.02892	90.01654	0.17440	-0.00029	1.00000	-0.00071	-1.00000	-0.00029	0.00050	0.00050	0.00071	1.00000	
1028.16321	-612.62148	380.57039	-0.04208	0.02118	89.99078	0.19283	0.00016	1.00000	-0.00073	-1.00000	0.00016	0.00037	0.00037	0.00073	1.00000	
1028.33987	-612.60633	381.00747	-0.04978	0.01254	89.99475	0.19504	0.00009	1.00000	-0.00087	-1.00000	0.00009	0.00022	0.00022	0.00087	1.00000	
1027.58772	-612.89436	381.20803	-0.05415	0.01124	89.97626	0.19172	0.00041	1.00000	-0.00095	-1.00000	0.00041	0.00020	0.00020	0.00095	1.00000	
1028.48460	-612.57047	381.09131	-0.04701	-0.00299	89.99541	0.19386	0.00008	1.00000	-0.00082	-1.00000	0.00008	-0.00005	-0.00005	0.00082	1.00000	
1028.89525	-612.40493	381.00084	-0.04308	-0.00335	90.00634	0.17987	-0.00011	1.00000	-0.00075	-1.00000	-0.00011	-0.00006	-0.00006	0.00075	1.00000	
1028.96442	-612.25254	380.33477	-0.03133	0.00955	90.00995	0.20184	-0.00017	1.00000	-0.00055	-1.00000	-0.00017	0.00017	0.00017	0.00055	1.00000	
1028.80854	-612.41422	380.55567	-0.03480	0.00419	90.00406	0.18803	-0.00007	1.00000	-0.00061	-1.00000	-0.00007	0.00007	0.00007	0.00061	1.00000	
1028.87055	-612.44364	380.40387	-0.03321	0.01340	90.00636	0.19883	-0.00011	1.00000	-0.00058	-1.00000	-0.00011	0.00023	0.00023	0.00058	1.00000	
1029.27089	-612.36829	380.57025	-0.03797	0.01432	90.01582	0.21064	-0.00028	1.00000	-0.00066	-1.00000	-0.00028	0.00025	0.00025	0.00066	1.00000	
1029.95765	-612.11595	380.43409	-0.03325	0.01108	90.03158	0.20717	-0.00055	1.00000	-0.00058	-1.00000	-0.00055	0.00019	0.00019	0.00058	1.00000	
1029.39286	-612.37009	380.39003	-0.02944	0.00240	90.01368	0.19515	-0.00024	1.00000	-0.00051	-1.00000	-0.00024	0.00004	0.00004	0.00051	1.00000	
1030.71250	-611.68977	379.59386	-0.00931	0.00553	90.05040	0.22257	-0.00088	1.00000	-0.00016	-1.00000	-0.00088	0.00010	0.00010	0.00016	1.00000	
1030.13621	-611.91627	379.71254	-0.01124	0.00450	90.03430	0.23480	-0.00060	1.00000	-0.00020	-1.00000	-0.00060	0.00008	0.00008	0.00020	1.00000	
1029.42602	-612.05781	379.48673	-0.00995	0.01802	90.02119	0.24169	-0.00037	1.00000	-0.00017	-1.00000	-0.00037	0.00031	0.00031	0.00017	1.00000	
1029.19686	-612.10706	379.70655	-0.01940	0.02963	90.01913	0.26932	-0.00033	1.00000	-0.00034	-1.00000	-0.00033	0.00052	0.00052	0.00034	1.00000	
1029.49440	-611.94101	379.39884	-0.00938	0.02194	90.02518	0.22723	-0.00044	1.00000	-0.00016	-1.00000	-0.00044	0.00038	0.00038	0.00016	1.00000	
1029.03633	-612.16742	379.66744	-0.01427	0.01445	90.01301	0.22673	-0.00023	1.00000	-0.00025	-1.00000	-0.00023	0.00025	0.00025	0.00025	1.00000	
1028.68107	-612.48018	380.43469	-0.02958	-0.00395	89.99941	0.23852	0.00001	1.00000	-0.00052	-1.00000	0.00001	-0.00007	-0.00007	0.00052	1.00000	
1028.35099	-612.51877	380.41545	-0.03523	0.01159	89.99615	0.22234	0.00007	1.00000	-0.00061	-1.00000	0.00007	0.00020	0.00020	0.00061	1.00000	
1028.50400	-612.39510	380.11925	-0.02828	0.01135	89.99990	0.22386	0.00000	1.00000	-0.00049	-1.00000	0.00000	0.00020	0.00020	0.00049	1.00000	
1028.66124	-612.33840	380.36562	-0.03283	0.00264	90.00253	0.23632	-0.00004	1.00000	-0.00057	-1.00000	-0.00004	0.00005	0.00005	0.00057	1.00000	
1029.19926	-612.13532	380.21835	-0.03110	0.01124	90.01969	0.19516	-0.00034	1.00000	-0.00054	-1.00000	-0.00034	0.00020	0.00020	0.00054	1.00000	
1028.36819	-612.41241	380.47553	-0.04149	0.02014	90.00192	0.24509	-0.00003	1.00000	-0.00072	-1.00000	-0.00003	0.00035	0.00035	0.00072	1.00000	
1027.74598	-612.64293	380.72356	-0.04487	0.01199	89.98359	0.24743	0.00029	1.00000	-0.00078	-1.00000	0.00029	0.00021	0.00021	0.00078	1.00000	
1027.33962	-612.86260	380.95762	-0.05033	0.01031	89.97392	0.25299	0.00046	1.00000	-0.00088	-1.00000	0.00046	0.00018	0.00018	0.00088	1.00000	
1026.72518	-613.09408	381.25715	-0.05856	0.01223	89.95786	0.25914	0.00074	1.00000	-0.00102	-1.00000	0.00074	0.00021	0.00021	0.00102	1.00000	
1027.34096	-613.02303	381.67357	-0.06394	-0.00353	89.96907	0.22406	0.00054	1.00000	-0.00112	-1.00000	0.00054	-0.00006	-0.00006	0.00112	1.00000	
1027.11790	-613.18153	382.10071	-0.06916	-0.01854	89.95847	0.23857	0.00072	1.00000	-0.00121	-1.00000	0.00072	-0.00032	-0.00032	0.00121	1.00000	
1026.60790	-613.14673	381.54746	-0.06304	0.00606	89.95229	0.22935	0.00083	1.00000	-0.00110	-1.00000	0.00083	0.00010	0.00011	0.00110	1.00000	
1026.34313	-613.24593	381.65356	-0.06355	-0.00155	89.94419	0.24795	0.00097	1.00000	-0.00111	-1.00000	0.00097	-0.00003	-0.00003	0.00111	1.00000	
1026.59438	-613.18035	381.71115	-0.06522	0.00031	89.95145	0.21959	0.00085	1.00000	-0.00114	-1.00000	0.00085	0.00000	0.00001	0.00114	1.00000	
1027.15684	-612.92226	381.38547	-0.05483	-0.00488	89.96370	0.22008	0.00063	1.00000	-0.00096	-1.00000	0.00063	-0.00009	-0.00009	0.00096	1.00000	
1027.56597	-612.59001	380.67445	-0.03998	0.00354	89.97725	0.20079	0.00040	1.00000	-0.00070	-1.00000	0.00040	0.00006	0.00006	0.00070	1.00000	
1026.84932	-613.00498	381.30380	-0.05654	0.00938	89.96019	0.23371	0.00069	1.00000	-0.00099	-1.00000	0.00070	0.00016	0.00016	0.00099	1.00000	
1027.33011	-612.73296	380.76677	-0.03859	-0.00216	89.96944	0.25006	0.00053	1.00000	-0.00067	-1.00000	0.00053	-0.00004	-0.00004	0.00067	1.00000	
1027.96687	-612.57988	380.92249	-0.04816	0.01548	89.98811	0.23362	0.00021	1.00000	-0.00084	-1.00000	0.00021	0.00027	0.00027	0.00084	1.00000	
1027.49715	-612.79304	381.10122	-0.05200	0.01542	89.97697	0.22026	0.00040	1.00000	-0.00091	-1.00000	0.00040	0.00027	0.00027	0.00091	1.00000	
1027.72576	-612.68226	381.06786	-0.04570	0.00173	89.97841	0.24832	0.00038	1.00000	-0.00080	-1.00000	0.00038	0.00003	0.00003	0.00080	1.00000	
1027.30696	-612.69682	380.84848	-0.04072	0.00422	89.97003	0.24597	0.00052	1.00000	-0.00071	-1.00000	0.00052	0.00007	0.00007	0.00071	1.00000	
1027.62745	-612.48860	380.78022	-0.04421	0.01634	89.98316	0.17138	0.00029	1.00000	-0.00077	-1.00000	0.00029	0.00028	0.00029	0.00077	1.00000	
1027.52231	-612.37898	380.47619	-0.03815	0.02019	89.98295	0.16786	0.00030	1.00000	-0.00067	-1.00000	0.00030	0.00035	0.00035	0.00067	1.00000	
1026.57166	-612.68339	380.71340	-0.04222	0.01125	89.95865	0.23230	0.00072	1.00000	-0.00074	-1.00000	0.00072	0.00020	0.00020	0.00074	1.00000	
1026.17933	-612.87931	381.12528	-0.05075	-0.00073	89.94724	0.20974	0.00092	1.00000	-0.00089	-1.00000	0.00092	-0.00001	-0.00001	0.00089	1.00000	
1025.92426	-612.80401	380.72513	-0.04440	0.00838	89.94484	0.20417	0.00096	1.00000	-0.00078	-1.00000	0.00096	0.00015	0.00015	0.00077	1.00000	
1025.93181	-612.65285	380.38539	-0.03972	0.01598	89.94818	0.18912	0.00090	1.00000	-0.00069	-1.00000	0.00090	0.00028	0.00028	0.00069	1.00000	
1025.84533	-612.80646	380.76923	-0.05157	0.01954	89.94601	0.21589	0.00094	1.00000	-0.00090	-1.00000	0.00094	0.00034	0.00034	0.00090	1.00000	
1025.80028	-612.67440	380.42215	-0.03870	0.01154	89.94398	0.21979	0.00098	1.00000	-0.00068	-1.00000	0.00098	0.00020	0.00020	0.00068	1.00000	
1026.76482	-612.45102	380.60151	-0.04032	0.00368	89.96597	0.19118	0.00059	1.00000	-0.00070	-1.00000	0.00059	0.00006	0.00006	0.00070	1.00000	
1026.81852	-612.41240	380.60004	-0.04089	0.00867	89.96819	0.18067	0.00056	1.00000	-0.00071	-1.00000	0.00056	0.00015	0.00015	0.00071	1.00000	
1027.09825	-612.25885	380.23964	-0.02830	0.00039	89.97190	0.21749	0.00049	1.00000	-0.00049	-1.00000	0.00049	0.00001	0.00001	0.00049	1.00000	
1026.73617	-612.46810	380.61214	-0.04061	0.01003	89.96658	0.19461	0.00058	1.00000	-0.00071	-1.00000	0.00058	0.00017	0.00018	0.00071	1.00000	
1026.24745	-612.79349	381.30031	-0.05211	-0.01101	89.94890	0.19216	0.00089	1.00000	-0.00091	-1.00000	0.00089	-0.00019	-0.00019	0.00091	1.00000	
1025.88220	-612.95862	381.55969	-0.05908	-0.00862	89.94088	0.20270	0.00103	1.00000	-0.00103	-1.00000	0.00103	-0.00015	-0.00015	0.00103	1.00000	
1026.43061	-612.59837	380.98230	-0.04718	0.00214	89.95840	0.21169	0.00073	1.00000	-0.00082	-1.00000	0.00073	0.00004	0.00004	0.00082	1.00000	
1025.91323	-612.84194	381.31388	-0.05679	0.00440	89.94646	0.19846	0.00093	1.00000	-0.00099	-1.00000	0.00093	0.00008	0.00008	0.00099	1.00000	
1025.48476	-612.95105	381.25003	-0.05581	0.00456	89.93604	0.19870	0.00112	1.00000	-0.00097	-1.00000	0.00112	0.00008	0.00008	0.00097	1.00000	
1025.34278	-612.99441	381.25807	-0.05928	0.01562	89.93525	0.21984	0.00113	1.00000	-0.00103	-1.00000	0.00113	0.00027	0.00027	0.00103	1.00000	
1025.02545	-613.03620	381.26210	-0.06417	0.02930	89.93229	0.19600	0.00118	1.00000	-0.00112	-1.00000	0.00118	0.00051	0.00051	0.00112	1.00000	
1024.47229	-613.24373	381.49563	-0.07072	0.03256	89.91908	0.20301	0.00141	1.00000	-0.00124	-1.00000	0.00141	0.00057	0.00057	0.00123	1.00000	
1025.26384	-612.83612	380.99412	-0.06074	0.03895	89.94154	0.21432	0.00102	1.00000	-0.00106	-1.00000	0.00102	0.00068	0.00068	0.00106	1.00000	
1023.88100	-613.36784	381.22079	-0.06719	0.04141	89.90764	0.20647	0.00161	1.00000	-0.00117	-1.00000	0.00161	0.00072	0.00072	0.00117	1.00000	
1023.55869	-613.54974	381.65216	-0.07759	0.03844	89.89983	0.20573	0.00175	1.00000	-0.00136	-1.00000	0.00175	0.00067	0.00067	0.00135	1.00000	
1024.58461	-613.13973	381.51875	-0.06875	0.02341	89.92385	0.21221	0.00133	1.00000	-0.00120	-1.00000	0.00133	0.00041	0.00041	0.00120	1.00000	
1024.35130	-613.24853	381.54747	-0.07074	0.02533	89.91925	0.19710	0.00141	1.00000	-0.00124	-1.00000	0.00141	0.00044	0.00044	0.00123	1.00000	
1023.58844	-613.44671	381.20966	-0.06359	0.03112	89.90153	0.17327	0.00172	1.00000	-0.00111	-1.00000	0.00172	0.00054	0.00054	0.00111	1.00000	
1024.04047	-613.42766	381.77298	-0.06975	0.00664	89.90593	0.18610	0.00164	1.00000	-0.00122	-1.00000	0.00164	0.00011	0.00012	0.00122	1.00000	
1023.59808	-613.54820	381.55597	-0.06695	0.01550	89.89692	0.19357	0.00180	1.00000	-0.00117	-1.00000	0.00180	0.00027	0.00027	0.00117	1.00000	
1023.46282	-613.63300	381.75220	-0.07507	0.02543	89.89563	0.21118	0.00182	1.00000	-0.00131	-1.00000	0.00182	0.00044	0.00044	0.00131	1.00000	
1023.60582	-613.63237	381.89826	-0.07594	0.01688	89.89587	0.22065	0.00182	1.00000	-0.00133	-1.00000	0.00182	0.00029	0.00029	0.00133	1.00000	
1023.34874	-613.74805	381.97123	-0.07782	0.01586	89.88779	0.25541	0.00196	1.00000	-0.00136	-1.00000	0.00196	0.00027	0.00028	0.00136	1.00000	
1022.85460	-614.10172	382.87750	-0.09734	0.00475	89.87322	0.23855	0.00221	1.00000	-0.00170	-1.00000	0.00221	0.00008	0.00008	0.00170	1.00000	
1023.91134	-613.67678	382.43577	-0.08242	-0.00696	89.89572	0.25566	0.00182	1.00000	-0.00144	-1.00000	0.00182	-0.00012	-0.00012	0.00144	1.00000	
1024.45635	-613.24971	381.76171	-0.06819	0.00150	89.91153	0.26337	0.00154	1.00000	-0.00119	-1.00000	0.00154	0.00002	0.00003	0.00119	1.00000	
1024.21320	-613.35357	381.84875	-0.07113	0.00055	89.90617	0.21040	0.00164	1.00000	-0.00124	-1.00000	0.00164	0.00001	0.00001	0.00124	1.00000	
1023.42776	-613.58467	381.82196	-0.07026	-0.00061	89.88626	0.25650	0.00199	1.00000	-0.00123	-1.00000	0.00199	-0.00001	-0.00001	0.00123	1.00000	
1023.49441	-613.53610	381.67876	-0.06807	0.00442	89.88828	0.22481	0.00195	1.00000	-0.00119	-1.00000	0.00195	0.00007	0.00008	0.00119	1.00000	
1023.55201	-613.55514	381.95376	-0.07682	0.01015	89.89134	0.24454	0.00190	1.00000	-0.00134	-1.00000	0.00190	0.00017	0.00018	0.00134	1.00000	
1024.28189	-613.20583	381.65909	-0.06994	0.01208	89.91061	0.22348	0.00156	1.00000	-0.00122	-1.00000	0.00156	0.00021	0.00021	0.00122	1.00000	
1024.48739	-613.09796	381.37289	-0.05829	0.00432	89.91322	0.27293	0.00151	1.00000	-0.00102	-1.00000	0.00151	0.00007	0.00008	0.00102	1.00000	
1023.87476	-613.43060	381.81031	-0.06413	-0.01305	89.89353	0.24474	0.00186	1.00000	-0.00112	-1.00000	0.00186	-0.00023	-0.00023	0.00112	1.00000	
1024.58981	-613.17357	381.74840	-0.06681	0.00058	89.91531	0.19500	0.00148	1.00000	-0.00117	-1.00000	0.00148	0.00001	0.00001	0.00117	1.00000	
1025.07323	-612.89474	381.32870	-0.05143	-0.01109	89.92460	0.26833	0.00132	1.00000	-0.00090	-1.00000	0.00132	-0.00019	-0.00019	0.00090	1.00000	
1025.13827	-612.84829	381.50524	-0.05870	-0.00314	89.92967	0.21953	0.00123	1.00000	-0.00102	-1.00000	0.00123	-0.00006	-0.00005	0.00102	1.00000	
1025.79736	-612.63100	381.39816	-0.05481	-0.00251	89.94721	0.22070	0.00092	1.00000	-0.00096	-1.00000	0.00092	-0.00004	-0.00004	0.00096	1.00000	
1025.52928	-612.87234	381.78940	-0.06577	-0.00237	89.93915	0.18249	0.00106	1.00000	-0.00115	-1.00000	0.00106	-0.00004	-0.00004	0.00115	1.00000	
1025.76988	-612.59963	381.07876	-0.04356	-0.01253	89.94263	0.16485	0.00100	1.00000	-0.00076	-1.00000	0.00100	-0.00022	-0.00022	0.00076	1.00000	
1025.95407	-612.74999	381.81088	-0.06401	-0.00675	89.94831	0.12740	0.00090	1.00000	-0.00112	-1.00000	0.00090	-0.00012	-0.00012	0.00112	1.00000	
1026.53429	-612.49398	381.42715	-0.05018	-0.01368	89.96081	0.21603	0.00068	1.00000	-0.00088	-1.00000	0.00068	-0.00024	-0.00024	0.00088	1.00000	
1026.35883	-612.52862	381.23217	-0.04636	-0.01050	89.95680	0.21503	0.00075	1.00000	-0.00081	-1.00000	0.00075	-0.00018	-0.00018	0.00081	1.00000	
1025.85115	-612.55917	380.93075	-0.04227	-0.00461	89.94649	0.20391	0.00093	1.00000	-0.00074	-1.00000	0.00093	-0.00008	-0.00008	0.00074	1.00000	
1025.70027	-612.69011	381.24597	-0.05264	-0.00139	89.94275	0.19749	0.00100	1.00000	-0.00092	-1.00000	0.00100	-0.00003	-0.00002	0.00092	1.00000	
1025.12815	-612.96957	381.67481	-0.06662	0.00491	89.92982	0.20533	0.00122	1.00000	-0.00116	-1.00000	0.00123	0.00008	0.00009	0.00116	1.00000	
1025.04068	-612.85873	381.34156	-0.05957	0.01476	89.92854	0.25471	0.00125	1.00000	-0.00104	-1.00000	0.00125	0.00026	0.00026	0.00104	1.00000	
1024.70833	-613.08748	381.77343	-0.07126	0.01495	89.92005	0.23247	0.00140	1.00000	-0.00124	-1.00000	0.00140	0.00026	0.00026	0.00124	1.00000	
1025.32273	-612.80850	381.57804	-0.06170	0.00153	89.93274	0.26094	0.00117	1.00000	-0.00108	-1.00000	0.00117	0.00003	0.00003	0.00108	1.00000	
1025.55587	-612.70182	381.50418	-0.05673	-0.00497	89.93700	0.27215	0.00110	1.00000	-0.00099	-1.00000	0.00110	-0.00009	-0.00009	0.00099	1.00000	
1025.77479	-612.59313	381.37744	-0.05517	-0.00169	89.94297	0.25467	0.00100	1.00000	-0.00096	-1.00000	0.00100	-0.00003	-0.00003	0.00096	1.00000	
1026.26620	-612.33547	381.14622	-0.04922	0.00134	89.95685	0.24655	0.00075	1.00000	-0.00086	-1.00000	0.00075	0.00002	0.00002	0.00086	1.00000	
1025.61024	-612.74234	381.65670	-0.06225	-0.00290	89.93932	0.21195	0.00106	1.00000	-0.00109	-1.00000	0.00106	-0.00005	-0.00005	0.00109	1.00000	
1025.41177	-612.80280	381.63538	-0.06204	-0.00272	89.93415	0.24028	0.00115	1.00000	-0.00108	-1.00000	0.00115	-0.00005	-0.00005	0.00108	1.00000	
1025.19782	-612.80503	381.35409	-0.05238	-0.00636	89.92703	0.27294	0.00127	1.00000	-0.00091	-1.00000	0.00127	-0.00011	-0.00011	0.00091	1.00000	
1025.23427	-612.75086	381.12399	-0.05324	0.01048	89.93265	0.25333	0.00118	1.00000	-0.00093	-1.00000	0.00118	0.00018	0.00018	0.00093	1.00000	
1024.41487	-613.19792	381.69631	-0.07118	0.02153	89.91443	0.28358	0.00149	1.00000	-0.00124	-1.00000	0.00149	0.00037	0.00038	0.00124	1.00000	
1025.16816	-612.78010	381.09411	-0.04867	0.00546	89.92989	0.27547	0.00122	1.00000	-0.00085	-1.00000	0.00122	0.00009	0.00010	0.00085	1.00000	
1025.36163	-612.64133	380.76944	-0.04868	0.02886	89.93958	0.26279	0.00105	1.00000	-0.00085	-1.00000	0.00105	0.00050	0.00050	0.00085	1.00000	
1025.84180	-612.56800	381.13875	-0.04606	-0.00079	89.94470	0.26126	0.00097	1.00000	-0.00080	-1.00000	0.00097	-0.00001	-0.00001	0.00080	1.00000	
1025.75243	-612.49109	381.17440	-0.05081	0.00820	89.94678	0.27168	0.00093	1.00000	-0.00089	-1.00000	0.00093	0.00014	0.00014	0.00089	1.00000	
1025.13133	-612.59123	380.73647	-0.04187	0.01605	89.93356	0.25228	0.00116	1.00000	-0.00073	-1.00000	0.00116	0.00028	0.00028	0.00073	1.00000	
1025.46268	-612.35384	380.59305	-0.04149	0.02307	89.94547	0.28043	0.00095	1.00000	-0.00072	-1.00000	0.00095	0.00040	0.00040	0.00072	1.00000	
1024.54087	-612.67907	380.69844	-0.04811	0.03233	89.92513	0.26362	0.00131	1.00000	-0.00084	-1.00000	0.00131	0.00056	0.00056	0.00084	1.00000	
1025.87450	-611.98473	379.89864	-0.03210	0.04233	89.96079	0.25146	0.00068	1.00000	-0.00056	-1.00000	0.00068	0.00074	0.00074	0.00056	1.00000	
1025.67593	-612.07546	380.18629	-0.03590	0.03219	89.95390	0.25099	0.00080	1.00000	-0.00063	-1.00000	0.00081	0.00056	0.00056	0.00063	1.00000	
1025.24785	-612.18063	379.94932	-0.02877	0.03273	89.94337	0.23979	0.00099	1.00000	-0.00050	-1.00000	0.00099	0.00057	0.00057	0.00050	1.00000	
1024.96933	-612.41265	380.40621	-0.03863	0.02147	89.93324	0.25586	0.00117	1.00000	-0.00067	-1.00000	0.00117	0.00037	0.00037	0.00067	1.00000	
1026.02783	-612.01338	379.98454	-0.03096	0.02761	89.96115	0.26222	0.00068	1.00000	-0.00054	-1.00000	0.00068	0.00048	0.00048	0.00054	1.00000	
1025.61650	-612.22654	380.26876	-0.03827	0.02540	89.94975	0.26408	0.00088	1.00000	-0.00067	-1.00000	0.00088	0.00044	0.00044	0.00067	1.00000	
1026.15357	-611.98259	380.07764	-0.03409	0.02855	89.96534	0.28102	0.00060	1.00000	-0.00060	-1.00000	0.00061	0.00050	0.00050	0.00059	1.00000	
1026.00629	-611.82486	379.29446	-0.01740	0.03663	89.96492	0.26868	0.00061	1.00000	-0.00030	-1.00000	0.00061	0.00064	0.00064	0.00030	1.00000	
1026.33885	-611.81790	379.53387	-0.02020	0.02479	89.96710	0.24155	0.00057	1.00000	-0.00035	-1.00000	0.00057	0.00043	0.00043	0.00035	1.00000	
1025.79317	-612.00175	379.51560	-0.02222	0.03214	89.95543	0.28418	0.00078	1.00000	-0.00039	-1.00000	0.00078	0.00056	0.00056	0.00039	1.00000	
1025.35076	-612.20798	379.67734	-0.02353	0.02639	89.94230	0.27091	0.00101	1.00000	-0.00041	-1.00000	0.00101	0.00046	0.00046	0.00041	1.00000	
1025.37850	-612.18939	379.62459	-0.01909	0.01759	89.94101	0.25810	0.00103	1.00000	-0.00033	-1.00000	0.00103	0.00031	0.00031	0.00033	1.00000	
1025.51395	-612.12430	379.63554	-0.01563	0.00969	89.94188	0.23752	0.00101	1.00000	-0.00027	-1.00000	0.00101	0.00017	0.00017	0.00027	1.00000	
1026.09145	-611.96903	379.54429	-0.01566	0.01601	89.95625	0.24102	0.00076	1.00000	-0.00027	-1.00000	0.00076	0.00028	0.00028	0.00027	1.00000	
1025.71606	-612.19084	379.90796	-0.02431	0.01733	89.94604	0.27984	0.00094	1.00000	-0.00042	-1.00000	0.00094	0.00030	0.00030	0.00042	1.00000	
1024.92107	-612.68760	380.94853	-0.05109	0.01657	89.92661	0.23160	0.00128	1.00000	-0.00089	-1.00000	0.00128	0.00029	0.00029	0.00089	1.00000	
1024.33388	-612.91009	380.93429	-0.05301	0.02112	89.91231	0.24043	0.00153	1.00000	-0.00093	-1.00000	0.00153	0.00037	0.00037	0.00093	1.00000	
1024.70411	-612.82654	381.24055	-0.05988	0.01760	89.92199	0.22928	0.00136	1.00000	-0.00105	-1.00000	0.00136	0.00031	0.00031	0.00105	1.00000	
1023.46647	-613.24591	381.33457	-0.06960	0.03727	89.89600	0.23755	0.00182	1.00000	-0.00122	-1.00000	0.00182	0.00065	0.00065	0.00121	1.00000	
1023.68573	-613.16032	381.19110	-0.06179	0.02716	89.89894	0.25615	0.00176	1.00000	-0.00108	-1.00000	0.00176	0.00047	0.00047	0.00108	1.00000	
1024.04936	-612.92908	380.83421	-0.04921	0.02206	89.90697	0.28765	0.00162	1.00000	-0.00086	-1.00000	0.00162	0.00038	0.00038	0.00086	1.00000	
1023.85034	-612.98272	380.87673	-0.04776	0.01810	89.90036	0.30686	0.00174	1.00000	-0.00083	-1.00000	0.00174	0.00031	0.00032	0.00083	1.00000	
1024.28618	-612.74445	380.62062	-0.04216	0.02315	89.91351	0.30303	0.00151	1.00000	-0.00074	-1.00000	0.00151	0.00040	0.00040	0.00074	1.00000	
1024.72872	-612.58510	380.54480	-0.03829	0.01687	89.92342	0.28473	0.00134	1.00000	-0.00067	-1.00000	0.00134	0.00029	0.00029	0.00067	1.00000	
1025.43626	-612.40178	380.76505	-0.03791	-0.00150	89.93635	0.25490	0.00111	1.00000	-0.00066	-1.00000	0.00111	-0.00003	-0.00003	0.00066	1.00000	
1024.76638	-612.39221	380.19073	-0.03014	0.01763	89.92646	0.28380	0.00128	1.00000	-0.00053	-1.00000	0.00128	0.00031	0.00031	0.00053	1.00000	
1024.33034	-612.57073	380.20334	-0.03539	0.03201	89.91888	0.27135	0.00142	1.00000	-0.00062	-1.00000	0.00142	0.00056	0.00056	0.00062	1.00000	
1024.18013	-612.55873	380.01718	-0.03562	0.04150	89.91753	0.28916	0.00144	1.00000	-0.00062	-1.00000	0.00144	0.00072	0.00072	0.00062	1.00000	
1023.85591	-612.76410	380.58218	-0.04545	0.02690	89.90609	0.27045	0.00164	1.00000	-0.00079	-1.00000	0.00164	0.00047	0.00047	0.00079	1.00000	
1023.75165	-612.76373	380.56151	-0.05094	0.04214	89.90871	0.25722	0.00159	1.00000	-0.00089	-1.00000	0.00159	0.00073	0.00074	0.00089	1.00000	
1024.38973	-612.34839	379.89590	-0.03552	0.04792	89.92527	0.26414	0.00130	1.00000	-0.00062	-1.00000	0.00130	0.00084	0.00084	0.00062	1.00000	
1024.30875	-612.58910	380.56927	-0.05133	0.04050	89.92090	0.24847	0.00138	1.00000	-0.00090	-1.00000	0.00138	0.00071	0.00071	0.00090	1.00000	
1024.14866	-612.44989	379.71284	-0.03200	0.05155	89.91863	0.29354	0.00142	1.00000	-0.00056	-1.00000	0.00142	0.00090	0.00090	0.00056	1.00000	
1024.43346	-612.48095	380.06831	-0.03463	0.03545	89.92062	0.27388	0.00139	1.00000	-0.00061	-1.00000	0.00139	0.00062	0.00062	0.00060	1.00000	
1023.99445	-612.90398	381.09371	-0.05417	0.01730	89.90380	0.30054	0.00168	1.00000	-0.00095	-1.00000	0.00168	0.00030	0.00030	0.00095	1.00000	
1024.96003	-612.50043	380.84439	-0.04492	0.01106	89.92639	0.27785	0.00128	1.00000	-0.00078	-1.00000	0.00128	0.00019	0.00019	0.00078	1.00000	
1024.90727	-612.39955	380.33559	-0.03534	0.02523	89.92854	0.28997	0.00125	1.00000	-0.00062	-1.00000	0.00125	0.00044	0.00044	0.00062	1.00000	
1025.24283	-612.38927	380.64479	-0.04065	0.01787	89.93462	0.28511	0.00114	1.00000	-0.00071	-1.00000	0.00114	0.00031	0.00031	0.00071	1.00000	
1025.54256	-612.22640	380.35136	-0.03279	0.01771	89.94305	0.29646	0.00099	1.00000	-0.00057	-1.00000	0.00099	0.00031	0.00031	0.00057	1.00000	
1025.30595	-612.21549	380.10523	-0.02940	0.02619	89.93958	0.28877	0.00105	1.00000	-0.00051	-1.00000	0.00105	0.00046	0.00046	0.00051	1.00000	
1025.74685	-612.17472	380.45302	-0.02871	-0.00046	89.94332	0.25604	0.00099	1.00000	-0.00050	-1.00000	0.00099	-0.00001	-0.00001	0.00050	1.00000	
1027.33227	-611.58088	380.17436	-0.01864	-0.00757	89.98094	0.24137	0.00033	1.00000	-0.00033	-1.00000	0.00033	-0.00013	-0.00013	0.00033	1.00000	
1026.98297	-611.74051	380.22448	-0.02015	-0.00794	89.97324	0.25852	0.00047	1.00000	-0.00035	-1.00000	0.00047	-0.00014	-0.00014	0.00035	1.00000	
1026.48747	-611.82972	380.22544	-0.02239	0.00105	89.96286	0.24313	0.00065	1.00000	-0.00039	-1.00000	0.00065	0.00002	0.00002	0.00039	1.00000	
1025.93165	-612.03804	380.29730	-0.02869	0.01441	89.95076	0.26057	0.00086	1.00000	-0.00050	-1.00000	0.00086	0.00025	0.00025	0.00050	1.00000	
1026.03477	-612.11930	380.52858	-0.03504	0.01749	89.95395	0.26618	0.00080	1.00000	-0.00061	-1.00000	0.00080	0.00030	0.00031	0.00061	1.00000	
1026.63538	-611.81009	380.11943	-0.02266	0.00904	89.96650	0.28044	0.00058	1.00000	-0.00040	-1.00000	0.00058	0.00016	0.00016	0.00040	1.00000	
1027.62582	-611.47743	380.07321	-0.01728	-0.00137	89.98827	0.23906	0.00020	1.00000	-0.00030	-1.00000	0.00020	-0.00002	-0.00002	0.00030	1.00000	
1027.42970	-611.52240	379.87421	-0.01551	0.00595	89.98465	0.28786	0.00027	1.00000	-0.00027	-1.00000	0.00027	0.00010	0.00010	0.00027	1.00000	
1027.41615	-611.49419	379.79846	-0.01473	0.01167	89.98557	0.26626	0.00025	1.00000	-0.00026	-1.00000	0.00025	0.00020	0.00020	0.00026	1.00000	
1026.70880	-611.82977	380.04720	-0.02448	0.02064	89.96973	0.27250	0.00053	1.00000	-0.00043	-1.00000	0.00053	0.00036	0.00036	0.00043	1.00000	
1027.45147	-611.51350	379.57096	-0.01149	0.01868	89.98616	0.26270	0.00024	1.00000	-0.00020	-1.00000	0.00024	0.00033	0.00033	0.00020	1.00000	
1026.88256	-611.64318	379.49124	-0.01239	0.02733	89.97356	0.25315	0.00046	1.00000	-0.00022	-1.00000	0.00046	0.00048	0.00048	0.00022	1.00000	
1026.27405	-611.81489	379.29060	-0.01194	0.03906	89.96176	0.25121	0.00067	1.00000	-0.00021	-1.00000	0.00067	0.00068	0.00068	0.00021	1.00000	
1026.32832	-611.80776	379.33540	-0.00848	0.02726	89.96036	0.23632	0.00069	1.00000	-0.00015	-1.00000	0.00069	0.00048	0.00048	0.00015	1.00000	
1026.68925	-611.77161	379.61695	-0.01550	0.02417	89.96883	0.24397	0.00054	1.00000	-0.00027	-1.00000	0.00054	0.00042	0.00042	0.00027	1.00000	
1025.08939	-612.45609	380.32208	-0.04067	0.04030	89.93293	0.23488	0.00117	1.00000	-0.00071	-1.00000	0.00117	0.00070	0.00070	0.00071	1.00000	
1025.66805	-612.29828	380.40017	-0.04296	0.03653	89.94658	0.24477	0.00093	1.00000	-0.00075	-1.00000	0.00093	0.00064	0.00064	0.00075	1.00000	
1024.24130	-612.96672	381.25296	-0.06389	0.03401	89.90976	0.24587	0.00157	1.00000	-0.00112	-1.00000	0.00158	0.00059	0.00059	0.00112	1.00000	
1025.34197	-612.57912	381.06986	-0.05569	0.02039	89.93339	0.20731	0.00116	1.00000	-0.00097	-1.00000	0.00116	0.00035	0.00036	0.00097	1.00000	
1024.60414	-612.84084	381.25409	-0.06115	0.02298	89.91537	0.21850	0.00148	1.00000	-0.00107	-1.00000	0.00148	0.00040	0.00040	0.00107	1.00000	
1024.14209	-612.93449	381.08269	-0.06019	0.03137	89.90634	0.22974	0.00163	1.00000	-0.00105	-1.00000	0.00164	0.00055	0.00055	0.00105	1.00000	
1024.85563	-612.64508	381.04382	-0.05349	0.01623	89.92211	0.21466	0.00136	1.00000	-0.00093	-1.00000	0.00136	0.00028	0.00028	0.00093	1.00000	
1025.07488	-612.26358	380.10625	-0.03600	0.03467	89.93414	0.23000	0.00115	1.00000	-0.00063	-1.00000	0.00115	0.00060	0.00061	0.00063	1.00000	
1024.14450	-612.96579	381.40408	-0.06654	0.02572	89.90724	0.21368	0.00162	1.00000	-0.00116	-1.00000	0.00162	0.00045	0.00045	0.00116	1.00000	
1024.65704	-612.65090	380.77256	-0.04837	0.02431	89.92016	0.26160	0.00139	1.00000	-0.00084	-1.00000	0.00139	0.00042	0.00042	0.00084	1.00000	
1024.79785	-612.58016	380.72249	-0.05096	0.03415	89.92548	0.25150	0.00130	1.00000	-0.00089	-1.00000	0.00130	0.00059	0.00060	0.00089	1.00000	
1024.02339	-612.83413	380.88874	-0.05729	0.04380	89.90976	0.26665	0.00157	1.00000	-0.00100	-1.00000	0.00158	0.00076	0.00076	0.00100	1.00000	
1024.02065	-613.06108	381.75238	-0.07327	0.02017	89.90260	0.26740	0.00170	1.00000	-0.00128	-1.00000	0.00170	0.00035	0.00035	0.00128	1.00000	
1024.68377	-612.54426	380.47051	-0.04597	0.03358	89.92281	0.26439	0.00135	1.00000	-0.00080	-1.00000	0.00135	0.00059	0.00059	0.00080	1.00000	
1024.64486	-612.72261	381.32344	-0.06381	0.02108	89.92044	0.24943	0.00139	1.00000	-0.00111	-1.00000	0.00139	0.00037	0.00037	0.00111	1.00000	
1024.56370	-612.69994	380.98557	-0.05842	0.02409	89.91989	0.25344	0.00140	1.00000	-0.00102	-1.00000	0.00140	0.00042	0.00042	0.00102	1.00000	
1025.36203	-612.47580	381.02660	-0.05593	0.01305	89.93716	0.24428	0.00110	1.00000	-0.00098	-1.00000	0.00110	0.00023	0.00023	0.00098	1.00000	
1024.34614	-612.93274	381.40297	-0.06738	0.01810	89.91188	0.26265	0.00154	1.00000	-0.00118	-1.00000	0.00154	0.00031	0.00032	0.00118	1.00000	
1024.94146	-612.79820	381.40595	-0.06192	0.00188	89.92110	0.26377	0.00138	1.00000	-0.00108	-1.00000	0.00138	0.00003	0.00003	0.00108	1.00000	
1024.18471	-613.10366	381.47152	-0.06837	0.01627	89.90414	0.22567	0.00167	1.00000	-0.00119	-1.00000	0.00167	0.00028	0.00028	0.00119	1.00000	
1024.43235	-612.86040	380.99839	-0.05448	0.01237	89.90954	0.25659	0.00158	1.00000	-0.00095	-1.00000	0.00158	0.00021	0.00022	0.00095	1.00000	
1025.00741	-612.50332	380.44847	-0.04102	0.01981	89.92606	0.31604	0.00129	1.00000	-0.00072	-1.00000	0.00129	0.00034	0.00035	0.00072	1.00000	
1025.22960	-612.49908	380.83483	-0.04745	0.01099	89.92976	0.30983	0.00123	1.00000	-0.00083	-1.00000	0.00123	0.00019	0.00019	0.00083	1.00000	
1025.36213	-612.38372	380.41125	-0.03771	0.01408	89.93423	0.27234	0.00115	1.00000	-0.00066	-1.00000	0.00115	0.00024	0.00025	0.00066	1.00000	
1025.18724	-612.42507	380.41395	-0.03603	0.01176	89.92882	0.30542	0.00124	1.00000	-0.00063	-1.00000	0.00124	0.00020	0.00021	0.00063	1.00000	
1025.54714	-612.23048	380.08225	-0.02966	0.02143	89.93845	0.28580	0.00107	1.00000	-0.00052	-1.00000	0.00107	0.00037	0.00037	0.00052	1.00000	
1025.69599	-612.16483	380.02335	-0.02533	0.01203	89.93958	0.28588	0.00105	1.00000	-0.00044	-1.00000	0.00105	0.00021	0.00021	0.00044	1.00000	
1025.75366	-612.30927	380.55181	-0.03696	0.01188	89.93995	0.28891	0.00105	1.00000	-0.00065	-1.00000	0.00105	0.00021	0.00021	0.00065	1.00000	
1026.50572	-612.14951	380.95265	-0.04262	-0.00319	89.95592	0.28756	0.00077	1.00000	-0.00074	-1.00000	0.00077	-0.00006	-0.00006	0.00074	1.00000	
1025.76901	-612.39163	380.78102	-0.03695	-0.00468	89.93595	0.27506	0.00112	1.00000	-0.00064	-1.00000	0.00112	-0.00008	-0.00008	0.00064	1.00000	
1025.74949	-612.47149	380.89087	-0.03931	-0.00754	89.93337	0.26209	0.00116	1.00000	-0.00069	-1.00000	0.00116	-0.00013	-0.00013	0.00069	1.00000	
1026.05124	-612.25587	380.30558	-0.02692	0.00226	89.94263	0.26437	0.00100	1.00000	-0.00047	-1.00000	0.00100	0.00004	0.00004	0.00047	1.00000	
1026.50708	-612.15089	380.21810	-0.02685	0.00987	89.95500	0.26281	0.00079	1.00000	-0.00047	-1.00000	0.00079	0.00017	0.00017	0.00047	1.00000	
1026.03653	-612.41893	380.48180	-0.03400	0.01132	89.94385	0.27320	0.00098	1.00000	-0.00059	-1.00000	0.00098	0.00020	0.00020	0.00059	1.00000	
1026.41464	-612.24207	380.20860	-0.03205	0.02789	89.95583	0.25581	0.00077	1.00000	-0.00056	-1.00000	0.00077	0.00049	0.00049	0.00056	1.00000	
1027.66742	-611.83306	380.14379	-0.02899	0.02454	89.98672	0.25909	0.00023	1.00000	-0.00051	-1.00000	0.00023	0.00043	0.00043	0.00051	1.00000	
1026.90022	-612.19698	380.56891	-0.03450	0.01018	89.96352	0.26687	0.00064	1.00000	-0.00060	-1.00000	0.00064	0.00018	0.00018	0.00060	1.00000	
1027.25434	-612.04031	380.48538	-0.03075	0.00471	89.97020	0.23591	0.00052	1.00000	-0.00054	-1.00000	0.00052	0.00008	0.00008	0.00054	1.00000	
1026.48816	-612.29799	380.58943	-0.03476	0.00676	89.95123	0.24485	0.00085	1.00000	-0.00061	-1.00000	0.00085	0.00012	0.00012	0.00061	1.00000	
1027.57504	-611.93640	380.57816	-0.03162	-0.00649	89.97485	0.23872	0.00044	1.00000	-0.00055	-1.00000	0.00044	-0.00011	-0.00011	0.00055	1.00000	
1026.87171	-612.11578	380.27067	-0.02847	0.00233	89.95953	0.24576	0.00071	1.00000	-0.00050	-1.00000	0.00071	0.00004	0.00004	0.00050	1.00000	
1027.05042	-612.01234	380.34008	-0.02662	-0.00560	89.96272	0.24791	0.00065	1.00000	-0.00046	-1.00000	0.00065	-0.00010	-0.00010	0.00046	1.00000	
1026.25235	-612.29878	380.16609	-0.02232	-0.00682	89.94175	0.25488	0.00102	1.00000	-0.00039	-1.00000	0.00102	-0.00012	-0.00012	0.00039	1.00000	
1026.53127	-612.35174	380.79709	-0.03790	-0.01439	89.94650	0.24230	0.00093	1.00000	-0.00066	-1.00000	0.00093	-0.00025	-0.00025	0.00066	1.00000	
1026.77201	-612.11731	380.36474	-0.02934	-0.00795	89.95540	0.25174	0.00078	1.00000	-0.00051	-1.00000	0.00078	-0.00014	-0.00014	0.00051	1.00000	
1026.01628	-612.68622	381.43291	-0.05617	-0.00773	89.93506	0.24355	0.00113	1.00000	-0.00098	-1.00000	0.00113	-0.00014	-0.00013	0.00098	1.00000	
1026.49268	-612.35906	380.88770	-0.04625	0.00278	89.95002	0.21843	0.00087	1.00000	-0.00081	-1.00000	0.00087	0.00005	0.00005	0.00081	1.00000	
1024.70587	-613.05055	381.30869	-0.05983	0.01013	89.90554	0.23528	0.00165	1.00000	-0.00104	-1.00000	0.00165	0.00018	0.00018	0.00104	1.00000	
1024.93210	-612.91046	381.07229	-0.05201	0.00411	89.90945	0.23698	0.00158	1.00000	-0.00091	-1.00000	0.00158	0.00007	0.00007	0.00091	1.00000	
1024.66980	-613.02293	381.06920	-0.05420	0.01305	89.90512	0.25268	0.00166	1.00000	-0.00095	-1.00000	0.00166	0.00023	0.00023	0.00095	1.00000	
1024.96425	-612.89562	380.83789	-0.04807	0.01199	89.91218	0.22388	0.00153	1.00000	-0.00084	-1.00000	0.00153	0.00021	0.00021	0.00084	1.00000	
1025.09038	-612.83661	380.86594	-0.04924	0.01761	89.91641	0.24208	0.00146	1.00000	-0.00086	-1.00000	0.00146	0.00031	0.00031	0.00086	1.00000	
1024.76427	-612.81491	380.39937	-0.03871	0.01997	89.90965	0.23758	0.00158	1.00000	-0.00068	-1.00000	0.00158	0.00035	0.00035	0.00068	1.00000	
1024.63230	-613.02461	380.95009	-0.05078	0.01726	89.90559	0.23592	0.00165	1.00000	-0.00089	-1.00000	0.00165	0.00030	0.00030	0.00089	1.00000	
1024.57291	-613.01545	381.00412	-0.05042	0.01134	89.90355	0.24666	0.00168	1.00000	-0.00088	-1.00000	0.00168	0.00020	0.00020	0.00088	1.00000	
1024.66562	-612.97411	380.95693	-0.04808	0.00835	89.90530	0.26004	0.00165	1.00000	-0.00084	-1.00000	0.00165	0.00014	0.00015	0.00084	1.00000	
1024.69654	-612.99543	381.04275	-0.04892	0.00174	89.90435	0.26257	0.00167	1.00000	-0.00085	-1.00000	0.00167	0.00003	0.00003	0.00085	1.00000	
1024.02067	-613.36807	381.42061	-0.06007	0.00394	89.88648	0.26694	0.00198	1.00000	-0.00105	-1.00000	0.00198	0.00007	0.00007	0.00105	1.00000	
1024.44346	-613.17792	381.12938	-0.05234	0.00251	89.89648	0.28041	0.00181	1.00000	-0.00091	-1.00000	0.00181	0.00004	0.00004	0.00091	1.00000	
1024.27137	-613.31928	381.31867	-0.05625	0.00251	89.89103	0.29127	0.00190	1.00000	-0.00098	-1.00000	0.00190	0.00004	0.00004	0.00098	1.00000	
1024.52251	-613.20947	381.19112	-0.05403	0.00104	89.89658	0.27911	0.00181	1.00000	-0.00094	-1.00000	0.00181	0.00002	0.00002	0.00094	1.00000	
1024.82032	-613.27074	381.58649	-0.06370	0.00076	89.90385	0.30221	0.00168	1.00000	-0.00111	-1.00000	0.00168	0.00001	0.00001	0.00111	1.00000	
1025.62132	-612.91400	381.25095	-0.05762	0.00715	89.92561	0.28903	0.00130	1.00000	-0.00101	-1.00000	0.00130	0.00012	0.00012	0.00101	1.00000	
1026.02964	-612.80331	381.26281	-0.05684	0.00756	89.93459	0.30287	0.00114	1.00000	-0.00099	-1.00000	0.00114	0.00013	0.00013	0.00099	1.00000	
1025.07446	-613.10758	381.29360	-0.06358	0.02222	89.91410	0.30305	0.00150	1.00000	-0.00111	-1.00000	0.00150	0.00039	0.00039	0.00111	1.00000	
1025.53456	-612.91519	381.13525	-0.06045	0.02513	89.92673	0.27251	0.00128	1.00000	-0.00106	-1.00000	0.00128	0.00044	0.00044	0.00106	1.00000	
1026.16766	-612.57104	380.57458	-0.04650	0.02863	89.94324	0.28928	0.00099	1.00000	-0.00081	-1.00000	0.00099	0.00050	0.00050	0.00081	1.00000	
1025.95338	-612.69801	380.84812	-0.05286	0.02606	89.93621	0.32900	0.00111	1.00000	-0.00092	-1.00000	0.00111	0.00045	0.00045	0.00092	1.00000	
1025.40522	-612.93544	381.07334	-0.06128	0.03250	89.92348	0.33305	0.00134	1.00000	-0.00107	-1.00000	0.00134	0.00057	0.00057	0.00107	1.00000	
1026.13618	-612.63952	380.94151	-0.05339	0.02190	89.93896	0.29511	0.00107	1.00000	-0.00093	-1.00000	0.00107	0.00038	0.00038	0.00093	1.00000	
1026.31294	-612.61985	380.81519	-0.05328	0.03233	89.94342	0.29673	0.00099	1.00000	-0.00093	-1.00000	0.00099	0.00056	0.00056	0.00093	1.00000	
1026.23056	-612.59389	380.40253	-0.04357	0.03452	89.94289	0.29180	0.00100	1.00000	-0.00076	-1.00000	0.00100	0.00060	0.00060	0.00076	1.00000	
1026.47050	-612.46803	380.12714	-0.03650	0.03193	89.94915	0.25232	0.00089	1.00000	-0.00064	-1.00000	0.00089	0.00056	0.00056	0.00064	1.00000	
1026.39007	-612.46513	379.96073	-0.03515	0.04051	89.94836	0.22418	0.00090	1.00000	-0.00061	-1.00000	0.00090	0.00071	0.00071	0.00061	1.00000	
1026.34432	-612.54618	380.09150	-0.03680	0.03361	89.94661	0.21028	0.00093	1.00000	-0.00064	-1.00000	0.00093	0.00059	0.00059	0.00064	1.00000	
1026.06068	-612.61109	379.98694	-0.03382	0.02857	89.93723	0.21328	0.00110	1.00000	-0.00059	-1.00000	0.00110	0.00050	0.00050	0.00059	1.00000	
1026.40199	-612.58080	380.19610	-0.03849	0.02623	89.94508	0.21361	0.00096	1.00000	-0.00067	-1.00000	0.00096	0.00046	0.00046	0.00067	1.00000	
1026.99452	-612.43304	380.28595	-0.04016	0.02329	89.95886	0.20666	0.00072	1.00000	-0.00070	-1.00000	0.00072	0.00041	0.00041	0.00070	1.00000	
1026.61712	-612.47207	380.00713	-0.03322	0.02426	89.95052	0.20488	0.00086	1.00000	-0.00058	-1.00000	0.00086	0.00042	0.00042	0.00058	1.00000	
1027.01306	-612.31661	379.95360	-0.03049	0.01601	89.95889	0.21812	0.00072	1.00000	-0.00053	-1.00000	0.00072	0.00028	0.00028	0.00053	1.00000	
1026.82296	-612.46031	380.18174	-0.03518	0.00910	89.95261	0.23195	0.00083	1.00000	-0.00061	-1.00000	0.00083	0.00016	0.00016	0.00061	1.00000	
1026.63877	-612.45352	379.98200	-0.02930	0.00555	89.94762	0.21814	0.00091	1.00000	-0.00051	-1.00000	0.00091	0.00010	0.00010	0.00051	1.00000	
1026.65308	-612.34285	379.71985	-0.02512	0.01496	89.95221	0.23661	0.00083	1.00000	-0.00044	-1.00000	0.00083	0.00026	0.00026	0.00044	1.00000	
1026.54407	-612.43785	379.84437	-0.02922	0.01705	89.94952	0.25240	0.00088	1.00000	-0.00051	-1.00000	0.00088	0.00030	0.00030	0.00051	1.00000	
1026.40521	-612.44810	379.65151	-0.02887	0.03144	89.94892	0.25799	0.00089	1.00000	-0.00050	-1.00000	0.00089	0.00055	0.00055	0.00050	1.00000	
1026.40669	-612.41883	379.65378	-0.02789	0.02829	89.94830	0.25436	0.00090	1.00000	-0.00049	-1.00000	0.00090	0.00049	0.00049	0.00049	1.00000	
1025.95919	-612.56163	379.53501	-0.02705	0.03427	89.93794	0.23417	0.00108	1.00000	-0.00047	-1.00000	0.00108	0.00060	0.00060	0.00047	1.00000	
1026.53034	-612.41199	379.64933	-0.03059	0.03445	89.95116	0.22875	0.00085	1.00000	-0.00053	-1.00000	0.00085	0.00060	0.00060	0.00053	1.00000	
1025.80812	-612.64032	379.61881	-0.03393	0.04622	89.93715	0.25307	0.00110	1.00000	-0.00059	-1.00000	0.00110	0.00081	0.00081	0.00059	1.00000	
1026.23215	-612.57254	379.85699	-0.03853	0.04315	89.94632	0.23654	0.00094	1.00000	-0.00067	-1.00000	0.00094	0.00075	0.00075	0.00067	1.00000	
1025.81190	-612.69481	379.77630	-0.03462	0.03441	89.93454	0.28663	0.00114	1.00000	-0.00060	-1.00000	0.00114	0.00060	0.00060	0.00060	1.00000	
1026.79862	-612.29692	379.50191	-0.02603	0.02976	89.95862	0.25730	0.00072	1.00000	-0.00045	-1.00000	0.00072	0.00052	0.00052	0.00045	1.00000	
1025.08634	-612.97548	379.95039	-0.04249	0.04244	89.91903	0.29011	0.00141	1.00000	-0.00074	-1.00000	0.00141	0.00074	0.00074	0.00074	1.00000	
1025.38012	-612.80588	379.63289	-0.03449	0.04269	89.92551	0.31429	0.00130	1.00000	-0.00060	-1.00000	0.00130	0.00074	0.00075	0.00060	1.00000	
1026.37736	-612.48914	379.71747	-0.03379	0.03410	89.94836	0.30169	0.00090	1.00000	-0.00059	-1.00000	0.00090	0.00059	0.00060	0.00059	1.00000	
1025.51596	-612.83243	379.73157	-0.03565	0.03819	89.92673	0.31474	0.00128	1.00000	-0.00062	-1.00000	0.00128	0.00067	0.00067	0.00062	1.00000	
1025.91894	-612.69865	379.67380	-0.03187	0.03446	89.93572	0.29392	0.00112	1.00000	-0.00056	-1.00000	0.00112	0.00060	0.00060	0.00056	1.00000	
1026.79351	-612.21560	378.93063	-0.01768	0.04787	89.96151	0.28562	0.00067	1.00000	-0.00031	-1.00000	0.00067	0.00084	0.00084	0.00031	1.00000	
1026.27759	-612.56655	379.48125	-0.02508	0.02988	89.94244	0.28995	0.00100	1.00000	-0.00044	-1.00000	0.00100	0.00052	0.00052	0.00044	1.00000	
1025.79821	-612.77787	379.61489	-0.03275	0.04011	89.93329	0.32365	0.00116	1.00000	-0.00057	-1.00000	0.00116	0.00070	0.00070	0.00057	1.00000	
1026.10725	-612.71775	379.72545	-0.03415	0.03784	89.93996	0.31988	0.00105	1.00000	-0.00060	-1.00000	0.00105	0.00066	0.00066	0.00060	1.00000	
1026.38365	-612.79664	380.20168	-0.04837	0.03805	89.94666	0.35696	0.00093	1.00000	-0.00084	-1.00000	0.00093	0.00066	0.00066	0.00084	1.00000	
1026.14953	-612.75757	379.82913	-0.04176	0.04661	89.94357	0.36557	0.00099	1.00000	-0.00073	-1.00000	0.00099	0.00081	0.00081	0.00073	1.00000	
1026.77957	-612.45734	379.47439	-0.02969	0.03944	89.95820	0.32514	0.00073	1.00000	-0.00052	-1.00000	0.00073	0.00069	0.00069	0.00052	1.00000	
1026.04513	-612.86520	379.87986	-0.03936	0.03505	89.93909	0.29760	0.00106	1.00000	-0.00069	-1.00000	0.00106	0.00061	0.00061	0.00069	1.00000	
1026.69233	-612.70279	380.13170	-0.04010	0.02202	89.95226	0.30336	0.00083	1.00000	-0.00070	-1.00000	0.00083	0.00038	0.00038	0.00070	1.00000	
1026.15957	-612.86375	380.04149	-0.04489	0.04477	89.94526	0.31410	0.00096	1.00000	-0.00078	-1.00000	0.00096	0.00078	0.00078	0.00078	1.00000	
1026.53774	-612.73955	379.80209	-0.04171	0.05117	89.95609	0.29679	0.00077	1.00000	-0.00073	-1.00000	0.00077	0.00089	0.00089	0.00073	1.00000	
1026.78920	-612.58269	379.63244	-0.03804	0.05754	89.96355	0.30245	0.00064	1.00000	-0.00066	-1.00000	0.00064	0.00100	0.00100	0.00066	1.00000	
1026.20089	-612.76920	379.59507	-0.03775	0.05952	89.94909	0.26292	0.00089	1.00000	-0.00066	-1.00000	0.00089	0.00104	0.00104	0.00066	1.00000	
1025.80918	-613.09766	380.15534	-0.04743	0.04368	89.93388	0.27544	0.00115	1.00000	-0.00083	-1.00000	0.00115	0.00076	0.00076	0.00083	1.00000	
1025.55886	-613.23044	380.22621	-0.04567	0.03466	89.92371	0.30244	0.00133	1.00000	-0.00080	-1.00000	0.00133	0.00060	0.00060	0.00080	1.00000	
1026.12203	-612.93681	380.06913	-0.03932	0.02943	89.93871	0.28128	0.00107	1.00000	-0.00069	-1.00000	0.00107	0.00051	0.00051	0.00069	1.00000	
1025.65058	-613.18539	380.33482	-0.04996	0.03967	89.92860	0.29599	0.00125	1.00000	-0.00087	-1.00000	0.00125	0.00069	0.00069	0.00087	1.00000	
1025.89891	-612.94330	379.90173	-0.03999	0.04188	89.93629	0.30385	0.00111	1.00000	-0.00070	-1.00000	0.00111	0.00073	0.00073	0.00070	1.00000	
1025.52524	-613.17055	380.28546	-0.04413	0.02490	89.92242	0.31551	0.00135	1.00000	-0.00077	-1.00000	0.00135	0.00043	0.00043	0.00077	1.00000	
1026.21430	-612.93397	380.29604	-0.03914	0.00970	89.93564	0.30730	0.00112	1.00000	-0.00068	-1.00000	0.00112	0.00017	0.00017	0.00068	1.00000	
1025.28548	-613.32062	380.54651	-0.04631	0.01194	89.91151	0.33371	0.00154	1.00000	-0.00081	-1.00000	0.00154	0.00021	0.00021	0.00081	1.00000	
1025.59914	-613.20647	380.53162	-0.04869	0.02245	89.92233	0.32748	0.00136	1.00000	-0.00085	-1.00000	0.00136	0.00039	0.00039	0.00085	1.00000	
1025.13997	-613.44039	380.82274	-0.05153	0.00780	89.90689	0.32885	0.00163	1.00000	-0.00090	-1.00000	0.00163	0.00013	0.00014	0.00090	1.00000	
1026.01645	-613.07372	380.56471	-0.04500	0.00934	89.92788	0.31912	0.00126	1.00000	-0.00079	-1.00000	0.00126	0.00016	0.00016	0.00079	1.00000	
1026.68812	-612.71418	380.12776	-0.03497	0.01470	89.94731	0.33315	0.00092	1.00000	-0.00061	-1.00000	0.00092	0.00026	0.00026	0.00061	1.00000	
1026.54856	-612.76391	380.20685	-0.04225	0.03228	89.94783	0.32724	0.00091	1.00000	-0.00074	-1.00000	0.00091	0.00056	0.00056	0.00074	1.00000	
1026.07180	-613.08253	380.87220	-0.05326	0.01583	89.93254	0.28254	0.00118	1.00000	-0.00093	-1.00000	0.00118	0.00028	0.00028	0.00093	1.00000	
1025.90885	-613.13995	380.85285	-0.05294	0.01710	89.92926	0.30532	0.00123	1.00000	-0.00092	-1.00000	0.00123	0.00030	0.00030	0.00092	1.00000	
1026.18047	-613.17702	381.29698	-0.06316	0.01491	89.93477	0.26950	0.00114	1.00000	-0.00110	-1.00000	0.00114	0.00026	0.00026	0.00110	1.00000	
1027.04813	-612.84290	380.77632	-0.05039	0.01459	89.95606	0.28635	0.00077	1.00000	-0.00088	-1.00000	0.00077	0.00025	0.00025	0.00088	1.00000	
1026.59412	-612.94985	380.70527	-0.05113	0.02340	89.94736	0.27470	0.00092	1.00000	-0.00089	-1.00000	0.00092	0.00041	0.00041	0.00089	1.00000	
1026.70156	-612.96356	380.82130	-0.05207	0.01559	89.94706	0.30408	0.00092	1.00000	-0.00091	-1.00000	0.00092	0.00027	0.00027	0.00091	1.00000	
1027.19163	-612.80609	380.84104	-0.05295	0.01702	89.96000	0.25745	0.00070	1.00000	-0.00092	-1.00000	0.00070	0.00030	0.00030	0.00092	1.00000	
1027.54559	-612.75239	380.79112	-0.05086	0.01006	89.96694	0.22524	0.00058	1.00000	-0.00089	-1.00000	0.00058	0.00018	0.00018	0.00089	1.00000	
1027.26812	-612.73277	380.26629	-0.04538	0.03310	89.96536	0.21468	0.00060	1.00000	-0.00079	-1.00000	0.00061	0.00058	0.00058	0.00079	1.00000	
1027.55918	-612.74474	380.64982	-0.05185	0.02956	89.97179	0.23389	0.00049	1.00000	-0.00091	-1.00000	0.00049	0.00052	0.00052	0.00090	1.00000	
1027.02540	-613.02409	380.86984	-0.05385	0.01756	89.95535	0.20090	0.00078	1.00000	-0.00094	-1.00000	0.00078	0.00031	0.00031	0.00094	1.00000	
1027.66065	-612.78143	380.46557	-0.04514	0.02073	89.97089	0.21058	0.00051	1.00000	-0.00079	-1.00000	0.00051	0.00036	0.00036	0.00079	1.00000	
1027.34831	-612.85770	380.08159	-0.03890	0.02964	89.96525	0.21925	0.00061	1.00000	-0.00068	-1.00000	0.00061	0.00052	0.00052	0.00068	1.00000	
1027.53503	-612.75822	379.79517	-0.02916	0.02048	89.96753	0.22571	0.00057	1.00000	-0.00051	-1.00000	0.00057	0.00036	0.00036	0.00051	1.00000	
1027.55756	-612.67197	379.47520	-0.02476	0.03660	89.97179	0.25458	0.00049	1.00000	-0.00043	-1.00000	0.00049	0.00064	0.00064	0.00043	1.00000	
1027.57289	-612.73177	379.55315	-0.02634	0.03608	89.97273	0.26863	0.00048	1.00000	-0.00046	-1.00000	0.00048	0.00063	0.00063	0.00046	1.00000	
1028.58725	-612.48044	379.71929	-0.02636	0.02500	89.99490	0.28796	0.00009	1.00000	-0.00046	-1.00000	0.00009	0.00044	0.00044	0.00046	1.00000	
1027.84525	-612.70206	379.75501	-0.02887	0.03152	89.97787	0.25139	0.00039	1.00000	-0.00050	-1.00000	0.00039	0.00055	0.00055	0.00050	1.00000	
1027.12704	-613.02004	379.98344	-0.03190	0.02467	89.95734	0.22367	0.00074	1.00000	-0.00056	-1.00000	0.00074	0.00043	0.00043	0.00056	1.00000	
1027.25221	-612.74310	379.35445	-0.01715	0.02925	89.96327	0.22225	0.00064	1.00000	-0.00030	-1.00000	0.00064	0.00051	0.00051	0.00030	1.00000	
1027.20049	-612.85851	379.78646	-0.02782	0.02931	89.96305	0.24169	0.00064	1.00000	-0.00049	-1.00000	0.00065	0.00051	0.00051	0.00049	1.00000	
1026.58351	-613.08437	379.87544	-0.03081	0.03203	89.94798	0.22889	0.00091	1.00000	-0.00054	-1.00000	0.00091	0.00056	0.00056	0.00054	1.00000	
1027.18517	-612.85869	379.93419	-0.03017	0.02580	89.96299	0.24095	0.00065	1.00000	-0.00053	-1.00000	0.00065	0.00045	0.00045	0.00053	1.00000	
1026.66122	-613.09040	380.18096	-0.03766	0.02535	89.95006	0.23516	0.00087	1.00000	-0.00066	-1.00000	0.00087	0.00044	0.00044	0.00066	1.00000	
1027.42559	-612.78140	379.79998	-0.02734	0.01739	89.96697	0.25654	0.00058	1.00000	-0.00048	-1.00000	0.00058	0.00030	0.00030	0.00048	1.00000	
1026.98801	-613.07032	380.53319	-0.04318	0.00970	89.95483	0.24306	0.00079	1.00000	-0.00075	-1.00000	0.00079	0.00017	0.00017	0.00075	1.00000	
1027.00059	-613.02716	380.36461	-0.03810	0.00783	89.95498	0.26463	0.00079	1.00000	-0.00066	-1.00000	0.00079	0.00014	0.00014	0.00066	1.00000	
1027.05806	-613.03253	380.58984	-0.04880	0.02383	89.96079	0.26183	0.00068	1.00000	-0.00085	-1.00000	0.00068	0.00042	0.00042	0.00085	1.00000	
1027.53171	-612.66344	379.68047	-0.03289	0.04793	89.97924	0.24390	0.00036	1.00000	-0.00057	-1.00000	0.00036	0.00084	0.00084	0.00057	1.00000	
1027.32260	-612.88869	380.08987	-0.04044	0.03812	89.97027	0.24420	0.00052	1.00000	-0.00071	-1.00000	0.00052	0.00066	0.00067	0.00071	1.00000	
1027.33958	-612.98313	380.33920	-0.04275	0.02658	89.96790	0.24424	0.00056	1.00000	-0.00075	-1.00000	0.00056	0.00046	0.00046	0.00075	1.00000	
1026.81043	-613.09271	380.10308	-0.03789	0.02905	89.95624	0.23590	0.00076	1.00000	-0.00066	-1.00000	0.00076	0.00051	0.00051	0.00066	1.00000	
1027.85955	-612.62533	379.63243	-0.02594	0.03114	89.98252	0.22800	0.00031	1.00000	-0.00045	-1.00000	0.00031	0.00054	0.00054	0.00045	1.00000	
1027.92723	-612.67521	379.83896	-0.02613	0.01555	89.98100	0.19551	0.00033	1.00000	-0.00046	-1.00000	0.00033	0.00027	0.00027	0.00046	1.00000	
1028.17361	-612.60209	379.83294	-0.02745	0.01903	89.98856	0.20617	0.00020	1.00000	-0.00048	-1.00000	0.00020	0.00033	0.00033	0.00048	1.00000	
1028.88170	-612.31870	379.64019	-0.02094	0.01687	90.00505	0.18995	-0.00009	1.00000	-0.00037	-1.00000	-0.00009	0.00029	0.00029	0.00037	1.00000	
1028.05238	-612.70885	380.23677	-0.03241	0.00283	89.98089	0.21361	0.00033	1.00000	-0.00057	-1.00000	0.00033	0.00005	0.00005	0.00057	1.00000	
1028.30978	-612.49375	379.53833	-0.01964	0.01517	89.98959	0.21801	0.00018	1.00000	-0.00034	-1.00000	0.00018	0.00026	0.00026	0.00034	1.00000	
1028.57648	-612.43095	379.72863	-0.02508	0.01953	89.99683	0.21482	0.00006	1.00000	-0.00044	-1.00000	0.00006	0.00034	0.00034	0.00044	1.00000	
1028.57282	-612.42167	379.64990	-0.02852	0.03074	89.99928	0.22921	0.00001	1.00000	-0.00050	-1.00000	0.00001	0.00054	0.00054	0.00050	1.00000	
1028.83039	-612.33377	379.51967	-0.02493	0.03189	90.00645	0.22739	-0.00011	1.00000	-0.00043	-1.00000	-0.00011	0.00056	0.00056	0.00044	1.00000	
1028.17220	-612.50684	379.16180	-0.01584	0.03199	89.98872	0.20889	0.00020	1.00000	-0.00028	-1.00000	0.00020	0.00056	0.00056	0.00028	1.00000	
1028.47196	-612.54494	379.76369	-0.02545	0.01312	89.99181	0.21136	0.00014	1.00000	-0.00044	-1.00000	0.00014	0.00023	0.00023	0.00044	1.00000	
1028.46707	-612.57124	379.75291	-0.02367	0.01151	89.99151	0.21197	0.00015	1.00000	-0.00041	-1.00000	0.00015	0.00020	0.00020	0.00041	1.00000	
1028.13248	-612.66357	379.75000	-0.02748	0.02375	89.98535	0.19237	0.00026	1.00000	-0.00048	-1.00000	0.00026	0.00041	0.00041	0.00048	1.00000	
1027.41824	-612.80139	379.40873	-0.01785	0.01993	89.96701	0.22176	0.00058	1.00000	-0.00031	-1.00000	0.00058	0.00035	0.00035	0.00031	1.00000	
1027.66627	-612.72485	379.36681	-0.01745	0.02561	89.97307	0.22812	0.00047	1.00000	-0.00030	-1.00000	0.00047	0.00045	0.00045	0.00030	1.00000	
1028.07271	-612.60373	379.42991	-0.01596	0.01716	89.98289	0.21390	0.00030	1.00000	-0.00028	-1.00000	0.00030	0.00030	0.00030	0.00028	1.00000	
1027.79167	-612.76352	379.68012	-0.02092	0.01515	89.97562	0.22062	0.00043	1.00000	-0.00037	-1.00000	0.00043	0.00026	0.00026	0.00037	1.00000	
1027.97459	-612.65374	379.25629	-0.01646	0.03084	89.98360	0.22140	0.00029	1.00000	-0.00029	-1.00000	0.00029	0.00054	0.00054	0.00029	1.00000	
1027.87219	-612.88384	379.61240	-0.02162	0.02051	89.97704	0.20150	0.00040	1.00000	-0.00038	-1.00000	0.00040	0.00036	0.00036	0.00038	1.00000	
1027.85652	-612.96172	379.78143	-0.02761	0.02381	89.97697	0.22892	0.00040	1.00000	-0.00048	-1.00000	0.00040	0.00042	0.00042	0.00048	1.00000	
1028.21423	-612.74898	379.31798	-0.01572	0.02397	89.98596	0.22245	0.00025	1.00000	-0.00027	-1.00000	0.00025	0.00042	0.00042	0.00027	1.00000	
1028.34408	-612.65643	379.02653	-0.00742	0.02090	89.98648	0.25412	0.00024	1.00000	-0.00013	-1.00000	0.00024	0.00036	0.00036	0.00013	1.00000	
1028.28250	-612.67062	378.92648	-0.00866	0.02876	89.98734	0.26801	0.00022	1.00000	-0.00015	-1.00000	0.00022	0.00050	0.00050	0.00015	1.00000	
1027.70744	-612.94709	379.39016	-0.01758	0.02167	89.97254	0.26754	0.00048	1.00000	-0.00031	-1.00000	0.00048	0.00038	0.00038	0.00031	1.00000	
1027.39912	-613.00711	379.22657	-0.01326	0.02501	89.96458	0.28837	0.00062	1.00000	-0.00023	-1.00000	0.00062	0.00044	0.00044	0.00023	1.00000	
1027.18966	-613.10399	379.45188	-0.01796	0.02322	89.96070	0.27044	0.00069	1.00000	-0.00031	-1.00000	0.00069	0.00041	0.00041	0.00031	1.00000	
1026.94011	-613.09849	379.19169	-0.01261	0.03138	89.95619	0.26624	0.00076	1.00000	-0.00022	-1.00000	0.00076	0.00055	0.00055	0.00022	1.00000	
1026.79160	-613.15207	379.22155	-0.01097	0.02755	89.95182	0.28781	0.00084	1.00000	-0.00019	-1.00000	0.00084	0.00048	0.00048	0.00019	1.00000	
1026.82578	-613.05914	379.06117	-0.01363	0.04434	89.95777	0.28602	0.00074	1.00000	-0.00024	-1.00000	0.00074	0.00077	0.00077	0.00024	1.00000	
1026.57469	-613.14577	379.04812	-0.01302	0.04391	89.95165	0.26556	0.00084	1.00000	-0.00023	-1.00000	0.00084	0.00077	0.00077	0.00023	1.00000	
1027.04409	-613.02331	379.15571	-0.01533	0.04197	89.96326	0.22544	0.00064	1.00000	-0.00027	-1.00000	0.00064	0.00073	0.00073	0.00027	1.00000	
1026.36322	-613.37414	379.38726	-0.02256	0.04404	89.94759	0.21262	0.00091	1.00000	-0.00039	-1.00000	0.00092	0.00077	0.00077	0.00039	1.00000	
1027.70151	-612.89788	379.16113	-0.01585	0.04115	89.98077	0.23423	0.00034	1.00000	-0.00028	-1.00000	0.00034	0.00072	0.00072	0.00028	1.00000	
1026.76450	-613.22687	379.27945	-0.02159	0.04766	89.96082	0.23810	0.00068	1.00000	-0.00038	-1.00000	0.00068	0.00083	0.00083	0.00038	1.00000	
1027.08072	-613.29728	379.79158	-0.02717	0.02767	89.96448	0.23368	0.00062	1.00000	-0.00047	-1.00000	0.00062	0.00048	0.00048	0.00047	1.00000	
1027.83394	-612.85125	378.89535	-0.00869	0.03997	89.98711	0.22931	0.00022	1.00000	-0.00015	-1.00000	0.00023	0.00070	0.00070	0.00015	1.00000	
1027.91505	-612.86927	378.97906	-0.01051	0.03737	89.98933	0.22504	0.00019	1.00000	-0.00018	-1.00000	0.00019	0.00065	0.00065	0.00018	1.00000	
1027.16143	-613.22923	379.14101	-0.01454	0.03912	89.96929	0.28275	0.00054	1.00000	-0.00025	-1.00000	0.00054	0.00068	0.00068	0.00025	1.00000	
1027.86896	-612.91089	378.92892	-0.00459	0.02637	89.98286	0.29024	0.00030	1.00000	-0.00008	-1.00000	0.00030	0.00046	0.00046	0.00008	1.00000	
1028.00236	-612.81860	378.76697	0.00112	0.02102	89.98447	0.28404	0.00027	1.00000	0.00002	-1.00000	0.00027	0.00037	0.00037	-0.00002	1.00000	
1027.96690	-612.85744	378.81856	-0.00274	0.02687	89.98547	0.29805	0.00025	1.00000	-0.00005	-1.00000	0.00025	0.00047	0.00047	0.00005	1.00000	
1027.22869	-613.23200	379.16176	-0.01147	0.02469	89.96433	0.25213	0.00062	1.00000	-0.00020	-1.00000	0.00062	0.00043	0.00043	0.00020	1.00000	
1028.22880	-612.88936	378.99859	-0.00406	0.01536	89.98911	0.27044	0.00019	1.00000	-0.00007	-1.00000	0.00019	0.00027	0.00027	0.00007	1.00000	
1027.48487	-613.23662	379.24439	-0.01432	0.02793	89.97199	0.27349	0.00049	1.00000	-0.00025	-1.00000	0.00049	0.00049	0.00049	0.00025	1.00000	
1027.92571	-612.93046	378.42666	0.00213	0.03758	89.98459	0.27924	0.00027	1.00000	0.00004	-1.00000	0.00027	0.00066	0.00066	-0.00004	1.00000	
1028.53015	-612.88920	378.99971	-0.00899	0.02657	89.99755	0.24835	0.00004	1.00000	-0.00016	-1.00000	0.00004	0.00046	0.00046	0.00016	1.00000	
1028.31425	-612.81002	378.42776	0.00014	0.04122	89.99550	0.28423	0.00008	1.00000	0.00000	-1.00000	0.00008	0.00072	0.00072	-0.00000	1.00000	
1029.05774	-612.54543	378.31512	0.00518	0.03715	90.01285	0.24622	-0.00022	1.00000	0.00009	-1.00000	-0.00022	0.00065	0.00065	-0.00009	1.00000	
1028.54529	-612.84221	378.83391	-0.00757	0.03432	89.99991	0.28050	0.00000	1.00000	-0.00013	-1.00000	0.00000	0.00060	0.00060	0.00013	1.00000	
1029.25169	-612.66468	378.86454	-0.00037	0.01509	90.01294	0.23959	-0.00023	1.00000	-0.00001	-1.00000	-0.00023	0.00026	0.00026	0.00001	1.00000	
1028.97950	-612.80261	378.90332	-0.00324	0.01707	90.00607	0.27256	-0.00011	1.00000	-0.00006	-1.00000	-0.00011	0.00030	0.00030	0.00006	1.00000	
1029.01693	-612.69601	378.66528	-0.00087	0.02760	90.01138	0.28812	-0.00020	1.00000	-0.00002	-1.00000	-0.00020	0.00048	0.00048	0.00002	1.00000	
1029.16525	-612.74714	378.91012	-0.00595	0.02812	90.01454	0.30153	-0.00025	1.00000	-0.00010	-1.00000	-0.00025	0.00049	0.00049	0.00010	1.00000	
1028.75415	-612.98989	379.32077	-0.01316	0.01743	90.00098	0.28763	-0.00002	1.00000	-0.00023	-1.00000	-0.00002	0.00030	0.00030	0.00023	1.00000	
1028.84105	-612.88282	379.08692	-0.00687	0.01749	90.00421	0.31005	-0.00007	1.00000	-0.00012	-1.00000	-0.00007	0.00031	0.00031	0.00012	1.00000	
1028.55922	-612.83759	378.51209	0.00064	0.03889	90.00317	0.28572	-0.00006	1.00000	0.00001	-1.00000	-0.00006	0.00068	0.00068	-0.00001	1.00000	
1029.23179	-612.59315	378.44185	0.00699	0.02569	90.01853	0.27283	-0.00032	1.00000	0.00012	-1.00000	-0.00032	0.00045	0.00045	-0.00012	1.00000	
1028.14293	-613.04104	378.55708	0.00066	0.03654	89.99309	0.28776	0.00012	1.00000	0.00001	-1.00000	0.00012	0.00064	0.00064	-0.00001	1.00000	
1028.30219	-613.06191	379.00867	-0.00956	0.03231	89.99706	0.31129	0.00005	1.00000	-0.00017	-1.00000	0.00005	0.00056	0.00056	0.00017	1.00000	
1028.29441	-613.02869	378.79997	-0.00320	0.03110	89.99616	0.29282	0.00007	1.00000	-0.00006	-1.00000	0.00007	0.00054	0.00054	0.00006	1.00000	
1028.43272	-612.90014	378.54671	0.00051	0.03940	90.00111	0.29137	-0.00002	1.00000	0.00001	-1.00000	-0.00002	0.00069	0.00069	-0.00001	1.00000	
1029.07532	-612.80592	378.77806	-0.00557	0.03715	90.01611	0.29835	-0.00028	1.00000	-0.00010	-1.00000	-0.00028	0.00065	0.00065	0.00010	1.00000	
1028.32863	-612.98604	378.68009	-0.00501	0.04337	89.99987	0.30364	0.00000	1.00000	-0.00009	-1.00000	0.00000	0.00076	0.00076	0.00009	1.00000	
1028.49188	-612.98370	379.01318	-0.01331	0.04373	90.00421	0.31023	-0.00007	1.00000	-0.00023	-1.00000	-0.00007	0.00076	0.00076	0.00023	1.00000	
1028.19929	-613.02900	378.71193	-0.00758	0.05065	89.99842	0.33265	0.00003	1.00000	-0.00013	-1.00000	0.00003	0.00088	0.00088	0.00013	1.00000	
1027.49004	-613.44261	379.35115	-0.02084	0.04464	89.97978	0.32339	0.00035	1.00000	-0.00036	-1.00000	0.00035	0.00078	0.00078	0.00036	1.00000	
1028.55919	-612.99307	378.90499	-0.01146	0.05159	90.00861	0.33810	-0.00015	1.00000	-0.00020	-1.00000	-0.00015	0.00090	0.00090	0.00020	1.00000	
1027.19175	-613.50883	379.25978	-0.02116	0.05617	89.97698	0.33205	0.00040	1.00000	-0.00037	-1.00000	0.00040	0.00098	0.00098	0.00037	1.00000	
1028.35536	-613.13946	379.11003	-0.01492	0.04768	90.00385	0.32296	-0.00007	1.00000	-0.00026	-1.00000	-0.00007	0.00083	0.00083	0.00026	1.00000	
1028.29280	-613.17145	379.11045	-0.01347	0.04513	90.00243	0.33104	-0.00004	1.00000	-0.00024	-1.00000	-0.00004	0.00079	0.00079	0.00024	1.00000	
1027.50421	-613.49307	379.21085	-0.01727	0.04704	89.98245	0.32745	0.00031	1.00000	-0.00030	-1.00000	0.00031	0.00082	0.00082	0.00030	1.00000	
1026.66938	-613.89294	379.68836	-0.02471	0.03349	89.95918	0.29859	0.00071	1.00000	-0.00043	-1.00000	0.00071	0.00058	0.00058	0.00043	1.00000	
1026.98607	-613.77784	379.74965	-0.02701	0.03390	89.96743	0.30957	0.00057	1.00000	-0.00047	-1.00000	0.00057	0.00059	0.00059	0.00047	1.00000	
1026.88390	-613.77132	379.64433	-0.02108	0.02317	89.96120	0.32878	0.00068	1.00000	-0.00037	-1.00000	0.00068	0.00040	0.00040	0.00037	1.00000	
1026.59454	-613.93773	379.94907	-0.03040	0.02922	89.95678	0.31828	0.00075	1.00000	-0.00053	-1.00000	0.00075	0.00051	0.00051	0.00053	1.00000	
1027.24374	-613.65538	379.78881	-0.02791	0.03539	89.97404	0.34786	0.00045	1.00000	-0.00049	-1.00000	0.00045	0.00062	0.00062	0.00049	1.00000	
1027.18360	-613.84305	380.17788	-0.03823	0.03317	89.97129	0.32161	0.00050	1.00000	-0.00067	-1.00000	0.00050	0.00058	0.00058	0.00067	1.00000	
1027.00193	-613.73526	379.57280	-0.02397	0.03708	89.96724	0.31653	0.00057	1.00000	-0.00042	-1.00000	0.00057	0.00065	0.00065	0.00042	1.00000	
1027.21282	-613.60018	379.24466	-0.01645	0.03808	89.97203	0.34471	0.00049	1.00000	-0.00029	-1.00000	0.00049	0.00066	0.00066	0.00029	1.00000	
1026.73950	-613.85424	379.33980	-0.01710	0.03161	89.95667	0.31358	0.00076	1.00000	-0.00030	-1.00000	0.00076	0.00055	0.00055	0.00030	1.00000	
1027.36524	-613.75933	379.63785	-0.02164	0.02113	89.96977	0.29965	0.00053	1.00000	-0.00038	-1.00000	0.00053	0.00037	0.00037	0.00038	1.00000	
1027.65207	-613.58748	379.18752	-0.01150	0.02349	89.97783	0.25972	0.00039	1.00000	-0.00020	-1.00000	0.00039	0.00041	0.00041	0.00020	1.00000	
1027.32368	-613.84212	379.64050	-0.02726	0.03636	89.97254	0.28332	0.00048	1.00000	-0.00048	-1.00000	0.00048	0.00063	0.00063	0.00048	1.00000	
1027.79597	-613.53093	379.25814	-0.01476	0.03014	89.98396	0.30197	0.00028	1.00000	-0.00026	-1.00000	0.00028	0.00053	0.00053	0.00026	1.00000	
1028.40981	-613.14613	378.34445	0.00094	0.04835	90.00326	0.34425	-0.00006	1.00000	0.00002	-1.00000	-0.00006	0.00084	0.00084	-0.00002	1.00000	
1028.02386	-613.33178	378.61405	-0.00467	0.05087	89.99450	0.35033	0.00010	1.00000	-0.00008	-1.00000	0.00010	0.00089	0.00089	0.00008	1.00000	
1027.88252	-613.43414	378.86094	-0.01039	0.05088	89.99076	0.33939	0.00016	1.00000	-0.00018	-1.00000	0.00016	0.00089	0.00089	0.00018	1.00000	
1027.72143	-613.48640	378.67358	-0.00636	0.05399	89.98830	0.36374	0.00020	1.00000	-0.00011	-1.00000	0.00020	0.00094	0.00094	0.00011	1.00000	
1027.63438	-613.56024	378.71209	-0.00914	0.05564	89.98756	0.32201	0.00022	1.00000	-0.00016	-1.00000	0.00022	0.00097	0.00097	0.00016	1.00000	
1028.59179	-613.13343	378.30193	0.00445	0.04496	90.01062	0.30511	-0.00019	1.00000	0.00008	-1.00000	-0.00019	0.00078	0.00078	-0.00008	1.00000	
1028.51667	-613.18848	378.42082	0.00227	0.04109	90.00739	0.29567	-0.00013	1.00000	0.00004	-1.00000	-0.00013	0.00072	0.00072	-0.00004	1.00000	
1027.86482	-613.52189	378.87440	-0.00806	0.03797	89.98990	0.31496	0.00018	1.00000	-0.00014	-1.00000	0.00018	0.00066	0.00066	0.00014	1.00000	
1027.60524	-613.58646	378.66741	-0.00619	0.04587	89.98488	0.32245	0.00026	1.00000	-0.00011	-1.00000	0.00026	0.00080	0.00080	0.00011	1.00000	
1027.84441	-613.42036	378.42030	-0.00503	0.06249	89.99449	0.30816	0.00010	1.00000	-0.00009	-1.00000	0.00010	0.00109	0.00109	0.00009	1.00000	
1028.18407	-613.24377	378.37020	0.00023	0.04891	90.00174	0.30962	-0.00003	1.00000	0.00000	-1.00000	-0.00003	0.00085	0.00085	-0.00000	1.00000	
1028.51436	-613.14569	378.42237	-0.00295	0.05793	90.01306	0.32544	-0.00023	1.00000	-0.00005	-1.00000	-0.00023	0.00101	0.00101	0.00005	1.00000	
1028.05037	-613.54301	379.18517	-0.01696	0.04444	89.99702	0.29278	0.00005	1.00000	-0.00030	-1.00000	0.00005	0.00078	0.00078	0.00030	1.00000	
1029.37566	-613.00774	378.76572	-0.00241	0.03249	90.02850	0.28108	-0.00050	1.00000	-0.00004	-1.00000	-0.00050	0.00057	0.00057	0.00004	1.00000	
1029.02394	-613.24052	379.20606	-0.01141	0.02825	90.01882	0.28652	-0.00033	1.00000	-0.00020	-1.00000	-0.00033	0.00049	0.00049	0.00020	1.00000	
1029.49172	-613.01450	378.70067	0.00060	0.02827	90.03012	0.27237	-0.00053	1.00000	0.00001	-1.00000	-0.00053	0.00049	0.00049	-0.00001	1.00000	
1029.05092	-613.22924	379.02059	-0.00695	0.02821	90.01836	0.27899	-0.00032	1.00000	-0.00012	-1.00000	-0.00032	0.00049	0.00049	0.00012	1.00000	
1028.64392	-613.37695	378.92225	-0.01024	0.04443	90.01222	0.29328	-0.00021	1.00000	-0.00018	-1.00000	-0.00021	0.00078	0.00078	0.00018	1.00000	
1029.33502	-613.10541	378.89828	-0.00827	0.03882	90.02806	0.31289	-0.00049	1.00000	-0.00014	-1.00000	-0.00049	0.00068	0.00068	0.00014	1.00000	
1029.83093	-612.79834	378.29506	0.00440	0.04834	90.04267	0.29984	-0.00074	1.00000	0.00008	-1.00000	-0.00074	0.00084	0.00084	-0.00008	1.00000	
1029.12252	-613.14495	378.43018	0.00223	0.04464	90.02401	0.29792	-0.00042	1.00000	0.00004	-1.00000	-0.00042	0.00078	0.00078	-0.00004	1.00000	
1028.96455	-613.22447	378.44254	-0.00258	0.05408	90.02290	0.30308	-0.00040	1.00000	-0.00004	-1.00000	-0.00040	0.00094	0.00094	0.00005	1.00000	
1029.00997	-613.37556	378.96427	-0.01189	0.03815	90.02066	0.29379	-0.00036	1.00000	-0.00021	-1.00000	-0.00036	0.00067	0.00067	0.00021	1.00000	
1029.13374	-613.31535	378.96513	-0.01251	0.03954	90.02478	0.30437	-0.00043	1.00000	-0.00022	-1.00000	-0.00043	0.00069	0.00069	0.00022	1.00000	
1029.28260	-613.46900	379.47272	-0.02224	0.02891	90.02418	0.29865	-0.00042	1.00000	-0.00039	-1.00000	-0.00042	0.00050	0.00050	0.00039	1.00000	
1029.49423	-613.27054	378.87555	-0.01052	0.04042	90.03257	0.29376	-0.00057	1.00000	-0.00018	-1.00000	-0.00057	0.00071	0.00071	0.00018	1.00000	
1028.75890	-613.62224	379.17659	-0.01782	0.03771	90.01251	0.27647	-0.00022	1.00000	-0.00031	-1.00000	-0.00022	0.00066	0.00066	0.00031	1.00000	
1029.31177	-613.36898	378.75930	-0.00755	0.03566	90.02428	0.26954	-0.00042	1.00000	-0.00013	-1.00000	-0.00042	0.00062	0.00062	0.00013	1.00000	
1028.96954	-613.60875	379.08454	-0.01646	0.03826	90.01509	0.28431	-0.00026	1.00000	-0.00029	-1.00000	-0.00026	0.00067	0.00067	0.00029	1.00000	
1029.21825	-613.49640	378.83878	-0.01202	0.04847	90.02341	0.30986	-0.00041	1.00000	-0.00021	-1.00000	-0.00041	0.00085	0.00085	0.00021	1.00000	
1029.21691	-613.37570	378.56302	-0.00854	0.05780	90.02646	0.32683	-0.00046	1.00000	-0.00015	-1.00000	-0.00046	0.00101	0.00101	0.00015	1.00000	
1028.75817	-613.72771	379.05616	-0.01690	0.04522	90.01162	0.34301	-0.00020	1.00000	-0.00029	-1.00000	-0.00020	0.00079	0.00079	0.00030	1.00000	
1029.04892	-613.57074	378.74854	-0.00636	0.03660	90.01609	0.34147	-0.00028	1.00000	-0.00011	-1.00000	-0.00028	0.00064	0.00064	0.00011	1.00000	
1028.87195	-613.66692	378.88483	-0.00783	0.03455	90.01182	0.33716	-0.00021	1.00000	-0.00014	-1.00000	-0.00021	0.00060	0.00060	0.00014	1.00000	
1028.02622	-614.20472	379.66781	-0.02440	0.02333	89.98634	0.37728	0.00024	1.00000	-0.00043	-1.00000	0.00024	0.00041	0.00041	0.00043	1.00000	
1027.40089	-614.20781	378.92650	-0.01068	0.04214	89.97534	0.39135	0.00043	1.00000	-0.00019	-1.00000	0.00043	0.00074	0.00074	0.00019	1.00000	
1027.78483	-614.23054	379.51712	-0.02161	0.02991	89.98178	0.41398	0.00032	1.00000	-0.00038	-1.00000	0.00032	0.00052	0.00052	0.00038	1.00000	
1027.22502	-614.28865	378.96436	-0.01191	0.04494	89.97092	0.42529	0.00051	1.00000	-0.00021	-1.00000	0.00051	0.00078	0.00078	0.00021	1.00000	
1027.98507	-613.92577	378.38129	0.00425	0.03884	89.98882	0.38372	0.00020	1.00000	0.00007	-1.00000	0.00020	0.00068	0.00068	-0.00007	1.00000	
1028.72561	-613.83145	378.95465	-0.00384	0.02097	90.00347	0.36179	-0.00006	1.00000	-0.00007	-1.00000	-0.00006	0.00037	0.00037	0.00007	1.00000	
1028.26157	-613.97566	378.82634	-0.00698	0.04018	89.99615	0.39040	0.00007	1.00000	-0.00012	-1.00000	0.00007	0.00070	0.00070	0.00012	1.00000	
1028.67095	-613.82259	378.63932	-0.00308	0.03930	90.00732	0.35807	-0.00013	1.00000	-0.00005	-1.00000	-0.00013	0.00069	0.00069	0.00005	1.00000	
1028.31536	-613.97927	378.90983	-0.01169	0.04459	89.99966	0.37295	0.00001	1.00000	-0.00020	-1.00000	0.00001	0.00078	0.00078	0.00020	1.00000	
1027.90080	-614.16647	378.88034	-0.00902	0.04074	89.98794	0.36529	0.00021	1.00000	-0.00016	-1.00000	0.00021	0.00071	0.00071	0.00016	1.00000	
1028.38019	-614.18164	379.35780	-0.02103	0.03706	89.99948	0.35698	0.00001	1.00000	-0.00037	-1.00000	0.00001	0.00065	0.00065	0.00037	1.00000	
1028.56358	-614.04761	379.19562	-0.01690	0.03714	90.00433	0.38660	-0.00008	1.00000	-0.00029	-1.00000	-0.00008	0.00065	0.00065	0.00029	1.00000	
1028.37336	-614.08794	379.01395	-0.01132	0.03600	89.99905	0.38376	0.00002	1.00000	-0.00020	-1.00000	0.00002	0.00063	0.00063	0.00020	1.00000	
1027.89776	-614.44311	379.58164	-0.02452	0.02986	89.98400	0.36352	0.00028	1.00000	-0.00043	-1.00000	0.00028	0.00052	0.00052	0.00043	1.00000	
1028.21464	-614.19397	379.09520	-0.01449	0.03663	89.99301	0.32087	0.00012	1.00000	-0.00025	-1.00000	0.00012	0.00064	0.00064	0.00025	1.00000	
1028.31898	-614.31800	379.46057	-0.01874	0.02189	89.99172	0.33045	0.00014	1.00000	-0.00033	-1.00000	0.00014	0.00038	0.00038	0.00033	1.00000	
1027.62678	-614.42378	378.97563	-0.01394	0.04368	89.97971	0.32064	0.00035	1.00000	-0.00024	-1.00000	0.00035	0.00076	0.00076	0.00024	1.00000	
1028.85201	-613.99537	378.69106	-0.00509	0.03813	90.00884	0.30580	-0.00015	1.00000	-0.00009	-1.00000	-0.00015	0.00067	0.00067	0.00009	1.00000	
1028.06551	-614.39572	379.11733	-0.01449	0.03512	89.98788	0.31580	0.00021	1.00000	-0.00025	-1.00000	0.00021	0.00061	0.00061	0.00025	1.00000	
1028.74590	-614.13982	379.04610	-0.01406	0.03783	90.00684	0.29847	-0.00012	1.00000	-0.00025	-1.00000	-0.00012	0.00066	0.00066	0.00025	1.00000	
1028.28013	-614.11494	378.49661	-0.00140	0.04357	89.99496	0.31054	0.00009	1.00000	-0.00002	-1.00000	0.00009	0.00076	0.00076	0.00002	1.00000	
1028.35801	-614.12090	378.62638	-0.00745	0.05001	89.99986	0.33346	0.00000	1.00000	-0.00013	-1.00000	0.00000	0.00087	0.00087	0.00013	1.00000	
1028.43553	-614.20373	378.87788	-0.01175	0.04268	89.99859	0.32060	0.00002	1.00000	-0.00021	-1.00000	0.00002	0.00074	0.00074	0.00021	1.00000	
1028.28037	-614.28197	379.16141	-0.01989	0.04699	89.99532	0.31988	0.00008	1.00000	-0.00035	-1.00000	0.00008	0.00082	0.00082	0.00035	1.00000	
1028.80474	-614.04563	378.74739	-0.01094	0.05286	90.01112	0.29175	-0.00019	1.00000	-0.00019	-1.00000	-0.00019	0.00092	0.00092	0.00019	1.00000	
1028.55011	-614.15462	378.72233	-0.01196	0.05606	90.00501	0.30429	-0.00009	1.00000	-0.00021	-1.00000	-0.00009	0.00098	0.00098	0.00021	1.00000	
1028.13918	-614.11930	378.07138	0.00226	0.06247	89.99760	0.30277	0.00004	1.00000	0.00004	-1.00000	0.00004	0.00109	0.00109	-0.00004	1.00000	
1027.87032	-614.34597	378.73481	-0.00955	0.04931	89.98748	0.31828	0.00022	1.00000	-0.00017	-1.00000	0.00022	0.00086	0.00086	0.00017	1.00000	
1028.05004	-614.11997	378.08229	0.00376	0.05673	89.99545	0.30450	0.00008	1.00000	0.00007	-1.00000	0.00008	0.00099	0.00099	-0.00007	1.00000	
1028.31201	-614.06487	378.27110	-0.00254	0.06221	90.00456	0.32004	-0.00008	1.00000	-0.00004	-1.00000	-0.00008	0.00109	0.00109	0.00004	1.00000	
1028.32413	-613.98349	377.98355	0.00997	0.04912	90.00177	0.31754	-0.00003	1.00000	0.00017	-1.00000	-0.00003	0.00086	0.00086	-0.00017	1.00000	
1027.94912	-614.29743	378.63864	-0.00692	0.04545	89.99133	0.28985	0.00015	1.00000	-0.00012	-1.00000	0.00015	0.00079	0.00079	0.00012	1.00000	
1027.78113	-614.29061	378.43077	-0.00283	0.05016	89.98965	0.28770	0.00018	1.00000	-0.00005	-1.00000	0.00018	0.00088	0.00088	0.00005	1.00000	
1028.49952	-614.01280	378.17430	0.00285	0.04938	90.00866	0.29631	-0.00015	1.00000	0.00005	-1.00000	-0.00015	0.00086	0.00086	-0.00005	1.00000	
1028.06877	-614.08476	377.92665	0.00622	0.05900	90.00159	0.32678	-0.00003	1.00000	0.00011	-1.00000	-0.00003	0.00103	0.00103	-0.00011	1.00000	
1028.05060	-614.05484	377.77537	0.01232	0.05358	90.00011	0.31451	-0.00000	1.00000	0.00021	-1.00000	-0.00000	0.00094	0.00094	-0.00021	1.00000	
1027.60103	-614.32518	378.40831	-0.00117	0.04712	89.98820	0.31332	0.00021	1.00000	-0.00002	-1.00000	0.00021	0.00082	0.00082	0.00002	1.00000	
1028.49309	-613.90282	377.90280	0.01324	0.04414	90.00923	0.30960	-0.00016	1.00000	0.00023	-1.00000	-0.00016	0.00077	0.00077	-0.00023	1.00000	
1028.50289	-613.99159	378.43729	0.00035	0.04208	90.01149	0.30169	-0.00020	1.00000	0.00001	-1.00000	-0.00020	0.00073	0.00073	-0.00001	1.00000	
1028.90586	-613.79767	377.98908	0.01406	0.03599	90.01992	0.26301	-0.00035	1.00000	0.00025	-1.00000	-0.00035	0.00063	0.00063	-0.00025	1.00000	
1028.65715	-613.97550	378.36299	0.00142	0.04412	90.01533	0.26872	-0.00027	1.00000	0.00003	-1.00000	-0.00027	0.00077	0.00077	-0.00002	1.00000	
1028.50650	-614.02173	378.26096	0.00081	0.05543	90.01423	0.27680	-0.00025	1.00000	0.00001	-1.00000	-0.00025	0.00097	0.00097	-0.00001	1.00000	
1028.11490	-614.15728	378.25572	-0.00107	0.05981	90.00540	0.31642	-0.00009	1.00000	-0.00002	-1.00000	-0.00009	0.00104	0.00104	0.00002	1.00000	
1027.82506	-614.36963	378.79136	-0.00991	0.04530	89.99462	0.35176	0.00009	1.00000	-0.00017	-1.00000	0.00009	0.00079	0.00079	0.00017	1.00000	
1028.25591	-614.37670	379.35159	-0.02189	0.03709	90.00182	0.33984	-0.00003	1.00000	-0.00038	-1.00000	-0.00003	0.00065	0.00065	0.00038	1.00000	
1028.38791	-614.32872	379.32522	-0.02200	0.04139	90.00356	0.34698	-0.00006	1.00000	-0.00038	-1.00000	-0.00006	0.00072	0.00072	0.00038	1.00000	
1028.17160	-614.47576	379.61747	-0.02644	0.03330	89.99600	0.34341	0.00007	1.00000	-0.00046	-1.00000	0.00007	0.00058	0.00058	0.00046	1.00000	
1028.12178	-614.55859	379.74260	-0.02737	0.03179	89.99366	0.37025	0.00011	1.00000	-0.00048	-1.00000	0.00011	0.00055	0.00055	0.00048	1.00000	
1028.28612	-614.42207	379.43827	-0.01992	0.03328	89.99825	0.37889	0.00003	1.00000	-0.00035	-1.00000	0.00003	0.00058	0.00058	0.00035	1.00000	
1028.47476	-614.38827	379.64406	-0.02113	0.02002	89.99981	0.36753	0.00000	1.00000	-0.00037	-1.00000	0.00000	0.00035	0.00035	0.00037	1.00000	
1028.16210	-614.45857	379.38567	-0.01802	0.03090	89.99478	0.39677	0.00009	1.00000	-0.00031	-1.00000	0.00009	0.00054	0.00054	0.00031	1.00000	
1027.67672	-614.72168	379.65716	-0.02509	0.03150	89.98241	0.40632	0.00031	1.00000	-0.00044	-1.00000	0.00031	0.00055	0.00055	0.00044	1.00000	
1027.71368	-614.74931	379.70605	-0.02638	0.02936	89.98371	0.36438	0.00028	1.00000	-0.00046	-1.00000	0.00028	0.00051	0.00051	0.00046	1.00000	
1028.24871	-614.58679	379.69536	-0.02277	0.02013	89.99439	0.38308	0.00010	1.00000	-0.00040	-1.00000	0.00010	0.00035	0.00035	0.00040	1.00000	
1028.68424	-614.33770	379.23936	-0.01149	0.02061	90.00630	0.36970	-0.00011	1.00000	-0.00020	-1.00000	-0.00011	0.00036	0.00036	0.00020	1.00000	
1028.16270	-614.54193	379.09438	-0.01328	0.03266	89.99545	0.34316	0.00008	1.00000	-0.00023	-1.00000	0.00008	0.00057	0.00057	0.00023	1.00000	
1029.24581	-614.05720	378.48419	0.00343	0.02823	90.02194	0.30012	-0.00038	1.00000	0.00006	-1.00000	-0.00038	0.00049	0.00049	-0.00006	1.00000	
1028.26355	-614.53108	379.02986	-0.00977	0.02648	89.99824	0.31033	0.00003	1.00000	-0.00017	-1.00000	0.00003	0.00046	0.00046	0.00017	1.00000	
1027.81913	-614.63008	378.73093	-0.00705	0.04055	89.99191	0.30511	0.00014	1.00000	-0.00012	-1.00000	0.00014	0.00071	0.00071	0.00012	1.00000	
1027.44575	-614.90955	379.15799	-0.01374	0.02586	89.97701	0.33683	0.00040	1.00000	-0.00024	-1.00000	0.00040	0.00045	0.00045	0.00024	1.00000	
1027.81785	-614.76065	379.35694	-0.01842	0.02866	89.98741	0.33849	0.00022	1.00000	-0.00032	-1.00000	0.00022	0.00050	0.00050	0.00032	1.00000	
1026.95797	-615.03919	379.25191	-0.01847	0.03616	89.96664	0.36160	0.00058	1.00000	-0.00032	-1.00000	0.00058	0.00063	0.00063	0.00032	1.00000	
1027.82771	-614.66642	378.96367	-0.01214	0.03696	89.98991	0.34654	0.00018	1.00000	-0.00021	-1.00000	0.00018	0.00064	0.00064	0.00021	1.00000	
1028.26081	-614.62117	379.33993	-0.02326	0.04338	90.00138	0.38256	-0.00002	1.00000	-0.00041	-1.00000	-0.00002	0.00076	0.00076	0.00041	1.00000	
1027.97244	-614.51122	378.43655	-0.00035	0.04913	89.99473	0.36957	0.00009	1.00000	-0.00001	-1.00000	0.00009	0.00086	0.00086	0.00001	1.00000	
1028.87999	-614.36520	379.08443	-0.01357	0.04091	90.01539	0.34518	-0.00027	1.00000	-0.00024	-1.00000	-0.00027	0.00071	0.00071	0.00024	1.00000	
1027.85321	-614.78243	379.25961	-0.01649	0.04064	89.98803	0.39254	0.00021	1.00000	-0.00029	-1.00000	0.00021	0.00071	0.00071	0.00029	1.00000	
1029.55968	-614.02331	378.49200	0.00359	0.03871	90.03159	0.35864	-0.00055	1.00000	0.00006	-1.00000	-0.00055	0.00068	0.00068	-0.00006	1.00000	
1029.76625	-613.95040	378.46485	0.00355	0.03771	90.03620	0.34473	-0.00063	1.00000	0.00006	-1.00000	-0.00063	0.00066	0.00066	-0.00006	1.00000	
1029.11811	-614.08424	378.16539	0.00521	0.05127	90.02386	0.39318	-0.00042	1.00000	0.00009	-1.00000	-0.00042	0.00089	0.00089	-0.00009	1.00000	
1028.44625	-614.34572	378.55086	-0.01064	0.06358	90.01066	0.36165	-0.00019	1.00000	-0.00019	-1.00000	-0.00019	0.00111	0.00111	0.00019	1.00000	
1028.26450	-614.42110	378.56012	-0.01352	0.06878	90.00752	0.35544	-0.00013	1.00000	-0.00024	-1.00000	-0.00013	0.00120	0.00120	0.00024	1.00000	
1028.29108	-614.46983	378.73429	-0.01304	0.05024	90.00326	0.31388	-0.00006	1.00000	-0.00023	-1.00000	-0.00006	0.00088	0.00088	0.00023	1.00000	
1028.05546	-614.52617	378.46115	-0.00747	0.05373	89.99885	0.30033	0.00002	1.00000	-0.00013	-1.00000	0.00002	0.00094	0.00094	0.00013	1.00000	
1027.99509	-614.51322	378.34131	-0.00160	0.04887	89.99659	0.28681	0.00006	1.00000	-0.00003	-1.00000	0.00006	0.00085	0.00085	0.00003	1.00000	
1027.88008	-614.66016	378.41030	0.00217	0.03350	89.98939	0.25679	0.00019	1.00000	0.00004	-1.00000	0.00019	0.00058	0.00058	-0.00004	1.00000	
1028.90761	-614.29234	378.20661	0.00796	0.03321	90.01395	0.27287	-0.00024	1.00000	0.00014	-1.00000	-0.00024	0.00058	0.00058	-0.00014	1.00000	
1028.63109	-614.36565	378.20797	0.00498	0.04360	90.01057	0.24512	-0.00018	1.00000	0.00009	-1.00000	-0.00018	0.00076	0.00076	-0.00009	1.00000	
1028.69605	-614.44058	378.49734	-0.00049	0.04153	90.01008	0.26043	-0.00018	1.00000	-0.00001	-1.00000	-0.00018	0.00072	0.00072	0.00001	1.00000	
1028.97332	-614.24028	377.90855	0.01030	0.05336	90.01917	0.25669	-0.00033	1.00000	0.00018	-1.00000	-0.00033	0.00093	0.00093	-0.00018	1.00000	
1028.94845	-614.27978	378.06178	0.00564	0.05371	90.01785	0.27158	-0.00031	1.00000	0.00010	-1.00000	-0.00031	0.00094	0.00094	-0.00010	1.00000	
1028.50677	-614.49892	378.33202	-0.00238	0.05705	90.00748	0.23758	-0.00013	1.00000	-0.00004	-1.00000	-0.00013	0.00100	0.00100	0.00004	1.00000	
1029.13099	-614.17816	377.85878	0.00928	0.05707	90.02377	0.23135	-0.00041	1.00000	0.00016	-1.00000	-0.00042	0.00100	0.00100	-0.00016	1.00000	
1028.93891	-614.34499	378.36546	0.00011	0.04568	90.01598	0.23689	-0.00028	1.00000	0.00000	-1.00000	-0.00028	0.00080	0.00080	-0.00000	1.00000	
1030.06251	-613.73389	377.48888	0.01992	0.05404	90.04674	0.22789	-0.00082	1.00000	0.00035	-1.00000	-0.00082	0.00094	0.00094	-0.00035	1.00000	
1029.69865	-613.96226	377.97572	0.00922	0.04753	90.03607	0.23221	-0.00063	1.00000	0.00016	-1.00000	-0.00063	0.00083	0.00083	-0.00016	1.00000	
1029.23260	-613.92428	377.22752	0.02374	0.06185	90.02819	0.25593	-0.00049	1.00000	0.00041	-1.00000	-0.00049	0.00108	0.00108	-0.00041	1.00000	
1029.06425	-614.11954	377.77252	0.01299	0.05087	90.02217	0.22787	-0.00039	1.00000	0.00023	-1.00000	-0.00039	0.00089	0.00089	-0.00023	1.00000	
1028.74216	-614.38357	378.24406	0.00582	0.03753	90.01064	0.26502	-0.00019	1.00000	0.00010	-1.00000	-0.00019	0.00065	0.00066	-0.00010	1.00000	
1028.95249	-614.28063	378.16534	0.00287	0.05043	90.01846	0.29203	-0.00032	1.00000	0.00005	-1.00000	-0.00032	0.00088	0.00088	-0.00005	1.00000	
1028.11048	-614.65256	378.44063	-0.00418	0.04931	89.99573	0.30487	0.00007	1.00000	-0.00007	-1.00000	0.00007	0.00086	0.00086	0.00007	1.00000	
1027.21313	-615.10512	378.68566	-0.01288	0.05397	89.97468	0.29665	0.00044	1.00000	-0.00023	-1.00000	0.00044	0.00094	0.00094	0.00022	1.00000	
1027.19136	-615.16985	378.74183	-0.01246	0.05450	89.97419	0.31454	0.00045	1.00000	-0.00022	-1.00000	0.00045	0.00095	0.00095	0.00022	1.00000	
1027.93347	-614.91315	378.57050	-0.00480	0.04819	89.99062	0.32411	0.00016	1.00000	-0.00008	-1.00000	0.00016	0.00084	0.00084	0.00008	1.00000	
1027.14601	-615.23992	378.54590	-0.00512	0.05210	89.97195	0.31014	0.00049	1.00000	-0.00009	-1.00000	0.00049	0.00091	0.00091	0.00009	1.00000	
1027.15181	-615.15769	378.37497	-0.00531	0.06704	89.97450	0.37244	0.00045	1.00000	-0.00009	-1.00000	0.00045	0.00117	0.00117	0.00009	1.00000	
1027.07567	-615.20006	378.37882	-0.00302	0.06206	89.97079	0.33427	0.00051	1.00000	-0.00005	-1.00000	0.00051	0.00108	0.00108	0.00005	1.00000	
1028.20368	-614.81172	378.47396	-0.00452	0.05735	89.99944	0.34367	0.00001	1.00000	-0.00008	-1.00000	0.00001	0.00100	0.00100	0.00008	1.00000	
1028.52592	-614.60784	378.21429	-0.00138	0.06639	90.01004	0.35521	-0.00018	1.00000	-0.00002	-1.00000	-0.00018	0.00116	0.00116	0.00002	1.00000	
1027.20164	-615.16034	378.70329	-0.01636	0.07348	89.97876	0.34800	0.00037	1.00000	-0.00029	-1.00000	0.00037	0.00128	0.00128	0.00029	1.00000	
1027.49013	-615.08941	378.69186	-0.01728	0.07573	89.98624	0.33930	0.00024	1.00000	-0.00030	-1.00000	0.00024	0.00132	0.00132	0.00030	1.00000	
1028.05454	-614.71316	377.90941	0.00209	0.07469	90.00072	0.35585	-0.00001	1.00000	0.00004	-1.00000	-0.00001	0.00130	0.00130	-0.00004	1.00000	
1028.03453	-614.81997	378.32634	-0.00727	0.06776	89.99901	0.33855	0.00002	1.00000	-0.00013	-1.00000	0.00002	0.00118	0.00118	0.00013	1.00000	
1027.21458	-615.19863	378.64059	-0.01430	0.06536	89.97704	0.33531	0.00040	1.00000	-0.00025	-1.00000	0.00040	0.00114	0.00114	0.00025	1.00000	
1026.34676	-615.46584	378.39162	-0.01052	0.07088	89.95483	0.35083	0.00079	1.00000	-0.00018	-1.00000	0.00079	0.00124	0.00124	0.00018	1.00000	
1027.20927	-615.20953	378.32851	-0.00753	0.06818	89.97549	0.37013	0.00043	1.00000	-0.00013	-1.00000	0.00043	0.00119	0.00119	0.00013	1.00000	
1026.82629	-615.57288	379.09845	-0.02333	0.05988	89.96249	0.35991	0.00065	1.00000	-0.00041	-1.00000	0.00066	0.00104	0.00105	0.00041	1.00000	
1026.13793	-615.82122	378.96562	-0.02328	0.06804	89.94614	0.36843	0.00094	1.00000	-0.00041	-1.00000	0.00094	0.00119	0.00119	0.00041	1.00000	
1026.18764	-615.76523	378.64217	-0.01618	0.07532	89.94733	0.35197	0.00092	1.00000	-0.00028	-1.00000	0.00092	0.00131	0.00131	0.00028	1.00000	
1027.06422	-615.47176	378.71207	-0.01422	0.06440	89.96758	0.35962	0.00057	1.00000	-0.00025	-1.00000	0.00057	0.00112	0.00112	0.00025	1.00000	
1026.86892	-615.36127	378.10961	-0.00277	0.07861	89.96588	0.34848	0.00060	1.00000	-0.00005	-1.00000	0.00060	0.00137	0.00137	0.00005	1.00000	
1027.50770	-615.17423	378.25798	-0.00243	0.06608	89.97986	0.33723	0.00035	1.00000	-0.00004	-1.00000	0.00035	0.00115	0.00115	0.00004	1.00000	
1027.28454	-615.27447	378.49207	-0.00786	0.06357	89.97321	0.35788	0.00047	1.00000	-0.00014	-1.00000	0.00047	0.00111	0.00111	0.00014	1.00000	
1027.66693	-615.05569	378.18470	-0.00341	0.06984	89.98506	0.34996	0.00026	1.00000	-0.00006	-1.00000	0.00026	0.00122	0.00122	0.00006	1.00000	
1027.14142	-615.22480	378.28078	-0.00312	0.05814	89.96969	0.34083	0.00053	1.00000	-0.00006	-1.00000	0.00053	0.00101	0.00101	0.00005	1.00000	
1026.55329	-615.53937	378.79600	-0.02171	0.07261	89.95896	0.36157	0.00072	1.00000	-0.00038	-1.00000	0.00072	0.00127	0.00127	0.00038	1.00000	
1026.42563	-615.72138	378.95799	-0.02021	0.05472	89.95071	0.38037	0.00086	1.00000	-0.00035	-1.00000	0.00086	0.00095	0.00095	0.00035	1.00000	
1026.91628	-615.44311	378.43478	-0.00545	0.04818	89.96056	0.36702	0.00069	1.00000	-0.00010	-1.00000	0.00069	0.00084	0.00084	0.00010	1.00000	
1026.34914	-615.74215	378.81394	-0.01220	0.04020	89.94304	0.34688	0.00099	1.00000	-0.00021	-1.00000	0.00099	0.00070	0.00070	0.00021	1.00000	
1026.58390	-615.58686	378.58424	-0.01038	0.05522	89.95265	0.31478	0.00083	1.00000	-0.00018	-1.00000	0.00083	0.00096	0.00096	0.00018	1.00000	
1025.80519	-615.93882	378.92894	-0.01535	0.04509	89.92886	0.32527	0.00124	1.00000	-0.00027	-1.00000	0.00124	0.00079	0.00079	0.00027	1.00000	
1027.18304	-615.38958	378.74931	-0.00873	0.04114	89.96288	0.34294	0.00065	1.00000	-0.00015	-1.00000	0.00065	0.00072	0.00072	0.00015	1.00000	
1026.99122	-615.51041	378.94494	-0.01430	0.04180	89.95824	0.33862	0.00073	1.00000	-0.00025	-1.00000	0.00073	0.00073	0.00073	0.00025	1.00000	
1027.06396	-615.26164	378.25232	-0.00444	0.06320	89.96486	0.35666	0.00061	1.00000	-0.00008	-1.00000	0.00061	0.00110	0.00110	0.00008	1.00000	
1026.28998	-615.73031	378.88385	-0.01766	0.05395	89.94158	0.38795	0.00102	1.00000	-0.00031	-1.00000	0.00102	0.00094	0.00094	0.00031	1.00000	
1026.17768	-615.85175	379.24824	-0.02465	0.05083	89.93800	0.38783	0.00108	1.00000	-0.00043	-1.00000	0.00108	0.00089	0.00089	0.00043	1.00000	
1026.67180	-615.74412	379.29667	-0.02388	0.04651	89.94868	0.39823	0.00090	1.00000	-0.00042	-1.00000	0.00090	0.00081	0.00081	0.00042	1.00000	
1026.78452	-615.60715	378.90406	-0.01552	0.05199	89.95162	0.37598	0.00084	1.00000	-0.00027	-1.00000	0.00084	0.00091	0.00091	0.00027	1.00000	
1027.47658	-615.40047	378.92403	-0.01324	0.04667	89.96770	0.37034	0.00056	1.00000	-0.00023	-1.00000	0.00056	0.00081	0.00081	0.00023	1.00000	
1027.76908	-615.17532	378.40770	0.00026	0.04791	89.97464	0.38177	0.00044	1.00000	0.00000	-1.00000	0.00044	0.00084	0.00084	-0.00000	1.00000	
1027.88371	-615.24147	378.72099	-0.00377	0.03688	89.97427	0.31556	0.00045	1.00000	-0.00007	-1.00000	0.00045	0.00064	0.00064	0.00007	1.00000	
1027.70294	-615.27355	378.60951	-0.00493	0.05230	89.97273	0.33647	0.00048	1.00000	-0.00009	-1.00000	0.00048	0.00091	0.00091	0.00009	1.00000	
1028.41057	-615.14461	378.84173	-0.00838	0.04381	89.98737	0.33418	0.00022	1.00000	-0.00015	-1.00000	0.00022	0.00076	0.00076	0.00015	1.00000	
1029.06769	-614.70135	378.01565	0.01061	0.05153	90.00608	0.35724	-0.00011	1.00000	0.00019	-1.00000	-0.00011	0.00090	0.00090	-0.00019	1.00000	
1029.43855	-614.63829	378.28403	0.00365	0.05223	90.01695	0.37560	-0.00030	1.00000	0.00006	-1.00000	-0.00030	0.00091	0.00091	-0.00006	1.00000	
1029.17558	-614.76894	378.40959	0.00087	0.04577	90.00809	0.34647	-0.00014	1.00000	0.00002	-1.00000	-0.00014	0.00080	0.00080	-0.00002	1.00000	
1028.16289	-615.14391	378.70743	-0.00888	0.05188	89.98505	0.35371	0.00026	1.00000	-0.00016	-1.00000	0.00026	0.00091	0.00091	0.00015	1.00000	
1028.25214	-615.05712	378.45821	-0.00343	0.05270	89.98761	0.35646	0.00022	1.00000	-0.00006	-1.00000	0.00022	0.00092	0.00092	0.00006	1.00000	
1028.16815	-615.06386	378.35453	-0.00317	0.05815	89.98689	0.34603	0.00023	1.00000	-0.00006	-1.00000	0.00023	0.00101	0.00101	0.00006	1.00000	
1027.06386	-615.53097	378.72322	-0.01488	0.06835	89.96205	0.35156	0.00066	1.00000	-0.00026	-1.00000	0.00066	0.00119	0.00119	0.00026	1.00000	
1027.21166	-615.52689	378.88387	-0.01496	0.05667	89.96138	0.36021	0.00067	1.00000	-0.00026	-1.00000	0.00067	0.00099	0.00099	0.00026	1.00000	
1027.50916	-615.51120	379.21881	-0.02231	0.05323	89.96951	0.35004	0.00053	1.00000	-0.00039	-1.00000	0.00053	0.00093	0.00093	0.00039	1.00000	
1027.94897	-615.24615	378.64757	-0.00981	0.06222	89.98185	0.34800	0.00032	1.00000	-0.00017	-1.00000	0.00032	0.00109	0.00109	0.00017	1.00000	
1028.43108	-615.19478	378.76186	-0.01256	0.06298	89.99361	0.34109	0.00011	1.00000	-0.00022	-1.00000	0.00011	0.00110	0.00110	0.00022	1.00000	
1028.47404	-615.09087	378.32677	-0.00152	0.06482	89.99343	0.35417	0.00011	1.00000	-0.00003	-1.00000	0.00011	0.00113	0.00113	0.00003	1.00000	
1027.30191	-615.66193	378.72700	-0.01500	0.07503	89.96507	0.32111	0.00061	1.00000	-0.00026	-1.00000	0.00061	0.00131	0.00131	0.00026	1.00000	
1027.60683	-615.62721	378.95807	-0.01894	0.06784	89.96943	0.36804	0.00053	1.00000	-0.00033	-1.00000	0.00053	0.00118	0.00118	0.00033	1.00000	
1028.18409	-615.33276	378.66922	-0.01188	0.06904	89.98486	0.36728	0.00026	1.00000	-0.00021	-1.00000	0.00026	0.00120	0.00120	0.00021	1.00000	
1027.73644	-615.53081	378.75226	-0.01513	0.07333	89.97443	0.38224	0.00045	1.00000	-0.00026	-1.00000	0.00045	0.00128	0.00128	0.00026	1.00000	
1027.54373	-615.62569	379.00481	-0.01866	0.06771	89.96684	0.35736	0.00058	1.00000	-0.00033	-1.00000	0.00058	0.00118	0.00118	0.00033	1.00000	
1028.92098	-614.96215	378.35911	-0.00000	0.06118	90.00182	0.36583	-0.00003	1.00000	-0.00000	-1.00000	-0.00003	0.00107	0.00107	0.00000	1.00000	
1028.88270	-614.92366	378.27543	0.00633	0.05391	89.99844	0.35447	0.00003	1.00000	0.00011	-1.00000	0.00003	0.00094	0.00094	-0.00011	1.00000	
1026.98216	-615.80692	379.28172	-0.02354	0.06475	89.95340	0.36318	0.00081	1.00000	-0.00041	-1.00000	0.00081	0.00113	0.00113	0.00041	1.00000	
1027.98907	-615.33413	378.97817	-0.01133	0.05900	89.97771	0.37060	0.00039	1.00000	-0.00020	-1.00000	0.00039	0.00103	0.00103	0.00020	1.00000	
1027.86874	-615.39292	379.02814	-0.01412	0.05748	89.97510	0.36372	0.00043	1.00000	-0.00025	-1.00000	0.00043	0.00100	0.00100	0.00025	1.00000	
1028.02158	-615.28392	378.94354	-0.01337	0.06376	89.98250	0.35410	0.00031	1.00000	-0.00023	-1.00000	0.00031	0.00111	0.00111	0.00023	1.00000	
1028.73659	-614.98759	378.80744	-0.00635	0.05290	89.99841	0.38493	0.00003	1.00000	-0.00011	-1.00000	0.00003	0.00092	0.00092	0.00011	1.00000	
1027.71501	-615.60712	379.74100	-0.02620	0.04144	89.96786	0.39104	0.00056	1.00000	-0.00046	-1.00000	0.00056	0.00072	0.00072	0.00046	1.00000	
1028.11318	-615.19551	378.64253	0.00036	0.04416	89.97886	0.42691	0.00037	1.00000	0.00001	-1.00000	0.00037	0.00077	0.00077	-0.00001	1.00000	
1028.28559	-615.20988	378.83644	-0.00533	0.04570	89.98297	0.39383	0.00030	1.00000	-0.00009	-1.00000	0.00030	0.00080	0.00080	0.00009	1.00000	
1027.63037	-615.54397	379.31093	-0.01814	0.04791	89.96642	0.39478	0.00059	1.00000	-0.00032	-1.00000	0.00059	0.00084	0.00084	0.00032	1.00000	
1028.30702	-615.21791	378.77386	-0.00459	0.04006	89.98051	0.38602	0.00034	1.00000	-0.00008	-1.00000	0.00034	0.00070	0.00070	0.00008	1.00000	
1029.14924	-614.89219	378.64020	-0.00043	0.03762	90.00247	0.34129	-0.00004	1.00000	-0.00001	-1.00000	-0.00004	0.00066	0.00066	0.00001	1.00000	
1027.57682	-615.57719	379.02302	-0.01481	0.04836	89.96268	0.36070	0.00065	1.00000	-0.00026	-1.00000	0.00065	0.00084	0.00084	0.00026	1.00000	
1026.82241	-615.92160	379.26669	-0.02485	0.05772	89.94530	0.38190	0.00095	1.00000	-0.00043	-1.00000	0.00095	0.00101	0.00101	0.00043	1.00000	
1026.39712	-616.01837	378.82186	-0.01809	0.06737	89.93491	0.37738	0.00114	1.00000	-0.00032	-1.00000	0.00114	0.00118	0.00118	0.00032	1.00000	
1027.59408	-615.78773	379.31664	-0.02532	0.04870	89.96035	0.34901	0.00069	1.00000	-0.00044	-1.00000	0.00069	0.00085	0.00085	0.00044	1.00000	
1027.77457	-615.54749	378.57294	-0.01036	0.06310	89.96825	0.32168	0.00055	1.00000	-0.00018	-1.00000	0.00055	0.00110	0.00110	0.00018	1.00000	
1027.77956	-615.60952	378.81329	-0.01440	0.05682	89.96674	0.32499	0.00058	1.00000	-0.00025	-1.00000	0.00058	0.00099	0.00099	0.00025	1.00000	
1028.10687	-615.46973	378.62125	-0.01068	0.05782	89.97586	0.31380	0.00042	1.00000	-0.00019	-1.00000	0.00042	0.00101	0.00101	0.00019	1.00000	
1027.39788	-615.80098	379.01856	-0.02301	0.06484	89.95926	0.31390	0.00071	1.00000	-0.00040	-1.00000	0.00071	0.00113	0.00113	0.00040	1.00000	
1027.49863	-615.71992	378.96275	-0.02277	0.07137	89.96407	0.32898	0.00063	1.00000	-0.00040	-1.00000	0.00063	0.00125	0.00125	0.00040	1.00000	
1027.36017	-615.70475	378.87074	-0.02191	0.07702	89.96206	0.37055	0.00066	1.00000	-0.00038	-1.00000	0.00066	0.00134	0.00134	0.00038	1.00000	
1028.25362	-615.27094	378.52525	-0.00727	0.06375	89.98151	0.38769	0.00032	1.00000	-0.00013	-1.00000	0.00032	0.00111	0.00111	0.00013	1.00000	
1027.59689	-615.60612	379.12503	-0.01990	0.05856	89.96352	0.35998	0.00064	1.00000	-0.00035	-1.00000	0.00064	0.00102	0.00102	0.00035	1.00000	
1027.95682	-615.34362	378.73189	-0.01124	0.06358	89.97549	0.38390	0.00043	1.00000	-0.00020	-1.00000	0.00043	0.00111	0.00111	0.00020	1.00000	
1028.45809	-615.08191	378.47516	-0.00505	0.06548	89.98922	0.38332	0.00019	1.00000	-0.00009	-1.00000	0.00019	0.00114	0.00114	0.00009	1.00000	
1027.26867	-615.75069	379.50519	-0.02800	0.05780	89.95739	0.36964	0.00074	1.00000	-0.00049	-1.00000	0.00074	0.00101	0.00101	0.00049	1.00000	
1027.47180	-615.65693	379.41635	-0.02760	0.06163	89.96310	0.39136	0.00064	1.00000	-0.00048	-1.00000	0.00064	0.00108	0.00108	0.00048	1.00000	
1027.94061	-615.57546	379.51890	-0.02529	0.04647	89.97176	0.38079	0.00049	1.00000	-0.00044	-1.00000	0.00049	0.00081	0.00081	0.00044	1.00000	
1027.65924	-615.61716	379.29842	-0.02232	0.05432	89.96527	0.39232	0.00061	1.00000	-0.00039	-1.00000	0.00061	0.00095	0.00095	0.00039	1.00000	
1028.02326	-615.41617	378.83775	-0.01599	0.06871	89.97677	0.40802	0.00041	1.00000	-0.00028	-1.00000	0.00041	0.00120	0.00120	0.00028	1.00000	
1028.79284	-615.25869	379.28888	-0.02481	0.06084	89.99346	0.40462	0.00011	1.00000	-0.00043	-1.00000	0.00011	0.00106	0.00106	0.00043	1.00000	
1028.55425	-615.34344	379.25365	-0.02077	0.05153	89.98402	0.40104	0.00028	1.00000	-0.00036	-1.00000	0.00028	0.00090	0.00090	0.00036	1.00000	
1026.93535	-615.96345	379.67999	-0.03516	0.06018	89.94476	0.39428	0.00096	1.00000	-0.00061	-1.00000	0.00096	0.00105	0.00105	0.00061	1.00000	
1027.79117	-615.73598	379.81764	-0.03617	0.05051	89.96308	0.39252	0.00064	1.00000	-0.00063	-1.00000	0.00064	0.00088	0.00088	0.00063	1.00000	
1027.89100	-615.40557	378.76227	-0.01622	0.06955	89.97091	0.39169	0.00051	1.00000	-0.00028	-1.00000	0.00051	0.00121	0.00121	0.00028	1.00000	
1026.70982	-615.87689	379.13277	-0.02288	0.06391	89.93884	0.37629	0.00107	1.00000	-0.00040	-1.00000	0.00107	0.00112	0.00112	0.00040	1.00000	
1026.59367	-615.89042	379.04444	-0.02291	0.06971	89.93708	0.37523	0.00110	1.00000	-0.00040	-1.00000	0.00110	0.00122	0.00122	0.00040	1.00000	
1026.88443	-615.68508	378.71014	-0.01217	0.06430	89.94553	0.38779	0.00095	1.00000	-0.00021	-1.00000	0.00095	0.00112	0.00112	0.00021	1.00000	
1027.34751	-615.59551	378.87523	-0.01628	0.06504	89.95554	0.40859	0.00078	1.00000	-0.00029	-1.00000	0.00078	0.00113	0.00114	0.00028	1.00000	
1027.25009	-615.64534	379.18327	-0.02387	0.06620	89.95384	0.40508	0.00081	1.00000	-0.00042	-1.00000	0.00081	0.00116	0.00116	0.00042	1.00000	
1026.63102	-615.88431	379.42257	-0.03094	0.06616	89.93769	0.40723	0.00109	1.00000	-0.00054	-1.00000	0.00109	0.00115	0.00115	0.00054	1.00000	
1027.03673	-615.67220	379.19316	-0.02428	0.06437	89.94849	0.43138	0.00090	1.00000	-0.00042	-1.00000	0.00090	0.00112	0.00112	0.00042	1.00000	
1026.91105	-615.57872	378.80280	-0.01936	0.07958	89.94928	0.44483	0.00089	1.00000	-0.00034	-1.00000	0.00089	0.00139	0.00139	0.00034	1.00000	
1028.16174	-615.12596	378.74871	-0.00841	0.05368	89.97544	0.45206	0.00043	1.00000	-0.00015	-1.00000	0.00043	0.00094	0.00094	0.00015	1.00000	
1027.40421	-615.35592	378.77331	-0.01181	0.06068	89.95794	0.44887	0.00073	1.00000	-0.00021	-1.00000	0.00073	0.00106	0.00106	0.00021	1.00000	
1027.29769	-615.38743	378.93307	-0.01328	0.05555	89.95535	0.44104	0.00078	1.00000	-0.00023	-1.00000	0.00078	0.00097	0.00097	0.00023	1.00000	
1027.14680	-615.32118	378.61613	-0.00738	0.06085	89.95267	0.46524	0.00083	1.00000	-0.00013	-1.00000	0.00083	0.00106	0.00106	0.00013	1.00000	
1027.33124	-615.39543	379.28152	-0.02134	0.05607	89.95659	0.43819	0.00076	1.00000	-0.00037	-1.00000	0.00076	0.00098	0.00098	0.00037	1.00000	
1027.16172	-615.40335	378.97702	-0.01596	0.06183	89.95345	0.41870	0.00081	1.00000	-0.00028	-1.00000	0.00081	0.00108	0.00108	0.00028	1.00000	
1027.50052	-615.24488	378.96105	-0.01097	0.05128	89.95949	0.40696	0.00071	1.00000	-0.00019	-1.00000	0.00071	0.00089	0.00090	0.00019	1.00000	
1027.69170	-615.14985	378.89565	-0.01074	0.05605	89.96500	0.42086	0.00061	1.00000	-0.00019	-1.00000	0.00061	0.00098	0.00098	0.00019	1.00000	
1028.10822	-614.80992	378.05652	0.00794	0.06852	89.97736	0.44926	0.00040	1.00000	0.00014	-1.00000	0.00040	0.00120	0.00120	-0.00014	1.00000	
1028.09387	-614.92225	378.64471	-0.00641	0.06519	89.97681	0.42960	0.00040	1.00000	-0.00011	-1.00000	0.00040	0.00114	0.00114	0.00011	1.00000	
1029.23797	-614.42808	378.34929	0.00514	0.05599	90.00240	0.45139	-0.00004	1.00000	0.00009	-1.00000	-0.00004	0.00098	0.00098	-0.00009	1.00000	
1029.37561	-614.36853	378.53620	0.00378	0.04879	90.00472	0.42239	-0.00008	1.00000	0.00007	-1.00000	-0.00008	0.00085	0.00085	-0.00007	1.00000	
1028.00294	-615.03045	379.28494	-0.01498	0.05149	89.96981	0.42094	0.00053	1.00000	-0.00026	-1.00000	0.00053	0.00090	0.00090	0.00026	1.00000	
1028.27534	-615.05426	379.51618	-0.02050	0.04648	89.97580	0.43252	0.00042	1.00000	-0.00036	-1.00000	0.00042	0.00081	0.00081	0.00036	1.00000	
1028.16479	-615.02024	379.20725	-0.01118	0.04006	89.96977	0.44940	0.00053	1.00000	-0.00020	-1.00000	0.00053	0.00070	0.00070	0.00020	1.00000	
1028.47735	-615.11089	379.88372	-0.02245	0.02285	89.97262	0.44937	0.00048	1.00000	-0.00039	-1.00000	0.00048	0.00040	0.00040	0.00039	1.00000	
1028.82206	-614.90234	379.52645	-0.02025	0.04350	89.98681	0.48807	0.00023	1.00000	-0.00035	-1.00000	0.00023	0.00076	0.00076	0.00035	1.00000	
1029.29468	-614.90393	380.06790	-0.02518	0.02169	89.99162	0.45716	0.00015	1.00000	-0.00044	-1.00000	0.00015	0.00038	0.00038	0.00044	1.00000	
1029.30061	-614.79483	379.54816	-0.01438	0.02762	89.99284	0.48200	0.00012	1.00000	-0.00025	-1.00000	0.00012	0.00048	0.00048	0.00025	1.00000	
1028.25755	-615.26469	379.86744	-0.02653	0.04109	89.96866	0.46221	0.00055	1.00000	-0.00046	-1.00000	0.00055	0.00072	0.00072	0.00046	1.00000	
1028.87426	-614.92371	379.22296	-0.01184	0.04342	89.98450	0.42004	0.00027	1.00000	-0.00021	-1.00000	0.00027	0.00076	0.00076	0.00021	1.00000	
1029.15108	-614.83097	379.18222	-0.00820	0.03282	89.98878	0.43567	0.00020	1.00000	-0.00014	-1.00000	0.00020	0.00057	0.00057	0.00014	1.00000	
1028.48952	-615.27301	379.70250	-0.01711	0.01920	89.96752	0.44322	0.00057	1.00000	-0.00030	-1.00000	0.00057	0.00033	0.00034	0.00030	1.00000	
1028.40316	-615.25834	379.65231	-0.02311	0.04062	89.97101	0.40280	0.00051	1.00000	-0.00040	-1.00000	0.00051	0.00071	0.00071	0.00040	1.00000	
1028.14065	-615.53528	380.12186	-0.03086	0.02704	89.96061	0.41165	0.00069	1.00000	-0.00054	-1.00000	0.00069	0.00047	0.00047	0.00054	1.00000	
1029.00087	-614.96226	379.25793	-0.00880	0.02555	89.98223	0.40978	0.00031	1.00000	-0.00015	-1.00000	0.00031	0.00045	0.00045	0.00015	1.00000	
1027.52861	-615.64494	379.94143	-0.03077	0.03943	89.94737	0.41211	0.00092	1.00000	-0.00054	-1.00000	0.00092	0.00069	0.00069	0.00054	1.00000	
1028.45467	-615.26572	379.63348	-0.02597	0.04215	89.96942	0.37249	0.00053	1.00000	-0.00045	-1.00000	0.00053	0.00074	0.00074	0.00045	1.00000	
1027.40139	-615.49204	379.44865	-0.02137	0.04572	89.94358	0.42017	0.00098	1.00000	-0.00037	-1.00000	0.00099	0.00080	0.00080	0.00037	1.00000	
1026.79481	-615.82611	379.78523	-0.02573	0.03078	89.92435	0.41713	0.00132	1.00000	-0.00045	-1.00000	0.00132	0.00054	0.00054	0.00045	1.00000	
1026.70198	-615.90985	380.05573	-0.03421	0.03354	89.92311	0.42819	0.00134	1.00000	-0.00060	-1.00000	0.00134	0.00058	0.00059	0.00060	1.00000	
1027.02647	-615.73177	379.82496	-0.02836	0.03533	89.93166	0.42921	0.00119	1.00000	-0.00050	-1.00000	0.00119	0.00062	0.00062	0.00049	1.00000	
1026.71984	-615.79638	379.51610	-0.02414	0.04214	89.92541	0.45153	0.00130	1.00000	-0.00042	-1.00000	0.00130	0.00073	0.00074	0.00042	1.00000	
1027.06051	-615.58662	379.33049	-0.02047	0.04470	89.93392	0.47211	0.00115	1.00000	-0.00036	-1.00000	0.00115	0.00078	0.00078	0.00036	1.00000	
1028.23512	-615.17522	379.19372	-0.01688	0.04382	89.96267	0.45602	0.00065	1.00000	-0.00030	-1.00000	0.00065	0.00076	0.00076	0.00029	1.00000	
1027.33004	-615.46911	379.05004	-0.01839	0.05988	89.94373	0.43422	0.00098	1.00000	-0.00032	-1.00000	0.00098	0.00104	0.00105	0.00032	1.00000	
1027.36816	-615.34293	378.63789	-0.00684	0.06152	89.94569	0.42539	0.00095	1.00000	-0.00012	-1.00000	0.00095	0.00107	0.00107	0.00012	1.00000	
1027.25635	-615.44551	378.86126	-0.00876	0.04865	89.94118	0.43657	0.00103	1.00000	-0.00015	-1.00000	0.00103	0.00085	0.00085	0.00015	1.00000	
1026.41992	-615.91050	379.66163	-0.03320	0.06258	89.92268	0.41304	0.00135	1.00000	-0.00058	-1.00000	0.00135	0.00109	0.00109	0.00058	1.00000	
1026.77728	-615.56820	378.95485	-0.01460	0.06187	89.93314	0.41064	0.00117	1.00000	-0.00026	-1.00000	0.00117	0.00108	0.00108	0.00025	1.00000	
1026.52603	-615.52095	378.45335	-0.00713	0.07550	89.92993	0.41819	0.00122	1.00000	-0.00013	-1.00000	0.00122	0.00132	0.00132	0.00012	1.00000	
1026.27127	-615.62345	378.59267	-0.00818	0.06409	89.92046	0.41354	0.00139	1.00000	-0.00014	-1.00000	0.00139	0.00112	0.00112	0.00014	1.00000	
1026.68818	-615.50412	378.75622	-0.01485	0.06828	89.93370	0.40858	0.00116	1.00000	-0.00026	-1.00000	0.00116	0.00119	0.00119	0.00026	1.00000	
1027.13175	-615.26942	378.67215	-0.00968	0.05976	89.94295	0.38803	0.00100	1.00000	-0.00017	-1.00000	0.00100	0.00104	0.00104	0.00017	1.00000	
1027.25750	-615.16105	378.46826	-0.00729	0.06793	89.94923	0.39173	0.00089	1.00000	-0.00013	-1.00000	0.00089	0.00119	0.00119	0.00013	1.00000	
1027.93633	-614.96874	378.73975	-0.00912	0.05145	89.96342	0.36548	0.00064	1.00000	-0.00016	-1.00000	0.00064	0.00090	0.00090	0.00016	1.00000	
1027.45637	-615.30893	379.21417	-0.02079	0.05057	89.95053	0.37922	0.00086	1.00000	-0.00036	-1.00000	0.00086	0.00088	0.00088	0.00036	1.00000	
1028.22621	-614.95743	379.08908	-0.01447	0.04612	89.97008	0.38378	0.00052	1.00000	-0.00025	-1.00000	0.00052	0.00080	0.00080	0.00025	1.00000	
1028.88655	-614.53185	378.45959	-0.00067	0.05385	89.99039	0.36511	0.00017	1.00000	-0.00001	-1.00000	0.00017	0.00094	0.00094	0.00001	1.00000	
1029.87681	-614.02055	377.84082	0.01597	0.04907	90.01315	0.36854	-0.00023	1.00000	0.00028	-1.00000	-0.00023	0.00086	0.00086	-0.00028	1.00000	
1029.87520	-614.03746	377.86463	0.01669	0.04412	90.01212	0.38770	-0.00021	1.00000	0.00029	-1.00000	-0.00021	0.00077	0.00077	-0.00029	1.00000	
1029.00043	-614.38802	378.11694	0.00856	0.04945	89.99085	0.37417	0.00016	1.00000	0.00015	-1.00000	0.00016	0.00086	0.00086	-0.00015	1.00000	
1028.70122	-614.51428	378.34225	0.00371	0.04727	89.98275	0.36318	0.00030	1.00000	0.00006	-1.00000	0.00030	0.00083	0.00083	-0.00006	1.00000	
1029.11784	-614.30949	378.13587	0.00402	0.06332	89.99887	0.35911	0.00002	1.00000	0.00007	-1.00000	0.00002	0.00111	0.00111	-0.00007	1.00000	
1028.41732	-614.58095	378.27813	-0.00102	0.06689	89.98183	0.37220	0.00032	1.00000	-0.00002	-1.00000	0.00032	0.00117	0.00117	0.00002	1.00000	
1028.81865	-614.42521	378.34288	-0.00172	0.06900	89.99322	0.35270	0.00012	1.00000	-0.00003	-1.00000	0.00012	0.00120	0.00120	0.00003	1.00000	
1029.35196	-614.32168	378.60383	-0.00576	0.06289	90.00422	0.38239	-0.00007	1.00000	-0.00010	-1.00000	-0.00007	0.00110	0.00110	0.00010	1.00000	
1029.16528	-614.42863	378.84215	-0.01008	0.06002	89.99825	0.35785	0.00003	1.00000	-0.00018	-1.00000	0.00003	0.00105	0.00105	0.00018	1.00000	
1027.98352	-614.96580	379.23348	-0.01529	0.04683	89.96355	0.40503	0.00064	1.00000	-0.00027	-1.00000	0.00064	0.00082	0.00082	0.00027	1.00000	
1027.94281	-615.00982	379.32563	-0.02012	0.05321	89.96433	0.35635	0.00062	1.00000	-0.00035	-1.00000	0.00062	0.00093	0.00093	0.00035	1.00000	
1028.49208	-614.75902	379.17297	-0.01200	0.03899	89.97462	0.39879	0.00044	1.00000	-0.00021	-1.00000	0.00044	0.00068	0.00068	0.00021	1.00000	
1028.34634	-614.45345	377.97104	0.01145	0.05735	89.97647	0.41357	0.00041	1.00000	0.00020	-1.00000	0.00041	0.00100	0.00100	-0.00020	1.00000	
1028.12498	-614.80311	378.89727	-0.00889	0.04417	89.96677	0.43900	0.00058	1.00000	-0.00016	-1.00000	0.00058	0.00077	0.00077	0.00016	1.00000	
1027.91102	-614.79693	378.68177	-0.00404	0.04588	89.96231	0.39201	0.00066	1.00000	-0.00007	-1.00000	0.00066	0.00080	0.00080	0.00007	1.00000	
1028.07680	-614.65212	378.58415	-0.00026	0.04670	89.96770	0.40765	0.00056	1.00000	-0.00000	-1.00000	0.00056	0.00081	0.00081	0.00000	1.00000	
1028.65058	-614.45550	378.70687	0.00056	0.03610	89.97957	0.42958	0.00036	1.00000	0.00001	-1.00000	0.00036	0.00063	0.00063	-0.00001	1.00000	
1027.34708	-615.19496	379.74212	-0.03038	0.04927	89.94973	0.40419	0.00088	1.00000	-0.00053	-1.00000	0.00088	0.00086	0.00086	0.00053	1.00000	
1027.34297	-615.03468	379.32221	-0.01373	0.04208	89.94870	0.40264	0.00090	1.00000	-0.00024	-1.00000	0.00090	0.00073	0.00073	0.00024	1.00000	
1027.02613	-615.26438	379.85109	-0.02654	0.04191	89.94021	0.41508	0.00104	1.00000	-0.00046	-1.00000	0.00104	0.00073	0.00073	0.00046	1.00000	
1026.75113	-615.32449	379.87873	-0.02803	0.04344	89.93481	0.42427	0.00114	1.00000	-0.00049	-1.00000	0.00114	0.00076	0.00076	0.00049	1.00000	
1026.66529	-615.34719	379.87432	-0.02552	0.03896	89.93008	0.43733	0.00122	1.00000	-0.00045	-1.00000	0.00122	0.00068	0.00068	0.00045	1.00000	
1026.17546	-615.58476	380.09446	-0.03061	0.03865	89.91693	0.43688	0.00145	1.00000	-0.00054	-1.00000	0.00145	0.00067	0.00067	0.00053	1.00000	
1026.11780	-615.68012	380.29740	-0.03556	0.03627	89.91568	0.42801	0.00147	1.00000	-0.00062	-1.00000	0.00147	0.00063	0.00063	0.00062	1.00000	
1025.44445	-615.93964	380.62264	-0.04368	0.03879	89.89890	0.42650	0.00176	1.00000	-0.00076	-1.00000	0.00177	0.00068	0.00068	0.00076	1.00000	
1025.85119	-615.68106	380.24045	-0.03341	0.03060	89.90643	0.42519	0.00163	1.00000	-0.00058	-1.00000	0.00163	0.00053	0.00053	0.00058	1.00000	
1025.32273	-615.96395	380.61448	-0.04719	0.04089	89.89406	0.38947	0.00185	1.00000	-0.00083	-1.00000	0.00185	0.00071	0.00071	0.00082	1.00000	
1025.62971	-615.69863	380.16900	-0.03989	0.05514	89.90533	0.36354	0.00165	1.00000	-0.00070	-1.00000	0.00165	0.00096	0.00096	0.00070	1.00000	
1025.70407	-615.70180	380.45878	-0.03997	0.03558	89.90181	0.37495	0.00171	1.00000	-0.00070	-1.00000	0.00171	0.00062	0.00062	0.00070	1.00000	
1025.51257	-615.56470	379.62665	-0.02367	0.04498	89.89925	0.40164	0.00176	1.00000	-0.00041	-1.00000	0.00176	0.00078	0.00079	0.00041	1.00000	
1025.30983	-615.72612	379.72657	-0.02865	0.04560	89.89315	0.38574	0.00186	1.00000	-0.00050	-1.00000	0.00187	0.00079	0.00080	0.00050	1.00000	
1025.98519	-615.43936	379.63971	-0.02495	0.04164	89.90909	0.40614	0.00159	1.00000	-0.00044	-1.00000	0.00159	0.00073	0.00073	0.00044	1.00000	
1025.75874	-615.61069	379.90696	-0.03415	0.04404	89.90439	0.36123	0.00167	1.00000	-0.00060	-1.00000	0.00167	0.00077	0.00077	0.00060	1.00000	
1025.96730	-615.46960	379.42547	-0.02696	0.05381	89.91070	0.38164	0.00156	1.00000	-0.00047	-1.00000	0.00156	0.00094	0.00094	0.00047	1.00000	
1026.37002	-615.33136	379.48522	-0.02792	0.04878	89.91971	0.41011	0.00140	1.00000	-0.00049	-1.00000	0.00140	0.00085	0.00085	0.00049	1.00000	
1026.31532	-615.33228	379.40781	-0.02822	0.05482	89.91990	0.40456	0.00140	1.00000	-0.00049	-1.00000	0.00140	0.00096	0.00096	0.00049	1.00000	
1026.48496	-615.21542	379.36512	-0.02599	0.05392	89.92362	0.43438	0.00133	1.00000	-0.00045	-1.00000	0.00133	0.00094	0.00094	0.00045	1.00000	
1026.21339	-615.32329	379.39984	-0.03489	0.07308	89.92126	0.41618	0.00137	1.00000	-0.00061	-1.00000	0.00138	0.00127	0.00128	0.00061	1.00000	
1026.15903	-615.20339	379.09290	-0.02453	0.06968	89.92015	0.43039	0.00139	1.00000	-0.00043	-1.00000	0.00139	0.00122	0.00122	0.00043	1.00000	
1026.45989	-615.19473	379.35427	-0.03207	0.07194	89.92786	0.42326	0.00126	1.00000	-0.00056	-1.00000	0.00126	0.00125	0.00126	0.00056	1.00000	
1026.62224	-614.99016	379.24252	-0.02510	0.06581	89.93206	0.41327	0.00119	1.00000	-0.00044	-1.00000	0.00119	0.00115	0.00115	0.00044	1.00000	
1026.16239	-615.13397	379.31870	-0.02733	0.06496	89.91837	0.45191	0.00142	1.00000	-0.00048	-1.00000	0.00143	0.00113	0.00113	0.00048	1.00000	
1027.52302	-614.54410	378.89389	-0.01114	0.04772	89.94873	0.40749	0.00089	1.00000	-0.00020	-1.00000	0.00090	0.00083	0.00083	0.00019	1.00000	
1026.90938	-614.59396	378.55625	-0.00876	0.06702	89.93826	0.43659	0.00108	1.00000	-0.00015	-1.00000	0.00108	0.00117	0.00117	0.00015	1.00000	
1026.64384	-614.61773	378.22559	-0.00538	0.08223	89.93494	0.41833	0.00114	1.00000	-0.00010	-1.00000	0.00114	0.00144	0.00144	0.00009	1.00000	
1026.69561	-614.72149	378.65768	-0.00834	0.05488	89.93055	0.44456	0.00121	1.00000	-0.00015	-1.00000	0.00121	0.00096	0.00096	0.00015	1.00000	
1027.04635	-614.55927	378.46711	-0.00650	0.06811	89.94065	0.41272	0.00104	1.00000	-0.00011	-1.00000	0.00104	0.00119	0.00119	0.00011	1.00000	
1026.10918	-614.99004	378.95439	-0.01982	0.06976	89.91821	0.42521	0.00143	1.00000	-0.00035	-1.00000	0.00143	0.00122	0.00122	0.00035	1.00000	
1027.90138	-614.32022	378.68506	-0.00673	0.05097	89.95886	0.43586	0.00072	1.00000	-0.00012	-1.00000	0.00072	0.00089	0.00089	0.00012	1.00000	
1027.65844	-614.37961	378.65328	-0.00596	0.05641	89.95274	0.44503	0.00082	1.00000	-0.00010	-1.00000	0.00082	0.00098	0.00098	0.00010	1.00000	
1027.58268	-614.56195	379.18656	-0.01978	0.05482	89.95084	0.46615	0.00086	1.00000	-0.00035	-1.00000	0.00086	0.00096	0.00096	0.00035	1.00000	
1027.46137	-614.70788	379.68100	-0.02766	0.04420	89.94606	0.43750	0.00094	1.00000	-0.00048	-1.00000	0.00094	0.00077	0.00077	0.00048	1.00000	
1027.68767	-614.67845	379.87655	-0.03553	0.05652	89.95544	0.44140	0.00078	1.00000	-0.00062	-1.00000	0.00078	0.00099	0.00099	0.00062	1.00000	
1027.62262	-614.59486	379.38538	-0.03128	0.08023	89.95931	0.41425	0.00071	1.00000	-0.00055	-1.00000	0.00071	0.00140	0.00140	0.00055	1.00000	
1027.67632	-614.54027	379.21647	-0.02535	0.07594	89.96002	0.44742	0.00070	1.00000	-0.00044	-1.00000	0.00070	0.00133	0.00133	0.00044	1.00000	
1027.40602	-614.62848	379.30336	-0.02436	0.07103	89.95146	0.41453	0.00085	1.00000	-0.00043	-1.00000	0.00085	0.00124	0.00124	0.00043	1.00000	
1027.80606	-614.31265	378.45773	-0.00517	0.07589	89.96283	0.47192	0.00065	1.00000	-0.00009	-1.00000	0.00065	0.00132	0.00132	0.00009	1.00000	
1027.95674	-614.23683	378.20359	-0.00168	0.08497	89.96783	0.45578	0.00056	1.00000	-0.00003	-1.00000	0.00056	0.00148	0.00148	0.00003	1.00000	
1027.73265	-614.57113	379.10126	-0.02039	0.07377	89.95898	0.45933	0.00072	1.00000	-0.00036	-1.00000	0.00072	0.00129	0.00129	0.00036	1.00000	
1027.62209	-614.50241	378.80701	-0.01524	0.08082	89.95823	0.44707	0.00073	1.00000	-0.00027	-1.00000	0.00073	0.00141	0.00141	0.00027	1.00000	
1028.88940	-613.97504	378.51636	-0.00662	0.07460	89.98870	0.46024	0.00020	1.00000	-0.00012	-1.00000	0.00020	0.00130	0.00130	0.00012	1.00000	
1028.14850	-614.24565	378.69174	-0.01304	0.08530	89.97397	0.42588	0.00045	1.00000	-0.00023	-1.00000	0.00045	0.00149	0.00149	0.00023	1.00000	
1028.37326	-614.10673	378.36850	-0.00584	0.08705	89.98093	0.42655	0.00033	1.00000	-0.00010	-1.00000	0.00033	0.00152	0.00152	0.00010	1.00000	
1029.54345	-613.53917	377.68717	0.01407	0.07813	90.00833	0.43044	-0.00015	1.00000	0.00025	-1.00000	-0.00015	0.00136	0.00136	-0.00025	1.00000	
1029.05286	-613.78856	378.04209	0.00568	0.07330	89.99366	0.41783	0.00011	1.00000	0.00010	-1.00000	0.00011	0.00128	0.00128	-0.00010	1.00000	
1029.56852	-613.72544	378.24157	-0.00112	0.07837	90.00604	0.43262	-0.00011	1.00000	-0.00002	-1.00000	-0.00011	0.00137	0.00137	0.00002	1.00000	
1029.89479	-613.70834	378.71792	-0.00399	0.05195	90.00767	0.44598	-0.00013	1.00000	-0.00007	-1.00000	-0.00013	0.00091	0.00091	0.00007	1.00000	
1029.11710	-613.95534	378.52607	-0.00407	0.06435	89.99088	0.42853	0.00016	1.00000	-0.00007	-1.00000	0.00016	0.00112	0.00112	0.00007	1.00000	
1029.89635	-613.66525	378.39051	0.00745	0.04689	90.00439	0.40222	-0.00008	1.00000	0.00013	-1.00000	-0.00008	0.00082	0.00082	-0.00013	1.00000	
1029.05834	-614.02809	378.67002	-0.00562	0.05736	89.98493	0.41136	0.00026	1.00000	-0.00010	-1.00000	0.00026	0.00100	0.00100	0.00010	1.00000	
1028.52077	-614.30906	379.22224	-0.01902	0.05579	89.97204	0.40049	0.00049	1.00000	-0.00033	-1.00000	0.00049	0.00097	0.00097	0.00033	1.00000	
1028.76122	-614.20594	379.02397	-0.01333	0.04927	89.97546	0.37062	0.00043	1.00000	-0.00023	-1.00000	0.00043	0.00086	0.00086	0.00023	1.00000	
1028.48801	-614.46286	379.55325	-0.02367	0.03797	89.96494	0.41107	0.00061	1.00000	-0.00041	-1.00000	0.00061	0.00066	0.00066	0.00041	1.00000	
1028.56629	-614.40092	379.52343	-0.02402	0.04309	89.96881	0.36925	0.00054	1.00000	-0.00042	-1.00000	0.00054	0.00075	0.00075	0.00042	1.00000	
1028.06197	-614.44802	379.18048	-0.01591	0.04270	89.95556	0.38787	0.00078	1.00000	-0.00028	-1.00000	0.00078	0.00075	0.00075	0.00028	1.00000	
1027.85938	-614.56948	379.46844	-0.02222	0.04624	89.95142	0.37941	0.00085	1.00000	-0.00039	-1.00000	0.00085	0.00081	0.00081	0.00039	1.00000	
1028.57893	-614.02124	378.23840	0.00669	0.05169	89.97156	0.43853	0.00050	1.00000	0.00012	-1.00000	0.00050	0.00090	0.00090	-0.00012	1.00000	
1028.30209	-614.05807	378.29588	0.00574	0.04891	89.96495	0.41660	0.00061	1.00000	0.00010	-1.00000	0.00061	0.00085	0.00085	-0.00010	1.00000	
1027.61146	-614.33963	378.68235	-0.00118	0.03780	89.94646	0.39211	0.00093	1.00000	-0.00002	-1.00000	0.00093	0.00066	0.00066	0.00002	1.00000	
1027.48666	-614.26047	378.30681	0.00353	0.05359	89.94651	0.40735	0.00093	1.00000	0.00006	-1.00000	0.00093	0.00094	0.00094	-0.00006	1.00000	
1026.89674	-614.48248	378.48085	0.00159	0.04602	89.93012	0.42896	0.00122	1.00000	0.00003	-1.00000	0.00122	0.00080	0.00080	-0.00003	1.00000	
1027.30886	-614.27742	378.44313	-0.00140	0.05858	89.94445	0.43968	0.00097	1.00000	-0.00003	-1.00000	0.00097	0.00102	0.00102	0.00002	1.00000	
1026.21359	-614.57402	378.23162	0.00162	0.06579	89.91946	0.44322	0.00141	1.00000	0.00003	-1.00000	0.00141	0.00115	0.00115	-0.00003	1.00000	
1026.63844	-614.66714	379.17236	-0.01599	0.05182	89.92532	0.40156	0.00130	1.00000	-0.00028	-1.00000	0.00130	0.00090	0.00090	0.00028	1.00000	
1027.21037	-614.35128	378.87142	-0.00743	0.05041	89.93909	0.40518	0.00106	1.00000	-0.00013	-1.00000	0.00106	0.00088	0.00088	0.00013	1.00000	
1027.51849	-614.15479	378.48764	0.00298	0.04733	89.94626	0.42752	0.00094	1.00000	0.00005	-1.00000	0.00094	0.00083	0.00083	-0.00005	1.00000	
1028.15974	-613.95059	378.45907	0.00730	0.03720	89.95927	0.43725	0.00071	1.00000	0.00013	-1.00000	0.00071	0.00065	0.00065	-0.00013	1.00000	
1028.86860	-613.45508	377.51911	0.02675	0.04782	89.98064	0.43313	0.00034	1.00000	0.00047	-1.00000	0.00034	0.00083	0.00083	-0.00047	1.00000	
1028.15853	-613.77733	377.93355	0.01495	0.05209	89.96422	0.42565	0.00062	1.00000	0.00026	-1.00000	0.00062	0.00091	0.00091	-0.00026	1.00000	
1028.58867	-613.64887	378.07371	0.01296	0.04724	89.97445	0.43359	0.00045	1.00000	0.00023	-1.00000	0.00045	0.00082	0.00082	-0.00023	1.00000	
1027.60080	-614.16874	378.81141	-0.00569	0.04555	89.94846	0.41393	0.00090	1.00000	-0.00010	-1.00000	0.00090	0.00079	0.00079	0.00010	1.00000	
1027.32510	-614.15171	378.68020	-0.00397	0.05289	89.94499	0.47304	0.00096	1.00000	-0.00007	-1.00000	0.00096	0.00092	0.00092	0.00007	1.00000	
1027.57775	-614.04292	378.45457	-0.00292	0.06567	89.95462	0.45843	0.00079	1.00000	-0.00005	-1.00000	0.00079	0.00115	0.00115	0.00005	1.00000	
1028.23244	-613.73105	378.20647	0.00414	0.06403	89.97121	0.46336	0.00050	1.00000	0.00007	-1.00000	0.00050	0.00112	0.00112	-0.00007	1.00000	
1027.73640	-614.07736	378.96972	-0.01885	0.07999	89.96277	0.46822	0.00065	1.00000	-0.00033	-1.00000	0.00065	0.00140	0.00140	0.00033	1.00000	
1027.87685	-613.99195	378.77693	-0.01297	0.07547	89.96384	0.47342	0.00063	1.00000	-0.00023	-1.00000	0.00063	0.00132	0.00132	0.00023	1.00000	
1028.50162	-613.60064	377.84169	0.00788	0.08487	89.98212	0.44942	0.00031	1.00000	0.00014	-1.00000	0.00031	0.00148	0.00148	-0.00014	1.00000	
1027.61514	-614.01413	378.29059	-0.00508	0.08621	89.95930	0.42280	0.00071	1.00000	-0.00009	-1.00000	0.00071	0.00150	0.00150	0.00009	1.00000	
1027.78353	-613.93096	378.17942	-0.00430	0.09352	89.96420	0.43806	0.00062	1.00000	-0.00008	-1.00000	0.00063	0.00163	0.00163	0.00008	1.00000	
1028.27301	-613.79088	377.98983	0.00116	0.09105	89.97623	0.42143	0.00041	1.00000	0.00002	-1.00000	0.00041	0.00159	0.00159	-0.00002	1.00000	
1027.61092	-614.11332	378.13212	-0.00222	0.08792	89.95639	0.39875	0.00076	1.00000	-0.00004	-1.00000	0.00076	0.00153	0.00153	0.00004	1.00000	
1027.57837	-614.04039	377.74032	0.00615	0.09132	89.95553	0.40293	0.00078	1.00000	0.00011	-1.00000	0.00078	0.00159	0.00159	-0.00011	1.00000	
1028.14767	-613.70564	377.29477	0.01910	0.09126	89.96949	0.43897	0.00053	1.00000	0.00033	-1.00000	0.00053	0.00159	0.00159	-0.00033	1.00000	
1027.03616	-614.33311	378.33614	-0.00574	0.08519	89.94020	0.41541	0.00104	1.00000	-0.00010	-1.00000	0.00104	0.00149	0.00149	0.00010	1.00000	
1028.42960	-613.95271	378.65287	-0.00432	0.05988	89.96808	0.40335	0.00056	1.00000	-0.00008	-1.00000	0.00056	0.00105	0.00105	0.00008	1.00000	
1027.17041	-614.17776	377.90873	0.00517	0.08128	89.94200	0.43454	0.00101	1.00000	0.00009	-1.00000	0.00101	0.00142	0.00142	-0.00009	1.00000	
1027.72109	-613.98142	378.12328	0.00283	0.07489	89.95637	0.40797	0.00076	1.00000	0.00005	-1.00000	0.00076	0.00131	0.00131	-0.00005	1.00000	
1027.73614	-613.97130	378.18605	0.00457	0.07184	89.95612	0.38283	0.00077	1.00000	0.00008	-1.00000	0.00077	0.00125	0.00125	-0.00008	1.00000	
1029.03805	-613.47908	377.85822	0.01129	0.07022	89.99075	0.40036	0.00016	1.00000	0.00020	-1.00000	0.00016	0.00123	0.00123	-0.00020	1.00000	
1028.40642	-613.63780	377.98497	0.01165	0.06205	89.97363	0.43077	0.00046	1.00000	0.00020	-1.00000	0.00046	0.00108	0.00108	-0.00020	1.00000	
1028.69519	-613.66174	378.43083	0.00625	0.04728	89.97620	0.42116	0.00042	1.00000	0.00011	-1.00000	0.00042	0.00083	0.00083	-0.00011	1.00000	
1028.38564	-613.80133	378.67619	-0.00226	0.05106	89.97064	0.42018	0.00051	1.00000	-0.00004	-1.00000	0.00051	0.00089	0.00089	0.00004	1.00000	
1028.43026	-613.65599	378.35839	0.00694	0.05287	89.97249	0.42401	0.00048	1.00000	0.00012	-1.00000	0.00048	0.00092	0.00092	-0.00012	1.00000	
1028.17591	-613.63510	377.96126	0.00880	0.07194	89.97153	0.41240	0.00050	1.00000	0.00015	-1.00000	0.00050	0.00126	0.00126	-0.00015	1.00000	
1029.32962	-613.25740	378.10464	0.01211	0.05092	89.99557	0.39960	0.00008	1.00000	0.00021	-1.00000	0.00008	0.00089	0.00089	-0.00021	1.00000	
1028.94063	-613.33729	378.17445	0.00873	0.05692	89.98734	0.42006	0.00022	1.00000	0.00015	-1.00000	0.00022	0.00099	0.00099	-0.00015	1.00000	
1029.12273	-613.18001	378.06118	0.01442	0.04602	89.99030	0.41131	0.00017	1.00000	0.00025	-1.00000	0.00017	0.00080	0.00080	-0.00025	1.00000	
1028.46148	-613.38930	378.11137	0.00730	0.06000	89.97850	0.40735	0.00038	1.00000	0.00013	-1.00000	0.00038	0.00105	0.00105	-0.00013	1.00000	
1029.25793	-613.10880	378.27431	0.00558	0.05434	89.99808	0.39275	0.00003	1.00000	0.00010	-1.00000	0.00003	0.00095	0.00095	-0.00010	1.00000	
1029.78521	-612.83104	377.99724	0.01274	0.05276	90.01270	0.39118	-0.00022	1.00000	0.00022	-1.00000	-0.00022	0.00092	0.00092	-0.00022	1.00000	
1029.59684	-612.85622	377.92468	0.01271	0.05739	90.00965	0.42137	-0.00017	1.00000	0.00022	-1.00000	-0.00017	0.00100	0.00100	-0.00022	1.00000	
1029.28171	-613.00076	378.09665	0.00540	0.06433	90.00444	0.39601	-0.00008	1.00000	0.00009	-1.00000	-0.00008	0.00112	0.00112	-0.00009	1.00000	
1029.10361	-613.11876	378.55939	-0.00054	0.04926	89.99654	0.38082	0.00006	1.00000	-0.00001	-1.00000	0.00006	0.00086	0.00086	0.00001	1.00000	
1029.78051	-612.77095	378.20275	0.00949	0.04812	90.01403	0.39072	-0.00024	1.00000	0.00017	-1.00000	-0.00025	0.00084	0.00084	-0.00017	1.00000	
1029.64056	-612.84173	378.26106	0.00657	0.05071	90.01128	0.39177	-0.00020	1.00000	0.00011	-1.00000	-0.00020	0.00088	0.00089	-0.00011	1.00000	
1030.27520	-612.54920	378.26400	0.00945	0.04326	90.02667	0.37874	-0.00047	1.00000	0.00017	-1.00000	-0.00047	0.00076	0.00076	-0.00016	1.00000	
1029.44997	-612.76633	378.10793	0.01212	0.04280	90.00711	0.37297	-0.00012	1.00000	0.00021	-1.00000	-0.00012	0.00075	0.00075	-0.00021	1.00000	
1029.48379	-612.81320	378.32958	0.00513	0.04365	90.00926	0.37412	-0.00016	1.00000	0.00009	-1.00000	-0.00016	0.00076	0.00076	-0.00009	1.00000	
1029.36008	-612.73597	377.99780	0.00943	0.05263	90.00793	0.36391	-0.00014	1.00000	0.00016	-1.00000	-0.00014	0.00092	0.00092	-0.00016	1.00000	
1029.42529	-612.85850	378.56856	0.00146	0.03049	90.00473	0.39666	-0.00008	1.00000	0.00003	-1.00000	-0.00008	0.00053	0.00053	-0.00003	1.00000	
1029.26668	-612.84322	378.29277	0.00641	0.03253	90.00069	0.41391	-0.00001	1.00000	0.00011	-1.00000	-0.00001	0.00057	0.00057	-0.00011	1.00000	
1028.82530	-612.95730	378.16375	0.00666	0.04237	89.99216	0.38488	0.00014	1.00000	0.00012	-1.00000	0.00014	0.00074	0.00074	-0.00012	1.00000	
1028.39659	-613.24144	378.78633	-0.00829	0.03742	89.98009	0.38290	0.00035	1.00000	-0.00014	-1.00000	0.00035	0.00065	0.00065	0.00014	1.00000	
1028.90956	-613.01738	378.55778	-0.00702	0.04754	89.99394	0.35029	0.00011	1.00000	-0.00012	-1.00000	0.00011	0.00083	0.00083	0.00012	1.00000	
1028.63714	-613.18801	378.92336	-0.01641	0.04844	89.98817	0.32928	0.00021	1.00000	-0.00029	-1.00000	0.00021	0.00085	0.00085	0.00029	1.00000	
1028.90310	-612.96016	378.14537	0.00054	0.05532	89.99474	0.31525	0.00009	1.00000	0.00001	-1.00000	0.00009	0.00097	0.00097	-0.00001	1.00000	
1029.61128	-612.78169	378.45296	0.00188	0.02783	90.00613	0.29165	-0.00011	1.00000	0.00003	-1.00000	-0.00011	0.00049	0.00049	-0.00003	1.00000	
1029.25067	-613.00587	378.78346	-0.00596	0.03008	89.99746	0.25750	0.00004	1.00000	-0.00010	-1.00000	0.00004	0.00052	0.00052	0.00010	1.00000	
1029.10308	-613.00658	378.62561	-0.00052	0.02897	89.99361	0.31432	0.00011	1.00000	-0.00001	-1.00000	0.00011	0.00051	0.00051	0.00001	1.00000	
1030.42249	-612.53262	378.58458	0.00309	0.02552	90.02601	0.29561	-0.00045	1.00000	0.00005	-1.00000	-0.00045	0.00045	0.00045	-0.00005	1.00000	
1028.66532	-613.34750	379.52758	-0.01779	0.02122	89.98006	0.29474	0.00035	1.00000	-0.00031	-1.00000	0.00035	0.00037	0.00037	0.00031	1.00000	
1029.03062	-612.98290	378.74666	-0.00108	0.03206	89.99382	0.27588	0.00011	1.00000	-0.00002	-1.00000	0.00011	0.00056	0.00056	0.00002	1.00000	
1028.97134	-613.06585	378.95155	-0.00805	0.03832	89.99459	0.29049	0.00009	1.00000	-0.00014	-1.00000	0.00009	0.00067	0.00067	0.00014	1.00000	
1028.87423	-612.97525	378.64754	-0.00282	0.04545	89.99502	0.33463	0.00009	1.00000	-0.00005	-1.00000	0.00009	0.00079	0.00079	0.00005	1.00000	
1028.23882	-613.31355	379.24683	-0.01665	0.04060	89.97917	0.33961	0.00036	1.00000	-0.00029	-1.00000	0.00036	0.00071	0.00071	0.00029	1.00000	
1029.00107	-612.95494	378.98647	-0.00556	0.02837	89.99548	0.34149	0.00008	1.00000	-0.00010	-1.00000	0.00008	0.00050	0.00050	0.00010	1.00000	
1027.72301	-613.38814	379.22726	-0.01530	0.04034	89.96670	0.39059	0.00058	1.00000	-0.00027	-1.00000	0.00058	0.00070	0.00070	0.00027	1.00000	
1027.58452	-613.55957	379.87472	-0.02862	0.03323	89.96284	0.36411	0.00065	1.00000	-0.00050	-1.00000	0.00065	0.00058	0.00058	0.00050	1.00000	
1027.45543	-613.59457	379.94892	-0.02966	0.03101	89.95769	0.39023	0.00074	1.00000	-0.00052	-1.00000	0.00074	0.00054	0.00054	0.00052	1.00000	
1027.91754	-613.47503	380.22137	-0.03537	0.02573	89.96928	0.39110	0.00054	1.00000	-0.00062	-1.00000	0.00054	0.00045	0.00045	0.00062	1.00000	
1027.56061	-613.41510	379.59338	-0.02632	0.04518	89.96430	0.39325	0.00062	1.00000	-0.00046	-1.00000	0.00062	0.00079	0.00079	0.00046	1.00000	
1028.10062	-613.20179	379.54500	-0.02842	0.05014	89.98074	0.38893	0.00034	1.00000	-0.00050	-1.00000	0.00034	0.00087	0.00088	0.00050	1.00000	
1028.08413	-613.18979	379.44076	-0.03090	0.06313	89.98379	0.37787	0.00028	1.00000	-0.00054	-1.00000	0.00028	0.00110	0.00110	0.00054	1.00000	
1028.01930	-613.16365	379.19077	-0.02210	0.05551	89.98091	0.35922	0.00033	1.00000	-0.00039	-1.00000	0.00033	0.00097	0.00097	0.00039	1.00000	
1027.95141	-613.09370	379.19654	-0.02347	0.05718	89.98115	0.32735	0.00033	1.00000	-0.00041	-1.00000	0.00033	0.00100	0.00100	0.00041	1.00000	
1027.46993	-613.24047	379.15020	-0.02337	0.05918	89.97073	0.31827	0.00051	1.00000	-0.00041	-1.00000	0.00051	0.00103	0.00103	0.00041	1.00000	
1028.29405	-612.80586	378.67496	-0.00898	0.05054	89.98902	0.32137	0.00019	1.00000	-0.00016	-1.00000	0.00019	0.00088	0.00088	0.00016	1.00000	
1028.05484	-613.01987	379.28114	-0.02411	0.05435	89.98355	0.33652	0.00029	1.00000	-0.00042	-1.00000	0.00029	0.00095	0.00095	0.00042	1.00000	
1028.09600	-613.07569	379.52402	-0.03206	0.05788	89.98553	0.34825	0.00025	1.00000	-0.00056	-1.00000	0.00025	0.00101	0.00101	0.00056	1.00000	
1027.51951	-613.22502	379.35308	-0.02660	0.05641	89.97086	0.34494	0.00051	1.00000	-0.00046	-1.00000	0.00051	0.00098	0.00098	0.00046	1.00000	
1027.71115	-613.20109	379.58640	-0.03010	0.04812	89.97233	0.32803	0.00048	1.00000	-0.00053	-1.00000	0.00048	0.00084	0.00084	0.00053	1.00000	
1028.12185	-613.09995	379.86176	-0.03505	0.04306	89.98319	0.34865	0.00029	1.00000	-0.00061	-1.00000	0.00029	0.00075	0.00075	0.00061	1.00000	
1028.30841	-612.99405	379.50164	-0.02535	0.03798	89.98521	0.34813	0.00026	1.00000	-0.00044	-1.00000	0.00026	0.00066	0.00066	0.00044	1.00000	
1026.93921	-613.44815	379.49068	-0.03016	0.05022	89.95461	0.32233	0.00079	1.00000	-0.00053	-1.00000	0.00079	0.00088	0.00088	0.00053	1.00000	
1028.70977	-612.60112	378.42001	-0.00204	0.04793	89.99711	0.35191	0.00005	1.00000	-0.00004	-1.00000	0.00005	0.00084	0.00084	0.00004	1.00000	
1028.29733	-612.89608	379.04205	-0.01786	0.05094	89.98602	0.34203	0.00024	1.00000	-0.00031	-1.00000	0.00024	0.00089	0.00089	0.00031	1.00000	
1028.42900	-612.75746	378.76708	-0.00947	0.04391	89.98755	0.37628	0.00022	1.00000	-0.00017	-1.00000	0.00022	0.00077	0.00077	0.00017	1.00000	
1028.25188	-612.83536	378.80771	-0.01384	0.05192	89.98519	0.36317	0.00026	1.00000	-0.00024	-1.00000	0.00026	0.00091	0.00091	0.00024	1.00000	
1028.02923	-613.11074	379.67279	-0.03013	0.03520	89.97562	0.39935	0.00043	1.00000	-0.00053	-1.00000	0.00043	0.00061	0.00061	0.00053	1.00000	
1027.44434	-613.27022	379.61290	-0.03331	0.05106	89.96581	0.40094	0.00060	1.00000	-0.00058	-1.00000	0.00060	0.00089	0.00089	0.00058	1.00000	
1028.67559	-612.68721	379.06662	-0.02039	0.05170	89.99880	0.38018	0.00002	1.00000	-0.00036	-1.00000	0.00002	0.00090	0.00090	0.00036	1.00000	
1027.72988	-613.11133	379.69510	-0.03734	0.05554	89.97635	0.34762	0.00041	1.00000	-0.00065	-1.00000	0.00041	0.00097	0.00097	0.00065	1.00000	
1028.32570	-612.80507	379.36987	-0.02479	0.04302	89.98886	0.38332	0.00019	1.00000	-0.00043	-1.00000	0.00019	0.00075	0.00075	0.00043	1.00000	
1028.93710	-612.51826	379.22694	-0.02225	0.04733	90.00519	0.37006	-0.00009	1.00000	-0.00039	-1.00000	-0.00009	0.00083	0.00083	0.00039	1.00000	
1028.74795	-612.43882	378.96496	-0.01680	0.05287	90.00339	0.37297	-0.00006	1.00000	-0.00029	-1.00000	-0.00006	0.00092	0.00092	0.00029	1.00000	
1029.03155	-612.35737	379.02916	-0.01704	0.04684	90.00858	0.38482	-0.00015	1.00000	-0.00030	-1.00000	-0.00015	0.00082	0.00082	0.00030	1.00000	
1028.58085	-612.47866	379.02254	-0.01858	0.05311	89.99921	0.37626	0.00001	1.00000	-0.00032	-1.00000	0.00001	0.00093	0.00093	0.00032	1.00000	
1028.47793	-612.54654	379.34289	-0.02237	0.04181	89.99472	0.38058	0.00009	1.00000	-0.00039	-1.00000	0.00009	0.00073	0.00073	0.00039	1.00000	
1028.72000	-612.60354	379.67485	-0.02797	0.03323	89.99789	0.43763	0.00004	1.00000	-0.00049	-1.00000	0.00004	0.00058	0.00058	0.00049	1.00000	
1028.74729	-612.57645	379.55212	-0.02590	0.03284	89.99855	0.44482	0.00003	1.00000	-0.00045	-1.00000	0.00003	0.00057	0.00057	0.00045	1.00000	
1028.32076	-612.53550	378.88478	-0.01374	0.04741	89.99105	0.42629	0.00016	1.00000	-0.00024	-1.00000	0.00016	0.00083	0.00083	0.00024	1.00000	
1028.04851	-612.72162	379.17794	-0.02444	0.05937	89.98855	0.42316	0.00020	1.00000	-0.00043	-1.00000	0.00020	0.00104	0.00104	0.00043	1.00000	
1029.48603	-612.12369	378.86247	-0.01062	0.04160	90.02200	0.38175	-0.00038	1.00000	-0.00019	-1.00000	-0.00038	0.00073	0.00073	0.00019	1.00000	
1028.63123	-612.57157	379.24618	-0.02605	0.05947	90.00321	0.39852	-0.00006	1.00000	-0.00045	-1.00000	-0.00006	0.00104	0.00104	0.00045	1.00000	
1029.03029	-612.47722	379.46482	-0.02424	0.03444	90.00704	0.35667	-0.00012	1.00000	-0.00042	-1.00000	-0.00012	0.00060	0.00060	0.00042	1.00000	
1028.63710	-612.51717	379.00083	-0.01279	0.03370	89.99635	0.37582	0.00006	1.00000	-0.00022	-1.00000	0.00006	0.00059	0.00059	0.00022	1.00000	
1028.52641	-612.68867	379.82580	-0.02695	0.01697	89.99072	0.37153	0.00016	1.00000	-0.00047	-1.00000	0.00016	0.00030	0.00030	0.00047	1.00000	
1028.49622	-612.66956	379.74033	-0.02498	0.01502	89.98866	0.38443	0.00020	1.00000	-0.00044	-1.00000	0.00020	0.00026	0.00026	0.00044	1.00000	
1027.46258	-613.23716	380.54145	-0.04203	0.00731	89.95972	0.37253	0.00070	1.00000	-0.00073	-1.00000	0.00070	0.00013	0.00013	0.00073	1.00000	
1027.57043	-613.15589	380.40491	-0.04584	0.03000	89.96808	0.38382	0.00056	1.00000	-0.00080	-1.00000	0.00056	0.00052	0.00052	0.00080	1.00000	
1027.33018	-613.35826	380.65827	-0.05232	0.02936	89.96117	0.39629	0.00068	1.00000	-0.00091	-1.00000	0.00068	0.00051	0.00051	0.00091	1.00000	
1028.31323	-612.76737	379.91372	-0.03383	0.02893	89.98732	0.39622	0.00022	1.00000	-0.00059	-1.00000	0.00022	0.00050	0.00050	0.00059	1.00000	
1027.93798	-612.94343	380.17193	-0.04262	0.03474	89.97831	0.42041	0.00038	1.00000	-0.00074	-1.00000	0.00038	0.00061	0.00061	0.00074	1.00000	
1027.56208	-613.03839	379.92067	-0.03867	0.03748	89.97034	0.38028	0.00052	1.00000	-0.00068	-1.00000	0.00052	0.00065	0.00065	0.00067	1.00000	
1026.75588	-613.28959	380.03631	-0.04346	0.04430	89.95269	0.37505	0.00083	1.00000	-0.00076	-1.00000	0.00083	0.00077	0.00077	0.00076	1.00000	
1027.36848	-612.87903	379.17932	-0.02116	0.03998	89.96754	0.37028	0.00057	1.00000	-0.00037	-1.00000	0.00057	0.00070	0.00070	0.00037	1.00000	
1026.48603	-613.26173	379.77070	-0.03974	0.05284	89.94881	0.35905	0.00089	1.00000	-0.00069	-1.00000	0.00089	0.00092	0.00092	0.00069	1.00000	
1027.09741	-613.05055	379.79532	-0.03802	0.04931	89.96341	0.35480	0.00064	1.00000	-0.00066	-1.00000	0.00064	0.00086	0.00086	0.00066	1.00000	
1027.09782	-612.99848	379.55875	-0.03111	0.04906	89.96427	0.36098	0.00062	1.00000	-0.00054	-1.00000	0.00062	0.00086	0.00086	0.00054	1.00000	
1026.76269	-613.19746	379.90995	-0.04020	0.04884	89.95530	0.33661	0.00078	1.00000	-0.00070	-1.00000	0.00078	0.00085	0.00085	0.00070	1.00000	
1026.12545	-613.29742	379.44786	-0.03703	0.07142	89.94484	0.36256	0.00096	1.00000	-0.00065	-1.00000	0.00096	0.00125	0.00125	0.00065	1.00000	
1027.84174	-612.72235	379.43770	-0.03065	0.05301	89.98215	0.32832	0.00031	1.00000	-0.00054	-1.00000	0.00031	0.00092	0.00093	0.00054	1.00000	
1027.14370	-613.03546	379.83338	-0.04230	0.05578	89.96524	0.29860	0.00061	1.00000	-0.00074	-1.00000	0.00061	0.00097	0.00097	0.00074	1.00000	
1027.69911	-612.89805	379.96897	-0.04505	0.05367	89.97783	0.31113	0.00039	1.00000	-0.00079	-1.00000	0.00039	0.00094	0.00094	0.00079	1.00000	
1027.72003	-612.84239	379.74087	-0.04250	0.06263	89.98110	0.32504	0.00033	1.00000	-0.00074	-1.00000	0.00033	0.00109	0.00109	0.00074	1.00000	
1027.88095	-612.81884	379.71797	-0.04608	0.07715	89.98788	0.35004	0.00021	1.00000	-0.00080	-1.00000	0.00021	0.00135	0.00135	0.00080	1.00000	
1027.93302	-612.84365	379.95595	-0.04889	0.06869	89.98785	0.36573	0.00021	1.00000	-0.00085	-1.00000	0.00021	0.00120	0.00120	0.00085	1.00000	
1028.69740	-612.66962	380.04059	-0.04820	0.06251	90.00416	0.33384	-0.00007	1.00000	-0.00084	-1.00000	-0.00007	0.00109	0.00109	0.00084	1.00000	
1028.44129	-612.71370	380.03970	-0.05034	0.06661	89.99787	0.35452	0.00004	1.00000	-0.00088	-1.00000	0.00004	0.00116	0.00116	0.00088	1.00000	
1028.67491	-612.75459	380.37332	-0.05156	0.04354	89.99751	0.33387	0.00004	1.00000	-0.00090	-1.00000	0.00004	0.00076	0.00076	0.00090	1.00000	
1028.58654	-612.65937	379.91060	-0.04647	0.05943	89.99850	0.33596	0.00003	1.00000	-0.00081	-1.00000	0.00003	0.00104	0.00104	0.00081	1.00000	
1028.39997	-612.65169	379.83536	-0.04413	0.05506	89.99283	0.34204	0.00013	1.00000	-0.00077	-1.00000	0.00013	0.00096	0.00096	0.00077	1.00000	
1027.92321	-613.02445	380.56207	-0.05579	0.03562	89.97369	0.34815	0.00046	1.00000	-0.00097	-1.00000	0.00046	0.00062	0.00062	0.00097	1.00000	
1027.85624	-612.84633	379.87441	-0.04514	0.05859	89.97900	0.36315	0.00037	1.00000	-0.00079	-1.00000	0.00037	0.00102	0.00102	0.00079	1.00000	
1027.44047	-613.04939	380.00628	-0.04465	0.04731	89.96532	0.35653	0.00061	1.00000	-0.00078	-1.00000	0.00061	0.00083	0.00083	0.00078	1.00000	
1028.51989	-612.61827	379.75471	-0.03889	0.05310	89.99480	0.36982	0.00009	1.00000	-0.00068	-1.00000	0.00009	0.00093	0.00093	0.00068	1.00000	
1028.61217	-612.54441	379.70784	-0.03871	0.05856	89.99912	0.31900	0.00002	1.00000	-0.00068	-1.00000	0.00002	0.00102	0.00102	0.00068	1.00000	
1029.32495	-612.19625	379.32066	-0.02386	0.04557	90.01546	0.31143	-0.00027	1.00000	-0.00042	-1.00000	-0.00027	0.00080	0.00080	0.00042	1.00000	
1028.41478	-612.41290	379.24149	-0.02472	0.05548	89.99505	0.30282	0.00009	1.00000	-0.00043	-1.00000	0.00009	0.00097	0.00097	0.00043	1.00000	
1028.37272	-612.34274	379.02771	-0.02129	0.06023	89.99523	0.32767	0.00008	1.00000	-0.00037	-1.00000	0.00008	0.00105	0.00105	0.00037	1.00000	
1027.94711	-612.47575	379.14261	-0.02382	0.06353	89.98574	0.31817	0.00025	1.00000	-0.00042	-1.00000	0.00025	0.00111	0.00111	0.00042	1.00000	
1027.86812	-612.54285	379.32229	-0.02751	0.06263	89.98351	0.31637	0.00029	1.00000	-0.00048	-1.00000	0.00029	0.00109	0.00109	0.00048	1.00000	
1027.91912	-612.50131	379.38394	-0.02529	0.05362	89.98248	0.33885	0.00031	1.00000	-0.00044	-1.00000	0.00031	0.00094	0.00094	0.00044	1.00000	
1027.91022	-612.53645	379.70600	-0.02729	0.03996	89.98024	0.33586	0.00034	1.00000	-0.00048	-1.00000	0.00035	0.00070	0.00070	0.00048	1.00000	
1027.78903	-612.61672	380.11115	-0.03525	0.03357	89.97723	0.33434	0.00040	1.00000	-0.00062	-1.00000	0.00040	0.00059	0.00059	0.00062	1.00000	
1027.98530	-612.54013	380.11585	-0.03312	0.02561	89.98096	0.35160	0.00033	1.00000	-0.00058	-1.00000	0.00033	0.00045	0.00045	0.00058	1.00000	
1027.14797	-613.00393	380.93089	-0.05247	0.02145	89.95876	0.36775	0.00072	1.00000	-0.00092	-1.00000	0.00072	0.00037	0.00037	0.00092	1.00000	
1027.95694	-612.63395	380.55799	-0.03945	0.00825	89.97697	0.28424	0.00040	1.00000	-0.00069	-1.00000	0.00040	0.00014	0.00014	0.00069	1.00000	
1027.91375	-612.65415	380.55352	-0.04115	0.01146	89.97664	0.31754	0.00041	1.00000	-0.00072	-1.00000	0.00041	0.00020	0.00020	0.00072	1.00000	
1027.32757	-612.82041	380.54019	-0.04091	0.01033	89.96150	0.34239	0.00067	1.00000	-0.00071	-1.00000	0.00067	0.00018	0.00018	0.00071	1.00000	
1027.24248	-612.83373	380.62863	-0.04539	0.01306	89.96072	0.36592	0.00069	1.00000	-0.00079	-1.00000	0.00069	0.00023	0.00023	0.00079	1.00000	
1026.90326	-612.90715	380.79656	-0.04525	-0.00218	89.95013	0.37393	0.00087	1.00000	-0.00079	-1.00000	0.00087	-0.00004	-0.00004	0.00079	1.00000	
1026.98712	-612.91393	380.86073	-0.04962	0.00397	89.95440	0.34366	0.00080	1.00000	-0.00087	-1.00000	0.00080	0.00007	0.00007	0.00087	1.00000	
1026.36009	-613.10394	381.03191	-0.05945	0.01419	89.94177	0.38003	0.00102	1.00000	-0.00104	-1.00000	0.00102	0.00025	0.00025	0.00104	1.00000	
1026.39867	-613.03269	380.84473	-0.05247	0.01177	89.94241	0.40050	0.00101	1.00000	-0.00092	-1.00000	0.00101	0.00020	0.00021	0.00092	1.00000	
1025.44422	-613.32898	380.72386	-0.05460	0.02701	89.92248	0.36250	0.00135	1.00000	-0.00095	-1.00000	0.00135	0.00047	0.00047	0.00095	1.00000	
1025.76546	-613.13334	380.26439	-0.04797	0.04285	89.93479	0.34326	0.00114	1.00000	-0.00084	-1.00000	0.00114	0.00075	0.00075	0.00084	1.00000	
1025.09522	-613.48377	380.89086	-0.06208	0.04135	89.91789	0.36681	0.00143	1.00000	-0.00108	-1.00000	0.00143	0.00072	0.00072	0.00108	1.00000	
1025.29880	-613.41275	380.69879	-0.05704	0.04062	89.92188	0.36728	0.00136	1.00000	-0.00100	-1.00000	0.00136	0.00071	0.00071	0.00100	1.00000	
1025.76561	-613.25176	380.57206	-0.05396	0.03907	89.93275	0.37076	0.00117	1.00000	-0.00094	-1.00000	0.00117	0.00068	0.00068	0.00094	1.00000	
1026.43795	-612.95581	380.43631	-0.05133	0.04024	89.94980	0.37854	0.00088	1.00000	-0.00090	-1.00000	0.00088	0.00070	0.00070	0.00090	1.00000	
1026.91055	-612.74807	380.27499	-0.04543	0.03301	89.96088	0.40403	0.00068	1.00000	-0.00079	-1.00000	0.00068	0.00058	0.00058	0.00079	1.00000	
1026.88639	-612.69740	380.13048	-0.04112	0.03481	89.96035	0.38530	0.00069	1.00000	-0.00072	-1.00000	0.00069	0.00061	0.00061	0.00072	1.00000	
1025.42561	-613.26856	380.46820	-0.05052	0.03419	89.92384	0.40412	0.00133	1.00000	-0.00088	-1.00000	0.00133	0.00060	0.00060	0.00088	1.00000	
1025.87265	-613.16144	380.49678	-0.04889	0.02653	89.93320	0.39122	0.00117	1.00000	-0.00085	-1.00000	0.00117	0.00046	0.00046	0.00085	1.00000	
1025.50946	-613.17561	380.16444	-0.04450	0.03824	89.92756	0.39304	0.00126	1.00000	-0.00078	-1.00000	0.00126	0.00067	0.00067	0.00078	1.00000	
1025.54009	-613.31849	380.58894	-0.05682	0.04291	89.92841	0.35886	0.00125	1.00000	-0.00099	-1.00000	0.00125	0.00075	0.00075	0.00099	1.00000	
1024.60462	-613.66214	380.90405	-0.06548	0.04177	89.90453	0.37072	0.00167	1.00000	-0.00114	-1.00000	0.00167	0.00073	0.00073	0.00114	1.00000	
1025.79545	-613.16263	380.40509	-0.05305	0.04245	89.93638	0.35768	0.00111	1.00000	-0.00093	-1.00000	0.00111	0.00074	0.00074	0.00093	1.00000	
1025.66345	-613.21664	380.09907	-0.04988	0.05644	89.93623	0.36352	0.00111	1.00000	-0.00087	-1.00000	0.00111	0.00098	0.00099	0.00087	1.00000	
1025.70606	-613.14754	379.98619	-0.04337	0.04221	89.93499	0.39388	0.00113	1.00000	-0.00076	-1.00000	0.00114	0.00074	0.00074	0.00076	1.00000	
1026.24623	-613.07097	380.18318	-0.05120	0.05084	89.95038	0.34658	0.00087	1.00000	-0.00089	-1.00000	0.00087	0.00089	0.00089	0.00089	1.00000	
1026.42918	-612.95208	379.96544	-0.04199	0.04237	89.95322	0.38559	0.00082	1.00000	-0.00073	-1.00000	0.00082	0.00074	0.00074	0.00073	1.00000	
1025.66124	-613.44263	380.89805	-0.06322	0.03299	89.93043	0.38463	0.00121	1.00000	-0.00110	-1.00000	0.00121	0.00057	0.00058	0.00110	1.00000	
1025.36214	-613.34486	380.20191	-0.05580	0.06339	89.92992	0.37389	0.00122	1.00000	-0.00098	-1.00000	0.00122	0.00111	0.00111	0.00097	1.00000	
1026.24416	-613.00037	380.14921	-0.04615	0.03668	89.94654	0.36301	0.00093	1.00000	-0.00081	-1.00000	0.00093	0.00064	0.00064	0.00081	1.00000	
1025.76582	-613.26572	380.56370	-0.05667	0.03419	89.93318	0.37266	0.00117	1.00000	-0.00099	-1.00000	0.00117	0.00060	0.00060	0.00099	1.00000	
1025.58235	-613.07949	379.89118	-0.04393	0.04928	89.93415	0.36974	0.00115	1.00000	-0.00077	-1.00000	0.00115	0.00086	0.00086	0.00077	1.00000	
1025.64754	-613.04758	379.77383	-0.03503	0.03046	89.93167	0.35168	0.00119	1.00000	-0.00061	-1.00000	0.00119	0.00053	0.00053	0.00061	1.00000	
1026.20210	-612.84273	379.59156	-0.03327	0.04024	89.94829	0.35908	0.00090	1.00000	-0.00058	-1.00000	0.00090	0.00070	0.00070	0.00058	1.00000	
1026.29986	-612.83028	379.60287	-0.03261	0.04291	89.95002	0.34779	0.00087	1.00000	-0.00057	-1.00000	0.00087	0.00075	0.00075	0.00057	1.00000	
1026.05737	-612.91298	379.79513	-0.03942	0.05175	89.94593	0.33999	0.00094	1.00000	-0.00069	-1.00000	0.00094	0.00090	0.00090	0.00069	1.00000	
1026.44982	-612.90047	380.07121	-0.04405	0.04496	89.95161	0.33614	0.00084	1.00000	-0.00077	-1.00000	0.00085	0.00078	0.00078	0.00077	1.00000	
1026.77933	-612.80352	380.26829	-0.04890	0.05078	89.96241	0.37305	0.00066	1.00000	-0.00085	-1.00000	0.00066	0.00089	0.00089	0.00085	1.00000	
1026.73904	-612.81535	380.24447	-0.04814	0.04671	89.95992	0.31782	0.00070	1.00000	-0.00084	-1.00000	0.00070	0.00081	0.00082	0.00084	1.00000	
1026.40727	-612.97296	380.39884	-0.05213	0.04865	89.95098	0.33676	0.00086	1.00000	-0.00091	-1.00000	0.00086	0.00085	0.00085	0.00091	1.00000	
1026.83745	-612.83676	380.53562	-0.05465	0.04571	89.96304	0.36745	0.00065	1.00000	-0.00095	-1.00000	0.00065	0.00080	0.00080	0.00095	1.00000	
1025.83566	-613.22315	380.89082	-0.06128	0.04092	89.93794	0.36515	0.00108	1.00000	-0.00107	-1.00000	0.00108	0.00071	0.00071	0.00107	1.00000	
1026.51471	-612.95232	380.67740	-0.05302	0.03257	89.95200	0.34255	0.00084	1.00000	-0.00093	-1.00000	0.00084	0.00057	0.00057	0.00093	1.00000	
1026.61453	-612.79725	380.36063	-0.04749	0.04367	89.95940	0.33231	0.00071	1.00000	-0.00083	-1.00000	0.00071	0.00076	0.00076	0.00083	1.00000	
1026.68502	-612.75753	380.48331	-0.04533	0.02726	89.95931	0.34044	0.00071	1.00000	-0.00079	-1.00000	0.00071	0.00048	0.00048	0.00079	1.00000	
1026.63345	-612.81196	380.75367	-0.05255	0.02824	89.95985	0.32040	0.00070	1.00000	-0.00092	-1.00000	0.00070	0.00049	0.00049	0.00092	1.00000	
1025.89569	-613.07693	380.76158	-0.05031	0.02220	89.93890	0.33457	0.00107	1.00000	-0.00088	-1.00000	0.00107	0.00039	0.00039	0.00088	1.00000	
1026.69750	-612.82694	380.85638	-0.05627	0.03049	89.96233	0.36770	0.00066	1.00000	-0.00098	-1.00000	0.00066	0.00053	0.00053	0.00098	1.00000	
1026.85343	-612.48882	379.90097	-0.03571	0.04122	89.96886	0.34808	0.00054	1.00000	-0.00062	-1.00000	0.00054	0.00072	0.00072	0.00062	1.00000	
1026.64937	-612.61961	380.29005	-0.04472	0.03915	89.96454	0.37221	0.00062	1.00000	-0.00078	-1.00000	0.00062	0.00068	0.00068	0.00078	1.00000	
1027.34483	-612.28677	379.98984	-0.03833	0.04106	89.98298	0.35320	0.00030	1.00000	-0.00067	-1.00000	0.00030	0.00072	0.00072	0.00067	1.00000	
1026.81011	-612.46162	380.08270	-0.03823	0.03535	89.96841	0.35108	0.00055	1.00000	-0.00067	-1.00000	0.00055	0.00062	0.00062	0.00067	1.00000	
1026.69926	-612.53408	380.25657	-0.04231	0.03155	89.96362	0.35058	0.00064	1.00000	-0.00074	-1.00000	0.00064	0.00055	0.00055	0.00074	1.00000	
1026.97926	-612.38481	380.02831	-0.03436	0.02701	89.97008	0.34547	0.00052	1.00000	-0.00060	-1.00000	0.00052	0.00047	0.00047	0.00060	1.00000	
1026.56844	-612.52506	380.15034	-0.03955	0.03330	89.96148	0.31506	0.00067	1.00000	-0.00069	-1.00000	0.00067	0.00058	0.00058	0.00069	1.00000	
1027.11990	-612.32130	380.09668	-0.03842	0.03395	89.97379	0.34326	0.00046	1.00000	-0.00067	-1.00000	0.00046	0.00059	0.00059	0.00067	1.00000	
1026.11013	-612.63438	380.08916	-0.04100	0.04215	89.95077	0.37856	0.00086	1.00000	-0.00072	-1.00000	0.00086	0.00074	0.00074	0.00072	1.00000	
1026.11892	-612.58868	380.01252	-0.03421	0.02927	89.94678	0.40381	0.00093	1.00000	-0.00060	-1.00000	0.00093	0.00051	0.00051	0.00060	1.00000	
1026.78482	-612.38171	380.14112	-0.03684	0.02907	89.96310	0.42043	0.00064	1.00000	-0.00064	-1.00000	0.00064	0.00051	0.00051	0.00064	1.00000	
1026.71009	-612.47979	380.29796	-0.04596	0.04051	89.96510	0.40123	0.00061	1.00000	-0.00080	-1.00000	0.00061	0.00071	0.00071	0.00080	1.00000	
1027.17506	-612.26236	380.13554	-0.03913	0.03624	89.97550	0.40321	0.00043	1.00000	-0.00068	-1.00000	0.00043	0.00063	0.00063	0.00068	1.00000	
1026.37477	-612.63027	380.50588	-0.05042	0.03939	89.95733	0.42079	0.00074	1.00000	-0.00088	-1.00000	0.00075	0.00069	0.00069	0.00088	1.00000	
1027.09967	-612.26623	380.01855	-0.03588	0.03423	89.97490	0.38530	0.00044	1.00000	-0.00063	-1.00000	0.00044	0.00060	0.00060	0.00063	1.00000	
1025.98569	-612.79647	380.60396	-0.04801	0.02661	89.94493	0.40672	0.00096	1.00000	-0.00084	-1.00000	0.00096	0.00046	0.00046	0.00084	1.00000	
1025.79816	-612.88354	380.68545	-0.05165	0.03115	89.94147	0.39888	0.00102	1.00000	-0.00090	-1.00000	0.00102	0.00054	0.00054	0.00090	1.00000	
1025.72718	-612.93178	380.89937	-0.05485	0.02405	89.93784	0.42109	0.00108	1.00000	-0.00096	-1.00000	0.00109	0.00042	0.00042	0.00096	1.00000	
1025.45060	-613.02360	380.84643	-0.05552	0.02946	89.93273	0.39964	0.00117	1.00000	-0.00097	-1.00000	0.00117	0.00051	0.00051	0.00097	1.00000	
1025.42977	-613.05514	380.97948	-0.06077	0.03562	89.93343	0.41427	0.00116	1.00000	-0.00106	-1.00000	0.00116	0.00062	0.00062	0.00106	1.00000	
1025.73876	-612.99735	381.18608	-0.06243	0.02556	89.93998	0.37130	0.00105	1.00000	-0.00109	-1.00000	0.00105	0.00044	0.00045	0.00109	1.00000	
1025.25771	-613.07509	380.84612	-0.05673	0.03304	89.92975	0.37653	0.00123	1.00000	-0.00099	-1.00000	0.00123	0.00058	0.00058	0.00099	1.00000	
1025.55732	-612.95335	380.62003	-0.05123	0.03160	89.93684	0.39922	0.00110	1.00000	-0.00089	-1.00000	0.00110	0.00055	0.00055	0.00089	1.00000	
1026.11847	-612.89708	381.04247	-0.05834	0.02300	89.94868	0.42322	0.00090	1.00000	-0.00102	-1.00000	0.00090	0.00040	0.00040	0.00102	1.00000	
1026.13293	-612.80691	380.66502	-0.04892	0.02280	89.94952	0.40541	0.00088	1.00000	-0.00085	-1.00000	0.00088	0.00040	0.00040	0.00085	1.00000	
1026.22829	-612.90509	381.07729	-0.05977	0.02554	89.95245	0.39528	0.00083	1.00000	-0.00104	-1.00000	0.00083	0.00044	0.00045	0.00104	1.00000	
1026.07574	-613.02914	381.20689	-0.05731	0.01013	89.94353	0.37651	0.00099	1.00000	-0.00100	-1.00000	0.00099	0.00018	0.00018	0.00100	1.00000	
1025.56952	-613.16332	381.02498	-0.05957	0.02717	89.93507	0.36044	0.00113	1.00000	-0.00104	-1.00000	0.00113	0.00047	0.00047	0.00104	1.00000	
1025.94532	-612.92923	380.62028	-0.04722	0.02460	89.94445	0.38221	0.00097	1.00000	-0.00082	-1.00000	0.00097	0.00043	0.00043	0.00082	1.00000	
1026.19147	-612.88039	380.80320	-0.05303	0.02695	89.95042	0.37218	0.00087	1.00000	-0.00093	-1.00000	0.00087	0.00047	0.00047	0.00093	1.00000	
1026.66890	-612.65639	380.53604	-0.04513	0.02589	89.96133	0.35904	0.00068	1.00000	-0.00079	-1.00000	0.00068	0.00045	0.00045	0.00079	1.00000	
1026.11777	-612.88041	380.88534	-0.05469	0.02814	89.94705	0.32383	0.00092	1.00000	-0.00095	-1.00000	0.00092	0.00049	0.00049	0.00095	1.00000	
1027.22822	-612.36969	380.47950	-0.04135	0.01727	89.97211	0.34771	0.00049	1.00000	-0.00072	-1.00000	0.00049	0.00030	0.00030	0.00072	1.00000	
1026.99142	-612.35037	380.30834	-0.04156	0.03153	89.97057	0.32260	0.00051	1.00000	-0.00073	-1.00000	0.00051	0.00055	0.00055	0.00073	1.00000	
1026.62442	-612.57237	380.56613	-0.04582	0.02416	89.95914	0.33812	0.00071	1.00000	-0.00080	-1.00000	0.00071	0.00042	0.00042	0.00080	1.00000	
1027.06258	-612.46722	380.84570	-0.04818	0.01211	89.96599	0.32796	0.00059	1.00000	-0.00084	-1.00000	0.00059	0.00021	0.00021	0.00084	1.00000	
1026.03086	-612.72391	380.73079	-0.04751	0.01982	89.94231	0.34678	0.00101	1.00000	-0.00083	-1.00000	0.00101	0.00035	0.00035	0.00083	1.00000	
1025.85031	-612.88434	381.11843	-0.06099	0.02871	89.93963	0.37253	0.00105	1.00000	-0.00107	-1.00000	0.00105	0.00050	0.00050	0.00106	1.00000	
1026.03632	-612.71521	380.82054	-0.05034	0.01937	89.94209	0.36068	0.00101	1.00000	-0.00088	-1.00000	0.00101	0.00034	0.00034	0.00088	1.00000	
1025.39228	-613.09722	381.53925	-0.06714	0.01183	89.92380	0.38495	0.00133	1.00000	-0.00117	-1.00000	0.00133	0.00020	0.00021	0.00117	1.00000	
1025.76883	-612.80874	381.05085	-0.05673	0.01555	89.93544	0.38874	0.00113	1.00000	-0.00099	-1.00000	0.00113	0.00027	0.00027	0.00099	1.00000	
1025.43845	-612.90743	380.81074	-0.05392	0.01943	89.92787	0.40057	0.00126	1.00000	-0.00094	-1.00000	0.00126	0.00034	0.00034	0.00094	1.00000	
1025.27412	-612.90015	380.57793	-0.05426	0.03707	89.92962	0.39106	0.00123	1.00000	-0.00095	-1.00000	0.00123	0.00065	0.00065	0.00095	1.00000	
1024.77752	-613.19569	380.87970	-0.06518	0.04139	89.91807	0.39598	0.00143	1.00000	-0.00114	-1.00000	0.00143	0.00072	0.00072	0.00114	1.00000	
1024.84190	-613.10730	380.55415	-0.05609	0.04128	89.92097	0.37833	0.00138	1.00000	-0.00098	-1.00000	0.00138	0.00072	0.00072	0.00098	1.00000	
1025.83398	-612.83831	380.50182	-0.05179	0.02881	89.94281	0.39167	0.00100	1.00000	-0.00090	-1.00000	0.00100	0.00050	0.00050	0.00090	1.00000	
1025.78671	-612.80274	380.35392	-0.04863	0.03466	89.94321	0.39084	0.00099	1.00000	-0.00085	-1.00000	0.00099	0.00060	0.00060	0.00085	1.00000	
1025.91659	-612.74284	380.32376	-0.04922	0.03897	89.94725	0.41408	0.00092	1.00000	-0.00086	-1.00000	0.00092	0.00068	0.00068	0.00086	1.00000	
1025.12179	-613.11424	380.67288	-0.05601	0.03371	89.92497	0.40468	0.00131	1.00000	-0.00098	-1.00000	0.00131	0.00059	0.00059	0.00098	1.00000	
1024.74929	-613.26229	380.62343	-0.05639	0.03935	89.91727	0.40121	0.00144	1.00000	-0.00099	-1.00000	0.00144	0.00069	0.00069	0.00098	1.00000	
1025.53835	-612.94133	380.54614	-0.05174	0.02988	89.93604	0.41090	0.00112	1.00000	-0.00090	-1.00000	0.00112	0.00052	0.00052	0.00090	1.00000	
1024.90252	-613.17204	380.66403	-0.05999	0.04529	89.92487	0.40609	0.00131	1.00000	-0.00105	-1.00000	0.00131	0.00079	0.00079	0.00105	1.00000	
1024.51596	-613.27585	380.52736	-0.05800	0.04931	89.91489	0.41463	0.00149	1.00000	-0.00101	-1.00000	0.00149	0.00086	0.00086	0.00101	1.00000	
1024.31292	-613.34157	380.49281	-0.05708	0.05021	89.91048	0.43897	0.00156	1.00000	-0.00100	-1.00000	0.00156	0.00087	0.00088	0.00100	1.00000	
1025.29228	-612.91774	380.31617	-0.04751	0.03447	89.93193	0.43436	0.00119	1.00000	-0.00083	-1.00000	0.00119	0.00060	0.00060	0.00083	1.00000	
1024.52221	-613.11639	380.01761	-0.04383	0.04353	89.91521	0.41680	0.00148	1.00000	-0.00077	-1.00000	0.00148	0.00076	0.00076	0.00076	1.00000	
1025.91344	-612.62230	380.01404	-0.04179	0.03696	89.94900	0.39585	0.00089	1.00000	-0.00073	-1.00000	0.00089	0.00064	0.00065	0.00073	1.00000	
1024.99257	-612.92931	380.16320	-0.04579	0.04158	89.92876	0.39037	0.00124	1.00000	-0.00080	-1.00000	0.00124	0.00072	0.00073	0.00080	1.00000	
1025.26896	-612.85425	380.35379	-0.04545	0.02628	89.93188	0.38867	0.00119	1.00000	-0.00079	-1.00000	0.00119	0.00046	0.00046	0.00079	1.00000	
1025.68648	-612.83186	380.56624	-0.05116	0.02549	89.94016	0.40327	0.00104	1.00000	-0.00089	-1.00000	0.00104	0.00044	0.00044	0.00089	1.00000	
1025.50979	-612.80256	380.39036	-0.04769	0.02977	89.93655	0.36882	0.00111	1.00000	-0.00083	-1.00000	0.00111	0.00052	0.00052	0.00083	1.00000	
1025.76501	-612.60525	379.82321	-0.03763	0.03998	89.94372	0.41549	0.00098	1.00000	-0.00066	-1.00000	0.00098	0.00070	0.00070	0.00066	1.00000	
1026.41087	-612.17250	379.14020	-0.02163	0.04320	89.96216	0.40442	0.00066	1.00000	-0.00038	-1.00000	0.00066	0.00075	0.00075	0.00038	1.00000	
1026.37914	-612.31205	379.64625	-0.03001	0.02841	89.95708	0.40134	0.00075	1.00000	-0.00052	-1.00000	0.00075	0.00050	0.00050	0.00052	1.00000	
1025.68613	-612.61452	380.01888	-0.04080	0.03354	89.94132	0.37491	0.00102	1.00000	-0.00071	-1.00000	0.00102	0.00058	0.00059	0.00071	1.00000	
1026.22461	-612.51660	380.43297	-0.04973	0.02581	89.95448	0.38662	0.00079	1.00000	-0.00087	-1.00000	0.00079	0.00045	0.00045	0.00087	1.00000	
1025.15657	-612.87908	380.34518	-0.05054	0.03342	89.92880	0.33604	0.00124	1.00000	-0.00088	-1.00000	0.00124	0.00058	0.00058	0.00088	1.00000	
1025.09328	-612.92186	380.42571	-0.05260	0.03282	89.92696	0.33125	0.00127	1.00000	-0.00092	-1.00000	0.00128	0.00057	0.00057	0.00092	1.00000	
1025.47941	-612.71839	380.25687	-0.04693	0.03335	89.93788	0.34716	0.00108	1.00000	-0.00082	-1.00000	0.00108	0.00058	0.00058	0.00082	1.00000	
1025.01352	-612.94790	380.45493	-0.05327	0.03552	89.92577	0.33308	0.00130	1.00000	-0.00093	-1.00000	0.00130	0.00062	0.00062	0.00093	1.00000	
1025.82869	-612.62011	380.02299	-0.04077	0.03149	89.94347	0.32447	0.00099	1.00000	-0.00071	-1.00000	0.00099	0.00055	0.00055	0.00071	1.00000	
1025.61628	-612.61601	379.77394	-0.03098	0.02370	89.93597	0.33144	0.00112	1.00000	-0.00054	-1.00000	0.00112	0.00041	0.00041	0.00054	1.00000	
1025.46918	-612.83473	380.37414	-0.04299	0.01390	89.92868	0.34222	0.00124	1.00000	-0.00075	-1.00000	0.00124	0.00024	0.00024	0.00075	1.00000	
1025.11391	-612.82562	379.78330	-0.03040	0.02274	89.92186	0.34924	0.00136	1.00000	-0.00053	-1.00000	0.00136	0.00040	0.00040	0.00053	1.00000	
1026.12860	-612.41709	379.52206	-0.03051	0.04050	89.95182	0.34582	0.00084	1.00000	-0.00053	-1.00000	0.00084	0.00071	0.00071	0.00053	1.00000	
1026.00771	-612.71797	380.35676	-0.04865	0.03207	89.94552	0.35706	0.00095	1.00000	-0.00085	-1.00000	0.00095	0.00056	0.00056	0.00085	1.00000	
1025.55873	-612.80214	380.21559	-0.04754	0.03783	89.93713	0.36559	0.00110	1.00000	-0.00083	-1.00000	0.00110	0.00066	0.00066	0.00083	1.00000	
1025.81310	-612.60812	379.81616	-0.03632	0.03822	89.94246	0.35632	0.00100	1.00000	-0.00063	-1.00000	0.00100	0.00067	0.00067	0.00063	1.00000	
1025.23354	-612.88269	380.03596	-0.04246	0.03940	89.92747	0.35516	0.00127	1.00000	-0.00074	-1.00000	0.00127	0.00069	0.00069	0.00074	1.00000	
1025.97711	-612.73903	380.51513	-0.05215	0.03463	89.94464	0.35066	0.00097	1.00000	-0.00091	-1.00000	0.00097	0.00060	0.00060	0.00091	1.00000	
1025.72115	-612.71464	380.24487	-0.04392	0.02946	89.93468	0.38120	0.00114	1.00000	-0.00077	-1.00000	0.00114	0.00051	0.00051	0.00077	1.00000	
1026.39945	-612.39973	379.84039	-0.03587	0.03475	89.95234	0.36283	0.00083	1.00000	-0.00063	-1.00000	0.00083	0.00061	0.00061	0.00063	1.00000	
1026.49904	-612.34340	379.83144	-0.03372	0.03505	89.95498	0.36770	0.00079	1.00000	-0.00059	-1.00000	0.00079	0.00061	0.00061	0.00059	1.00000	
1026.65668	-612.36613	380.12367	-0.04012	0.03363	89.96048	0.38054	0.00069	1.00000	-0.00070	-1.00000	0.00069	0.00059	0.00059	0.00070	1.00000	
1026.52532	-612.46057	380.10340	-0.03637	0.02807	89.95426	0.36051	0.00080	1.00000	-0.00064	-1.00000	0.00080	0.00049	0.00049	0.00063	1.00000	
1025.71084	-612.81446	380.62728	-0.05123	0.03185	89.93495	0.39798	0.00114	1.00000	-0.00089	-1.00000	0.00114	0.00055	0.00056	0.00089	1.00000	
1025.21779	-612.91438	380.49084	-0.05117	0.04405	89.92613	0.39434	0.00129	1.00000	-0.00089	-1.00000	0.00129	0.00077	0.00077	0.00089	1.00000	
1025.62644	-612.87327	380.74304	-0.05420	0.03660	89.93491	0.38556	0.00114	1.00000	-0.00095	-1.00000	0.00114	0.00064	0.00064	0.00095	1.00000	
1026.21634	-612.53018	380.19385	-0.04530	0.05227	89.95720	0.35794	0.00075	1.00000	-0.00079	-1.00000	0.00075	0.00091	0.00091	0.00079	1.00000	
1025.91191	-612.75010	380.43375	-0.04945	0.04231	89.94720	0.33660	0.00092	1.00000	-0.00086	-1.00000	0.00092	0.00074	0.00074	0.00086	1.00000	
1025.45913	-612.89169	380.37567	-0.04956	0.04848	89.93945	0.36295	0.00106	1.00000	-0.00087	-1.00000	0.00106	0.00085	0.00085	0.00087	1.00000	
1025.54609	-612.97271	380.71681	-0.05476	0.03554	89.93728	0.37681	0.00109	1.00000	-0.00096	-1.00000	0.00110	0.00062	0.00062	0.00096	1.00000	
1024.58365	-613.27069	380.68390	-0.05702	0.04300	89.91533	0.41301	0.00148	1.00000	-0.00100	-1.00000	0.00148	0.00075	0.00075	0.00100	1.00000	
1024.57548	-613.22525	380.43599	-0.05352	0.04698	89.91621	0.41504	0.00146	1.00000	-0.00094	-1.00000	0.00146	0.00082	0.00082	0.00093	1.00000	
1024.32986	-613.41192	380.89423	-0.06345	0.04606	89.90974	0.40497	0.00158	1.00000	-0.00111	-1.00000	0.00158	0.00080	0.00080	0.00111	1.00000	
1024.38635	-613.42351	381.04411	-0.06846	0.04735	89.91066	0.40225	0.00156	1.00000	-0.00120	-1.00000	0.00156	0.00082	0.00083	0.00119	1.00000	
1023.95379	-613.53299	380.95706	-0.06796	0.05731	89.90089	0.39503	0.00173	1.00000	-0.00119	-1.00000	0.00173	0.00100	0.00100	0.00119	1.00000	
1023.84920	-613.60368	381.04139	-0.06774	0.04905	89.89652	0.37986	0.00181	1.00000	-0.00118	-1.00000	0.00181	0.00085	0.00086	0.00118	1.00000	
1024.48614	-613.27447	380.55555	-0.05472	0.05081	89.91268	0.39066	0.00152	1.00000	-0.00096	-1.00000	0.00152	0.00089	0.00089	0.00096	1.00000	
1024.44134	-613.52759	381.41766	-0.06969	0.03269	89.90634	0.40084	0.00163	1.00000	-0.00122	-1.00000	0.00164	0.00057	0.00057	0.00122	1.00000	
1024.32146	-613.54666	381.34973	-0.06683	0.02832	89.90345	0.40463	0.00169	1.00000	-0.00117	-1.00000	0.00169	0.00049	0.00049	0.00117	1.00000	
1024.82509	-613.44602	381.41442	-0.06748	0.02344	89.91392	0.40077	0.00150	1.00000	-0.00118	-1.00000	0.00150	0.00041	0.00041	0.00118	1.00000	
1024.35817	-613.76854	382.01470	-0.07928	0.01023	89.89863	0.39072	0.00177	1.00000	-0.00138	-1.00000	0.00177	0.00018	0.00018	0.00138	1.00000	
1024.56196	-613.59679	381.59960	-0.06989	0.01256	89.90443	0.40054	0.00167	1.00000	-0.00122	-1.00000	0.00167	0.00022	0.00022	0.00122	1.00000	
1025.44540	-613.26725	381.31861	-0.06344	0.01485	89.92776	0.40175	0.00126	1.00000	-0.00111	-1.00000	0.00126	0.00026	0.00026	0.00111	1.00000	
1025.81090	-613.08140	381.21382	-0.06082	0.01602	89.93899	0.39248	0.00106	1.00000	-0.00106	-1.00000	0.00107	0.00028	0.00028	0.00106	1.00000	
1025.66378	-613.11241	381.08842	-0.06213	0.03141	89.93867	0.36601	0.00107	1.00000	-0.00108	-1.00000	0.00107	0.00055	0.00055	0.00108	1.00000	
1025.51913	-613.13800	380.92190	-0.05480	0.02149	89.93330	0.33642	0.00116	1.00000	-0.00096	-1.00000	0.00116	0.00037	0.00038	0.00096	1.00000	
1024.99698	-613.32092	380.95540	-0.05895	0.02997	89.92195	0.33742	0.00136	1.00000	-0.00103	-1.00000	0.00136	0.00052	0.00052	0.00103	1.00000	
1025.64220	-613.11373	380.81241	-0.05792	0.03661	89.93891	0.35274	0.00107	1.00000	-0.00101	-1.00000	0.00107	0.00064	0.00064	0.00101	1.00000	
1025.98326	-612.86084	380.22070	-0.03889	0.02179	89.94397	0.35341	0.00098	1.00000	-0.00068	-1.00000	0.00098	0.00038	0.00038	0.00068	1.00000	
1026.12505	-612.88375	380.59187	-0.04870	0.02139	89.94756	0.36365	0.00092	1.00000	-0.00085	-1.00000	0.00092	0.00037	0.00037	0.00085	1.00000	
1026.34120	-612.75902	380.35256	-0.04255	0.01833	89.95224	0.36320	0.00083	1.00000	-0.00074	-1.00000	0.00083	0.00032	0.00032	0.00074	1.00000	
1026.08866	-612.78440	380.46142	-0.04672	0.02240	89.94904	0.35207	0.00089	1.00000	-0.00082	-1.00000	0.00089	0.00039	0.00039	0.00082	1.00000	
1026.20630	-612.72279	380.37641	-0.04364	0.02442	89.95338	0.34750	0.00081	1.00000	-0.00076	-1.00000	0.00081	0.00043	0.00043	0.00076	1.00000	
1025.21151	-612.99441	380.28297	-0.03967	0.02000	89.92843	0.33944	0.00125	1.00000	-0.00069	-1.00000	0.00125	0.00035	0.00035	0.00069	1.00000	
1025.02175	-613.16175	380.63652	-0.04565	0.01221	89.92236	0.33256	0.00136	1.00000	-0.00080	-1.00000	0.00136	0.00021	0.00021	0.00080	1.00000	
1025.31978	-612.99167	380.40878	-0.04084	0.01475	89.93160	0.34929	0.00119	1.00000	-0.00071	-1.00000	0.00119	0.00026	0.00026	0.00071	1.00000	
1024.95105	-613.32468	381.08091	-0.06024	0.01852	89.92113	0.36716	0.00138	1.00000	-0.00105	-1.00000	0.00138	0.00032	0.00032	0.00105	1.00000	
1024.79410	-613.32250	380.80475	-0.05552	0.02675	89.91875	0.36593	0.00142	1.00000	-0.00097	-1.00000	0.00142	0.00047	0.00047	0.00097	1.00000	
1025.78469	-613.12650	381.12380	-0.05652	0.00656	89.93980	0.36752	0.00105	1.00000	-0.00099	-1.00000	0.00105	0.00011	0.00011	0.00099	1.00000	
1024.93359	-613.49820	381.34668	-0.06872	0.02967	89.92297	0.37791	0.00134	1.00000	-0.00120	-1.00000	0.00135	0.00052	0.00052	0.00120	1.00000	
1025.58858	-613.38755	381.63834	-0.06767	0.00457	89.93307	0.33679	0.00117	1.00000	-0.00118	-1.00000	0.00117	0.00008	0.00008	0.00118	1.00000	
1024.51778	-613.73465	381.64056	-0.07306	0.01853	89.90859	0.37635	0.00160	1.00000	-0.00128	-1.00000	0.00160	0.00032	0.00032	0.00128	1.00000	
1024.30117	-613.98453	382.25893	-0.08735	0.01227	89.90195	0.39266	0.00171	1.00000	-0.00152	-1.00000	0.00171	0.00021	0.00021	0.00152	1.00000	
1024.06701	-613.84498	381.46961	-0.07476	0.03489	89.90132	0.36582	0.00172	1.00000	-0.00131	-1.00000	0.00172	0.00061	0.00061	0.00130	1.00000	
1023.76933	-613.83863	381.40764	-0.07564	0.04354	89.89836	0.36472	0.00177	1.00000	-0.00132	-1.00000	0.00177	0.00076	0.00076	0.00132	1.00000	
1024.31418	-613.77536	381.54950	-0.07449	0.02421	89.90541	0.37643	0.00165	1.00000	-0.00130	-1.00000	0.00165	0.00042	0.00042	0.00130	1.00000	
1023.81271	-613.82763	381.46590	-0.07623	0.03711	89.89819	0.40942	0.00178	1.00000	-0.00133	-1.00000	0.00178	0.00065	0.00065	0.00133	1.00000	
1023.75409	-613.95810	381.81138	-0.08462	0.03463	89.89684	0.39143	0.00180	1.00000	-0.00148	-1.00000	0.00180	0.00060	0.00060	0.00148	1.00000	
1023.85580	-614.04826	382.06066	-0.08532	0.02008	89.89408	0.40287	0.00185	1.00000	-0.00149	-1.00000	0.00185	0.00035	0.00035	0.00149	1.00000	
1023.61711	-614.01765	381.80961	-0.08009	0.02346	89.88992	0.43899	0.00192	1.00000	-0.00140	-1.00000	0.00192	0.00041	0.00041	0.00140	1.00000	
1023.99931	-613.87184	381.66504	-0.07648	0.02125	89.89957	0.42988	0.00175	1.00000	-0.00134	-1.00000	0.00175	0.00037	0.00037	0.00133	1.00000	
1023.41312	-614.07643	381.66013	-0.07897	0.02918	89.88567	0.43710	0.00200	1.00000	-0.00138	-1.00000	0.00200	0.00051	0.00051	0.00138	1.00000	
1023.21793	-614.23232	381.85352	-0.08368	0.02952	89.87971	0.43576	0.00210	1.00000	-0.00146	-1.00000	0.00210	0.00051	0.00052	0.00146	1.00000	
1024.66995	-613.60504	381.18406	-0.06640	0.03054	89.91548	0.42591	0.00148	1.00000	-0.00116	-1.00000	0.00148	0.00053	0.00053	0.00116	1.00000	
1024.44431	-613.70141	381.18005	-0.06703	0.02938	89.90994	0.40494	0.00157	1.00000	-0.00117	-1.00000	0.00157	0.00051	0.00051	0.00117	1.00000	
1023.98801	-613.99558	381.63773	-0.07993	0.02982	89.89737	0.41908	0.00179	1.00000	-0.00140	-1.00000	0.00179	0.00052	0.00052	0.00140	1.00000	
1023.78678	-614.05247	381.39435	-0.07450	0.03385	89.89301	0.40663	0.00187	1.00000	-0.00130	-1.00000	0.00187	0.00059	0.00059	0.00130	1.00000	
1024.00228	-614.04768	381.74236	-0.08145	0.02738	89.89713	0.39500	0.00180	1.00000	-0.00142	-1.00000	0.00180	0.00048	0.00048	0.00142	1.00000	
1024.58087	-613.82627	381.58217	-0.07032	0.00871	89.90646	0.41889	0.00163	1.00000	-0.00123	-1.00000	0.00163	0.00015	0.00015	0.00123	1.00000	
1024.19345	-613.86954	381.38922	-0.06801	0.02017	89.90009	0.41195	0.00174	1.00000	-0.00119	-1.00000	0.00174	0.00035	0.00035	0.00119	1.00000	
1024.63357	-613.76729	381.67359	-0.07226	0.01297	89.90989	0.41100	0.00157	1.00000	-0.00126	-1.00000	0.00157	0.00022	0.00023	0.00126	1.00000	
1024.81783	-613.50091	381.03594	-0.05684	0.01623	89.91691	0.40226	0.00145	1.00000	-0.00099	-1.00000	0.00145	0.00028	0.00028	0.00099	1.00000	
1024.61286	-613.60617	381.00060	-0.05507	0.01534	89.91078	0.42807	0.00156	1.00000	-0.00096	-1.00000	0.00156	0.00027	0.00027	0.00096	1.00000	
1025.64876	-613.06942	380.35576	-0.03517	0.00960	89.93533	0.40108	0.00113	1.00000	-0.00061	-1.00000	0.00113	0.00017	0.00017	0.00061	1.00000	
1026.20858	-612.79172	380.09571	-0.02885	0.01298	89.95142	0.41667	0.00085	1.00000	-0.00050	-1.00000	0.00085	0.00023	0.00023	0.00050	1.00000	
1025.82701	-612.93344	380.16319	-0.02708	0.00247	89.94041	0.38231	0.00104	1.00000	-0.00047	-1.00000	0.00104	0.00004	0.00004	0.00047	1.00000	
1025.70791	-613.01862	380.33891	-0.03237	0.00736	89.93905	0.39070	0.00106	1.00000	-0.00057	-1.00000	0.00106	0.00013	0.00013	0.00056	1.00000	
1025.62340	-612.96344	379.93287	-0.02555	0.01780	89.93909	0.38994	0.00106	1.00000	-0.00045	-1.00000	0.00106	0.00031	0.00031	0.00045	1.00000	
1025.00694	-613.22152	379.87355	-0.02730	0.03197	89.92634	0.41887	0.00129	1.00000	-0.00048	-1.00000	0.00129	0.00056	0.00056	0.00048	1.00000	
1026.25290	-612.73439	379.76767	-0.02096	0.01892	89.95540	0.37407	0.00078	1.00000	-0.00037	-1.00000	0.00078	0.00033	0.00033	0.00037	1.00000	
1025.11103	-613.30577	380.38475	-0.04019	0.03298	89.92879	0.39826	0.00124	1.00000	-0.00070	-1.00000	0.00124	0.00057	0.00058	0.00070	1.00000	
1026.16775	-612.96123	380.17716	-0.03225	0.02742	89.95448	0.38853	0.00079	1.00000	-0.00056	-1.00000	0.00079	0.00048	0.00048	0.00056	1.00000	
1026.12388	-612.99524	380.21701	-0.03411	0.02762	89.95341	0.38405	0.00081	1.00000	-0.00060	-1.00000	0.00081	0.00048	0.00048	0.00060	1.00000	
1026.28038	-612.99255	380.45739	-0.03847	0.02351	89.95587	0.41161	0.00077	1.00000	-0.00067	-1.00000	0.00077	0.00041	0.00041	0.00067	1.00000	
1026.29644	-612.97403	380.19319	-0.03351	0.02495	89.95708	0.37138	0.00075	1.00000	-0.00059	-1.00000	0.00075	0.00043	0.00044	0.00058	1.00000	
1025.19749	-613.45940	380.71216	-0.04989	0.03307	89.93177	0.38886	0.00119	1.00000	-0.00087	-1.00000	0.00119	0.00058	0.00058	0.00087	1.00000	
1025.90535	-613.12161	380.07840	-0.03689	0.03946	89.95082	0.37484	0.00086	1.00000	-0.00064	-1.00000	0.00086	0.00069	0.00069	0.00064	1.00000	
1025.25449	-613.36977	380.12974	-0.04155	0.04799	89.93542	0.37496	0.00113	1.00000	-0.00073	-1.00000	0.00113	0.00084	0.00084	0.00073	1.00000	
1025.50359	-613.31176	380.18116	-0.03988	0.03970	89.93867	0.40696	0.00107	1.00000	-0.00070	-1.00000	0.00107	0.00069	0.00069	0.00070	1.00000	
1024.87979	-613.52989	380.29131	-0.04526	0.04677	89.92524	0.39706	0.00130	1.00000	-0.00079	-1.00000	0.00131	0.00082	0.00082	0.00079	1.00000	
1025.38887	-613.48541	380.69089	-0.05206	0.03478	89.93414	0.38415	0.00115	1.00000	-0.00091	-1.00000	0.00115	0.00061	0.00061	0.00091	1.00000	
1025.50835	-613.27519	380.01446	-0.03664	0.03798	89.93794	0.38749	0.00108	1.00000	-0.00064	-1.00000	0.00108	0.00066	0.00066	0.00064	1.00000	
1024.96314	-613.59573	380.40048	-0.04644	0.03268	89.92199	0.38480	0.00136	1.00000	-0.00081	-1.00000	0.00136	0.00057	0.00057	0.00081	1.00000	
1024.89964	-613.48125	379.80094	-0.03462	0.04452	89.92478	0.39508	0.00131	1.00000	-0.00061	-1.00000	0.00131	0.00078	0.00078	0.00060	1.00000	
1025.80845	-613.30162	380.14122	-0.04139	0.03723	89.94579	0.42329	0.00095	1.00000	-0.00072	-1.00000	0.00095	0.00065	0.00065	0.00072	1.00000	
1026.31708	-613.14692	380.16739	-0.04087	0.03257	89.95777	0.38538	0.00074	1.00000	-0.00071	-1.00000	0.00074	0.00057	0.00057	0.00071	1.00000	
1026.73992	-613.10259	380.52491	-0.04450	0.01680	89.96474	0.40044	0.00062	1.00000	-0.00078	-1.00000	0.00062	0.00029	0.00029	0.00078	1.00000	
1025.84863	-613.45843	380.54709	-0.04999	0.03212	89.94548	0.41512	0.00095	1.00000	-0.00087	-1.00000	0.00095	0.00056	0.00056	0.00087	1.00000	
1026.20716	-613.32312	380.65738	-0.04765	0.02021	89.95154	0.40327	0.00085	1.00000	-0.00083	-1.00000	0.00085	0.00035	0.00035	0.00083	1.00000	
1025.74232	-613.45881	380.61208	-0.04884	0.02721	89.94115	0.42282	0.00103	1.00000	-0.00085	-1.00000	0.00103	0.00047	0.00047	0.00085	1.00000	
1025.30309	-613.66617	380.88745	-0.05434	0.02311	89.93003	0.40285	0.00122	1.00000	-0.00095	-1.00000	0.00122	0.00040	0.00040	0.00095	1.00000	
1025.35555	-613.61399	380.83534	-0.05264	0.02212	89.93008	0.44600	0.00122	1.00000	-0.00092	-1.00000	0.00122	0.00038	0.00039	0.00092	1.00000	
1024.91963	-613.71092	380.68802	-0.05063	0.02243	89.91933	0.39590	0.00141	1.00000	-0.00088	-1.00000	0.00141	0.00039	0.00039	0.00088	1.00000	
1025.03612	-613.68566	380.69046	-0.05337	0.02947	89.92458	0.41619	0.00132	1.00000	-0.00093	-1.00000	0.00132	0.00051	0.00051	0.00093	1.00000	
1025.83059	-613.37411	380.41684	-0.04252	0.01711	89.94105	0.39133	0.00103	1.00000	-0.00074	-1.00000	0.00103	0.00030	0.00030	0.00074	1.00000	
1025.86582	-613.42164	380.43198	-0.04528	0.02376	89.94305	0.39931	0.00099	1.00000	-0.00079	-1.00000	0.00099	0.00041	0.00041	0.00079	1.00000	
1026.65011	-613.13909	380.28811	-0.03896	0.01804	89.96113	0.37087	0.00068	1.00000	-0.00068	-1.00000	0.00068	0.00031	0.00031	0.00068	1.00000	
1026.97058	-613.00991	380.14287	-0.03624	0.02267	89.96996	0.36900	0.00052	1.00000	-0.00063	-1.00000	0.00052	0.00040	0.00040	0.00063	1.00000	
1025.46104	-613.62326	380.59848	-0.04834	0.02596	89.93384	0.37077	0.00115	1.00000	-0.00084	-1.00000	0.00116	0.00045	0.00045	0.00084	1.00000	
1025.58686	-613.47171	380.04026	-0.03928	0.04366	89.94061	0.35237	0.00104	1.00000	-0.00069	-1.00000	0.00104	0.00076	0.00076	0.00069	1.00000	
1025.05146	-613.95496	381.01258	-0.06269	0.04030	89.92546	0.35410	0.00130	1.00000	-0.00110	-1.00000	0.00130	0.00070	0.00070	0.00109	1.00000	
1026.58164	-613.30510	380.20123	-0.03809	0.03119	89.96123	0.37211	0.00068	1.00000	-0.00067	-1.00000	0.00068	0.00054	0.00054	0.00066	1.00000	
1025.25562	-613.90572	380.86977	-0.05306	0.02713	89.92595	0.38931	0.00129	1.00000	-0.00093	-1.00000	0.00129	0.00047	0.00047	0.00093	1.00000	
1025.51701	-613.83069	380.87586	-0.05766	0.03971	89.93628	0.38833	0.00111	1.00000	-0.00101	-1.00000	0.00111	0.00069	0.00069	0.00101	1.00000	
1025.99803	-613.68611	380.89904	-0.05134	0.02258	89.94353	0.40182	0.00099	1.00000	-0.00090	-1.00000	0.00099	0.00039	0.00039	0.00090	1.00000	
1024.97379	-614.24574	381.71691	-0.07229	0.02249	89.91596	0.43183	0.00147	1.00000	-0.00126	-1.00000	0.00147	0.00039	0.00039	0.00126	1.00000	
1024.75932	-614.26687	381.33639	-0.06514	0.02964	89.91307	0.40889	0.00152	1.00000	-0.00114	-1.00000	0.00152	0.00052	0.00052	0.00114	1.00000	
1025.48751	-614.03624	381.56947	-0.07054	0.02603	89.93117	0.41925	0.00120	1.00000	-0.00123	-1.00000	0.00120	0.00045	0.00045	0.00123	1.00000	
1024.90985	-614.22505	381.54790	-0.07104	0.02556	89.91745	0.44826	0.00144	1.00000	-0.00124	-1.00000	0.00144	0.00044	0.00045	0.00124	1.00000	
1025.50315	-613.86141	380.57290	-0.04963	0.03282	89.93500	0.45885	0.00113	1.00000	-0.00087	-1.00000	0.00114	0.00057	0.00057	0.00087	1.00000	
1025.22949	-613.98056	380.58554	-0.05469	0.04074	89.93021	0.44748	0.00122	1.00000	-0.00096	-1.00000	0.00122	0.00071	0.00071	0.00095	1.00000	
1024.73954	-614.09238	380.65761	-0.05615	0.04022	89.91911	0.44719	0.00141	1.00000	-0.00098	-1.00000	0.00141	0.00070	0.00070	0.00098	1.00000	
1024.14177	-614.39296	381.12544	-0.06615	0.03629	89.90215	0.44846	0.00171	1.00000	-0.00116	-1.00000	0.00171	0.00063	0.00063	0.00115	1.00000	
1024.56265	-614.15812	380.84545	-0.06271	0.04552	89.91714	0.43181	0.00145	1.00000	-0.00110	-1.00000	0.00145	0.00079	0.00079	0.00109	1.00000	
1024.81748	-614.13624	381.20869	-0.06573	0.03037	89.92035	0.44325	0.00139	1.00000	-0.00115	-1.00000	0.00139	0.00053	0.00053	0.00115	1.00000	
1024.20700	-614.44487	381.74835	-0.08160	0.03621	89.90775	0.44041	0.00161	1.00000	-0.00143	-1.00000	0.00161	0.00063	0.00063	0.00142	1.00000	
1024.71347	-614.18498	381.43793	-0.07724	0.04984	89.92422	0.43348	0.00132	1.00000	-0.00135	-1.00000	0.00132	0.00087	0.00087	0.00135	1.00000	
1023.42263	-614.79448	382.01020	-0.08936	0.04491	89.89039	0.46648	0.00191	1.00000	-0.00156	-1.00000	0.00191	0.00078	0.00078	0.00156	1.00000	
1024.49198	-614.26498	381.39584	-0.07300	0.04077	89.91713	0.44237	0.00145	1.00000	-0.00128	-1.00000	0.00145	0.00071	0.00071	0.00127	1.00000	
1024.38483	-614.33978	381.51149	-0.07796	0.04694	89.91647	0.45044	0.00146	1.00000	-0.00136	-1.00000	0.00146	0.00082	0.00082	0.00136	1.00000	
1023.66851	-614.61495	381.62833	-0.08236	0.05066	89.89939	0.40982	0.00176	1.00000	-0.00144	-1.00000	0.00176	0.00088	0.00088	0.00144	1.00000	
1023.72206	-614.54961	381.40636	-0.07515	0.04623	89.90012	0.44921	0.00174	1.00000	-0.00131	-1.00000	0.00174	0.00080	0.00081	0.00131	1.00000	
1024.44377	-614.15590	380.86016	-0.05852	0.04145	89.91734	0.46717	0.00144	1.00000	-0.00102	-1.00000	0.00144	0.00072	0.00072	0.00102	1.00000	
1024.48147	-614.13862	380.83971	-0.06113	0.04847	89.91974	0.48470	0.00140	1.00000	-0.00107	-1.00000	0.00140	0.00084	0.00085	0.00107	1.00000	
1024.30404	-614.34751	381.21026	-0.06432	0.03621	89.91087	0.43120	0.00156	1.00000	-0.00112	-1.00000	0.00156	0.00063	0.00063	0.00112	1.00000	
1024.36755	-614.27182	380.78110	-0.06024	0.05446	89.91643	0.42846	0.00146	1.00000	-0.00105	-1.00000	0.00146	0.00095	0.00095	0.00105	1.00000	
1024.03768	-614.45400	381.05758	-0.06325	0.04425	89.90570	0.44974	0.00165	1.00000	-0.00111	-1.00000	0.00165	0.00077	0.00077	0.00110	1.00000	
1025.30593	-613.82876	380.07710	-0.03885	0.04597	89.93782	0.44712	0.00109	1.00000	-0.00068	-1.00000	0.00109	0.00080	0.00080	0.00068	1.00000	
1025.14391	-614.05807	380.61435	-0.04734	0.03289	89.92919	0.44962	0.00124	1.00000	-0.00083	-1.00000	0.00124	0.00057	0.00057	0.00083	1.00000	
1025.72188	-613.64460	380.00844	-0.03443	0.04297	89.94718	0.47594	0.00092	1.00000	-0.00060	-1.00000	0.00092	0.00075	0.00075	0.00060	1.00000	
1025.44456	-613.91086	380.45307	-0.04067	0.02726	89.93551	0.46607	0.00113	1.00000	-0.00071	-1.00000	0.00113	0.00047	0.00048	0.00071	1.00000	
1025.15546	-613.95924	380.16014	-0.03933	0.04602	89.93291	0.51464	0.00117	1.00000	-0.00069	-1.00000	0.00117	0.00080	0.00080	0.00069	1.00000	
1025.00218	-614.15029	380.73784	-0.05285	0.04072	89.92841	0.51540	0.00125	1.00000	-0.00092	-1.00000	0.00125	0.00071	0.00071	0.00092	1.00000	
1025.53428	-613.85425	380.11942	-0.04102	0.05540	89.94518	0.49320	0.00096	1.00000	-0.00072	-1.00000	0.00096	0.00097	0.00097	0.00072	1.00000	
1025.49162	-613.89432	380.24490	-0.04304	0.05164	89.94272	0.47996	0.00100	1.00000	-0.00075	-1.00000	0.00100	0.00090	0.00090	0.00075	1.00000	
1026.30651	-613.71665	380.46155	-0.04659	0.04498	89.96019	0.45690	0.00069	1.00000	-0.00081	-1.00000	0.00070	0.00078	0.00079	0.00081	1.00000	
1026.26369	-613.63916	380.03803	-0.03815	0.05333	89.96082	0.46133	0.00068	1.00000	-0.00067	-1.00000	0.00068	0.00093	0.00093	0.00067	1.00000	
1027.08283	-613.31284	379.70616	-0.03001	0.05338	89.98160	0.45013	0.00032	1.00000	-0.00052	-1.00000	0.00032	0.00093	0.00093	0.00052	1.00000	
1027.00219	-613.33883	379.70447	-0.02223	0.02885	89.97286	0.46122	0.00047	1.00000	-0.00039	-1.00000	0.00047	0.00050	0.00050	0.00039	1.00000	
1026.89383	-613.39796	379.79724	-0.02885	0.03966	89.97253	0.42755	0.00048	1.00000	-0.00050	-1.00000	0.00048	0.00069	0.00069	0.00050	1.00000	
1027.10391	-613.27598	379.49227	-0.02251	0.04465	89.97904	0.40795	0.00037	1.00000	-0.00039	-1.00000	0.00037	0.00078	0.00078	0.00039	1.00000	
1026.67495	-613.46566	379.72774	-0.02819	0.04191	89.96793	0.41097	0.00056	1.00000	-0.00049	-1.00000	0.00056	0.00073	0.00073	0.00049	1.00000	
1026.89560	-613.40706	379.78012	-0.02636	0.03017	89.97180	0.40983	0.00049	1.00000	-0.00046	-1.00000	0.00049	0.00053	0.00053	0.00046	1.00000	
1026.87076	-613.43533	379.90860	-0.03494	0.04506	89.97422	0.39162	0.00045	1.00000	-0.00061	-1.00000	0.00045	0.00079	0.00079	0.00061	1.00000	
1026.38599	-613.55660	379.76607	-0.03366	0.05089	89.96465	0.38207	0.00062	1.00000	-0.00059	-1.00000	0.00062	0.00089	0.00089	0.00059	1.00000	
1025.98507	-613.70040	379.61732	-0.03476	0.06265	89.95776	0.41096	0.00074	1.00000	-0.00061	-1.00000	0.00074	0.00109	0.00109	0.00061	1.00000	
1026.28012	-613.76988	380.05107	-0.03915	0.03877	89.95939	0.38836	0.00071	1.00000	-0.00068	-1.00000	0.00071	0.00068	0.00068	0.00068	1.00000	
1026.89328	-613.46302	379.49066	-0.03101	0.05300	89.97857	0.40599	0.00037	1.00000	-0.00054	-1.00000	0.00037	0.00092	0.00093	0.00054	1.00000	
1027.12572	-613.45261	379.57703	-0.03474	0.05779	89.98472	0.35124	0.00027	1.00000	-0.00061	-1.00000	0.00027	0.00101	0.00101	0.00061	1.00000	
1026.56965	-613.71039	379.58992	-0.03307	0.05105	89.96716	0.41072	0.00057	1.00000	-0.00058	-1.00000	0.00057	0.00089	0.00089	0.00058	1.00000	
1027.64472	-613.22217	379.17941	-0.02401	0.05501	89.99612	0.36363	0.00007	1.00000	-0.00042	-1.00000	0.00007	0.00096	0.00096	0.00042	1.00000	
1026.91234	-613.49764	379.05531	-0.02591	0.06655	89.98132	0.37548	0.00033	1.00000	-0.00045	-1.00000	0.00033	0.00116	0.00116	0.00045	1.00000	
1027.40270	-613.26793	378.64295	-0.01468	0.06424	89.99199	0.38877	0.00014	1.00000	-0.00026	-1.00000	0.00014	0.00112	0.00112	0.00026	1.00000	
1027.14743	-613.51924	379.09210	-0.02145	0.05161	89.98155	0.41677	0.00032	1.00000	-0.00037	-1.00000	0.00032	0.00090	0.00090	0.00037	1.00000	
1027.04390	-613.57524	379.29405	-0.02744	0.06043	89.98079	0.41666	0.00034	1.00000	-0.00048	-1.00000	0.00034	0.00105	0.00105	0.00048	1.00000	
1026.77495	-613.67804	379.24727	-0.02179	0.04865	89.97072	0.41226	0.00051	1.00000	-0.00038	-1.00000	0.00051	0.00085	0.00085	0.00038	1.00000	
1026.83689	-613.70331	379.37548	-0.02275	0.04733	89.97195	0.42750	0.00049	1.00000	-0.00040	-1.00000	0.00049	0.00083	0.00083	0.00040	1.00000	
1027.02124	-613.50438	378.97749	-0.01199	0.05129	89.97869	0.37568	0.00037	1.00000	-0.00021	-1.00000	0.00037	0.00090	0.00090	0.00021	1.00000	
1026.82367	-613.62601	379.38163	-0.01808	0.03769	89.97072	0.35841	0.00051	1.00000	-0.00032	-1.00000	0.00051	0.00066	0.00066	0.00032	1.00000	
1027.17444	-613.45488	379.13534	-0.00962	0.03171	89.98033	0.36288	0.00034	1.00000	-0.00017	-1.00000	0.00034	0.00055	0.00055	0.00017	1.00000	
1027.14290	-613.50270	379.23492	-0.01563	0.03708	89.98060	0.33665	0.00034	1.00000	-0.00027	-1.00000	0.00034	0.00065	0.00065	0.00027	1.00000	
1026.92482	-613.46995	378.93003	-0.01275	0.05058	89.97872	0.35593	0.00037	1.00000	-0.00022	-1.00000	0.00037	0.00088	0.00088	0.00022	1.00000	
1026.61760	-613.64967	379.20173	-0.02242	0.05656	89.97397	0.35561	0.00045	1.00000	-0.00039	-1.00000	0.00045	0.00099	0.00099	0.00039	1.00000	
1027.77539	-613.29908	379.07763	-0.01711	0.04936	89.99995	0.35479	0.00000	1.00000	-0.00030	-1.00000	0.00000	0.00086	0.00086	0.00030	1.00000	
1027.16607	-613.47114	378.97837	-0.01915	0.06296	89.98933	0.38066	0.00019	1.00000	-0.00033	-1.00000	0.00019	0.00110	0.00110	0.00033	1.00000	
1027.11012	-613.56812	379.20471	-0.01876	0.04621	89.98311	0.36739	0.00029	1.00000	-0.00033	-1.00000	0.00030	0.00081	0.00081	0.00033	1.00000	
1026.59564	-613.76878	379.33705	-0.02498	0.05407	89.97166	0.37264	0.00049	1.00000	-0.00044	-1.00000	0.00049	0.00094	0.00094	0.00044	1.00000	
1027.18605	-613.46381	378.85798	-0.01227	0.05454	89.98643	0.38608	0.00024	1.00000	-0.00021	-1.00000	0.00024	0.00095	0.00095	0.00021	1.00000	
1027.03652	-613.65749	379.43840	-0.02449	0.04739	89.98207	0.41576	0.00031	1.00000	-0.00043	-1.00000	0.00031	0.00083	0.00083	0.00043	1.00000	
1027.33991	-613.54728	379.34545	-0.02346	0.05443	89.99296	0.38326	0.00012	1.00000	-0.00041	-1.00000	0.00012	0.00095	0.00095	0.00041	1.00000	
1027.30042	-613.54015	379.11673	-0.01855	0.05345	89.99133	0.35691	0.00015	1.00000	-0.00032	-1.00000	0.00015	0.00093	0.00093	0.00032	1.00000	
1026.97539	-613.64700	379.00756	-0.02062	0.06559	89.98712	0.36166	0.00022	1.00000	-0.00036	-1.00000	0.00023	0.00114	0.00114	0.00036	1.00000	
1027.42982	-613.56157	379.05972	-0.02007	0.06050	89.99681	0.38036	0.00006	1.00000	-0.00035	-1.00000	0.00006	0.00106	0.00106	0.00035	1.00000	
1027.27910	-613.59813	379.05855	-0.01748	0.05081	89.99104	0.35767	0.00016	1.00000	-0.00031	-1.00000	0.00016	0.00089	0.00089	0.00031	1.00000	
1027.48163	-613.56384	379.05787	-0.02153	0.06158	89.99880	0.39681	0.00002	1.00000	-0.00038	-1.00000	0.00002	0.00107	0.00107	0.00038	1.00000	
1026.70250	-613.88246	379.31499	-0.02916	0.06407	89.98066	0.42060	0.00034	1.00000	-0.00051	-1.00000	0.00034	0.00112	0.00112	0.00051	1.00000	
1026.87630	-613.84962	379.37450	-0.02802	0.05313	89.98215	0.38495	0.00031	1.00000	-0.00049	-1.00000	0.00031	0.00093	0.00093	0.00049	1.00000	
1026.86787	-613.88181	379.30676	-0.02645	0.05310	89.98091	0.38192	0.00033	1.00000	-0.00046	-1.00000	0.00033	0.00093	0.00093	0.00046	1.00000	
1027.51997	-613.63159	378.89391	-0.01825	0.06008	89.99818	0.40356	0.00003	1.00000	-0.00032	-1.00000	0.00003	0.00105	0.00105	0.00032	1.00000	
1027.62320	-613.52991	378.72678	-0.01150	0.05668	89.99950	0.39279	0.00001	1.00000	-0.00020	-1.00000	0.00001	0.00099	0.00099	0.00020	1.00000	
1026.95852	-614.02898	379.85260	-0.03735	0.05187	89.98105	0.35166	0.00033	1.00000	-0.00065	-1.00000	0.00033	0.00091	0.00091	0.00065	1.00000	
1027.58464	-613.69786	379.46953	-0.02462	0.04502	89.99615	0.34166	0.00007	1.00000	-0.00043	-1.00000	0.00007	0.00079	0.00079	0.00043	1.00000	
1028.03369	-613.51297	379.32820	-0.01845	0.04068	90.00554	0.32908	-0.00010	1.00000	-0.00032	-1.00000	-0.00010	0.00071	0.00071	0.00032	1.00000	
1027.70205	-613.73751	379.68712	-0.02650	0.03441	89.99590	0.35209	0.00007	1.00000	-0.00046	-1.00000	0.00007	0.00060	0.00060	0.00046	1.00000	
1027.95354	-613.55796	379.25363	-0.01869	0.04763	90.00562	0.32834	-0.00010	1.00000	-0.00033	-1.00000	-0.00010	0.00083	0.00083	0.00033	1.00000	
1027.41756	-613.75302	379.31705	-0.01607	0.03444	89.98840	0.33246	0.00020	1.00000	-0.00028	-1.00000	0.00020	0.00060	0.00060	0.00028	1.00000	
1027.71625	-613.76498	379.63355	-0.02306	0.03113	89.99493	0.34167	0.00009	1.00000	-0.00040	-1.00000	0.00009	0.00054	0.00054	0.00040	1.00000	
1027.24468	-613.80361	379.06592	-0.01479	0.04893	89.98888	0.31517	0.00019	1.00000	-0.00026	-1.00000	0.00019	0.00085	0.00085	0.00026	1.00000	
1027.46147	-613.79961	379.46783	-0.01934	0.03398	89.99065	0.30211	0.00016	1.00000	-0.00034	-1.00000	0.00016	0.00059	0.00059	0.00034	1.00000	
1027.39132	-613.86545	379.51281	-0.02369	0.04161	89.99203	0.30303	0.00014	1.00000	-0.00041	-1.00000	0.00014	0.00073	0.00073	0.00041	1.00000	
1027.90492	-613.61850	379.45088	-0.01940	0.03367	90.00506	0.33336	-0.00009	1.00000	-0.00034	-1.00000	-0.00009	0.00059	0.00059	0.00034	1.00000	
1027.86545	-613.69406	379.52866	-0.02424	0.04054	90.00436	0.35135	-0.00008	1.00000	-0.00042	-1.00000	-0.00008	0.00071	0.00071	0.00042	1.00000	
1028.08461	-613.42222	378.63561	-0.00649	0.05152	90.01221	0.36700	-0.00021	1.00000	-0.00011	-1.00000	-0.00021	0.00090	0.00090	0.00011	1.00000	
1027.98010	-613.65782	379.13655	-0.01942	0.04837	90.00828	0.41558	-0.00014	1.00000	-0.00034	-1.00000	-0.00014	0.00084	0.00084	0.00034	1.00000	
1027.42224	-613.70777	378.61430	-0.00869	0.05530	89.99733	0.38964	0.00005	1.00000	-0.00015	-1.00000	0.00005	0.00097	0.00097	0.00015	1.00000	
1027.55516	-613.78340	378.86769	-0.01019	0.03922	89.99570	0.40235	0.00008	1.00000	-0.00018	-1.00000	0.00008	0.00068	0.00068	0.00018	1.00000	
1027.12446	-613.94207	378.96707	-0.01287	0.03746	89.98492	0.41263	0.00026	1.00000	-0.00022	-1.00000	0.00026	0.00065	0.00065	0.00022	1.00000	
1026.76507	-614.11205	379.05644	-0.01676	0.03934	89.97539	0.39351	0.00043	1.00000	-0.00029	-1.00000	0.00043	0.00069	0.00069	0.00029	1.00000	
1027.50783	-613.84121	378.84430	-0.01150	0.03890	89.99404	0.37049	0.00010	1.00000	-0.00020	-1.00000	0.00010	0.00068	0.00068	0.00020	1.00000	
1026.94036	-614.16415	379.32148	-0.02458	0.04234	89.98101	0.38166	0.00033	1.00000	-0.00043	-1.00000	0.00033	0.00074	0.00074	0.00043	1.00000	
1027.03703	-614.22148	379.37802	-0.02324	0.03459	89.98034	0.33457	0.00034	1.00000	-0.00041	-1.00000	0.00034	0.00060	0.00060	0.00041	1.00000	
1027.84887	-613.76025	378.51571	-0.00446	0.04451	90.00385	0.33813	-0.00007	1.00000	-0.00008	-1.00000	-0.00007	0.00078	0.00078	0.00008	1.00000	
1028.16264	-613.70768	378.68291	-0.00715	0.04236	90.01214	0.33050	-0.00021	1.00000	-0.00012	-1.00000	-0.00021	0.00074	0.00074	0.00012	1.00000	
1028.83698	-613.46639	378.57161	-0.00353	0.04160	90.03011	0.33430	-0.00053	1.00000	-0.00006	-1.00000	-0.00053	0.00073	0.00073	0.00006	1.00000	
1028.58383	-613.47093	378.28800	0.00188	0.04680	90.02467	0.33531	-0.00043	1.00000	0.00003	-1.00000	-0.00043	0.00082	0.00082	-0.00003	1.00000	
1027.89095	-613.98370	379.14770	-0.01479	0.03501	90.00411	0.34002	-0.00007	1.00000	-0.00026	-1.00000	-0.00007	0.00061	0.00061	0.00026	1.00000	
1027.87454	-613.94301	378.78855	-0.01020	0.04813	90.00776	0.35556	-0.00014	1.00000	-0.00018	-1.00000	-0.00014	0.00084	0.00084	0.00018	1.00000	
1028.31205	-613.70976	378.58239	-0.00178	0.03749	90.01594	0.37672	-0.00028	1.00000	-0.00003	-1.00000	-0.00028	0.00065	0.00065	0.00003	1.00000	
1027.88881	-613.98129	379.12370	-0.01590	0.04418	90.00732	0.37423	-0.00013	1.00000	-0.00028	-1.00000	-0.00013	0.00077	0.00077	0.00028	1.00000	
1027.64032	-614.22305	379.67632	-0.02230	0.02176	89.99592	0.39144	0.00007	1.00000	-0.00039	-1.00000	0.00007	0.00038	0.00038	0.00039	1.00000	
1028.19055	-613.74874	378.60585	-0.00076	0.03985	90.01601	0.42431	-0.00028	1.00000	-0.00001	-1.00000	-0.00028	0.00070	0.00070	0.00001	1.00000	
1027.31884	-614.00394	378.65157	-0.00378	0.04498	89.99590	0.40488	0.00007	1.00000	-0.00007	-1.00000	0.00007	0.00079	0.00079	0.00007	1.00000	
1027.70532	-613.99587	379.03672	-0.00930	0.03212	90.00177	0.41361	-0.00003	1.00000	-0.00016	-1.00000	-0.00003	0.00056	0.00056	0.00016	1.00000	
1028.09799	-613.77962	378.60782	-0.00267	0.04212	90.01524	0.40682	-0.00027	1.00000	-0.00005	-1.00000	-0.00027	0.00074	0.00074	0.00005	1.00000	
1028.10634	-613.86200	379.02253	-0.01067	0.03255	90.01308	0.41975	-0.00023	1.00000	-0.00019	-1.00000	-0.00023	0.00057	0.00057	0.00019	1.00000	
1027.57877	-614.16870	379.42435	-0.02268	0.03676	90.00179	0.40435	-0.00003	1.00000	-0.00040	-1.00000	-0.00003	0.00064	0.00064	0.00040	1.00000	
1027.93163	-614.05145	379.31090	-0.01611	0.02412	90.00704	0.43023	-0.00012	1.00000	-0.00028	-1.00000	-0.00012	0.00042	0.00042	0.00028	1.00000	
1027.78816	-614.17144	379.43394	-0.02301	0.03608	90.00696	0.43030	-0.00012	1.00000	-0.00040	-1.00000	-0.00012	0.00063	0.00063	0.00040	1.00000	
1027.70213	-614.17899	379.15610	-0.01552	0.03469	90.00365	0.39426	-0.00006	1.00000	-0.00027	-1.00000	-0.00006	0.00061	0.00061	0.00027	1.00000	
1027.34804	-614.35453	379.26011	-0.02167	0.04127	89.99713	0.41806	0.00005	1.00000	-0.00038	-1.00000	0.00005	0.00072	0.00072	0.00038	1.00000	
1026.43486	-614.69531	379.34570	-0.02258	0.03688	89.97324	0.41099	0.00047	1.00000	-0.00039	-1.00000	0.00047	0.00064	0.00064	0.00039	1.00000	
1026.32118	-614.83872	379.65291	-0.03431	0.04671	89.97382	0.39187	0.00046	1.00000	-0.00060	-1.00000	0.00046	0.00081	0.00082	0.00060	1.00000	
1027.04395	-614.46804	379.33306	-0.02373	0.04076	89.99031	0.41033	0.00017	1.00000	-0.00041	-1.00000	0.00017	0.00071	0.00071	0.00041	1.00000	
1027.19555	-614.44369	379.26613	-0.02454	0.04616	89.99577	0.42986	0.00007	1.00000	-0.00043	-1.00000	0.00007	0.00081	0.00081	0.00043	1.00000	
1026.97465	-614.51771	379.33123	-0.02786	0.04972	89.99161	0.43942	0.00015	1.00000	-0.00049	-1.00000	0.00015	0.00087	0.00087	0.00049	1.00000	
1026.50294	-614.59548	378.90011	-0.01607	0.04957	89.97993	0.44859	0.00035	1.00000	-0.00028	-1.00000	0.00035	0.00087	0.00087	0.00028	1.00000	
1027.02111	-614.48698	379.04731	-0.01946	0.05000	89.99316	0.42080	0.00012	1.00000	-0.00034	-1.00000	0.00012	0.00087	0.00087	0.00034	1.00000	
1027.02036	-614.50345	379.07320	-0.02003	0.04762	89.99100	0.44841	0.00016	1.00000	-0.00035	-1.00000	0.00016	0.00083	0.00083	0.00035	1.00000	
1027.10436	-614.56651	379.25378	-0.02292	0.04017	89.99129	0.41211	0.00015	1.00000	-0.00040	-1.00000	0.00015	0.00070	0.00070	0.00040	1.00000	
1026.86909	-614.64935	378.91615	-0.01862	0.05068	89.98728	0.40037	0.00022	1.00000	-0.00033	-1.00000	0.00022	0.00088	0.00088	0.00032	1.00000	
1027.75799	-614.43257	379.24455	-0.01694	0.02027	90.00163	0.40707	-0.00003	1.00000	-0.00030	-1.00000	-0.00003	0.00035	0.00035	0.00030	1.00000	
1026.79678	-614.89669	379.64357	-0.02943	0.02760	89.97938	0.42761	0.00036	1.00000	-0.00051	-1.00000	0.00036	0.00048	0.00048	0.00051	1.00000	
1028.18210	-614.33852	379.27326	-0.02229	0.03372	90.01626	0.42524	-0.00028	1.00000	-0.00039	-1.00000	-0.00028	0.00059	0.00059	0.00039	1.00000	
1027.77752	-614.65570	379.94868	-0.03947	0.03182	90.00539	0.46148	-0.00009	1.00000	-0.00069	-1.00000	-0.00009	0.00056	0.00056	0.00069	1.00000	
1027.67883	-614.61604	379.77185	-0.03316	0.02776	90.00236	0.48717	-0.00004	1.00000	-0.00058	-1.00000	-0.00004	0.00048	0.00048	0.00058	1.00000	
1027.06282	-614.84038	379.94075	-0.04014	0.03693	89.98962	0.46836	0.00018	1.00000	-0.00070	-1.00000	0.00018	0.00064	0.00064	0.00070	1.00000	
1027.39187	-614.54136	379.38323	-0.02936	0.04876	90.00251	0.48311	-0.00004	1.00000	-0.00051	-1.00000	-0.00004	0.00085	0.00085	0.00051	1.00000	
1026.84502	-614.79503	379.61654	-0.03239	0.04239	89.98618	0.42846	0.00024	1.00000	-0.00057	-1.00000	0.00024	0.00074	0.00074	0.00057	1.00000	
1026.73814	-614.86635	379.69179	-0.03670	0.05059	89.98494	0.43846	0.00026	1.00000	-0.00064	-1.00000	0.00026	0.00088	0.00088	0.00064	1.00000	
1026.97176	-614.53283	378.72337	-0.01799	0.06971	89.99603	0.42016	0.00007	1.00000	-0.00031	-1.00000	0.00007	0.00122	0.00122	0.00031	1.00000	
1027.05243	-614.60291	378.91238	-0.01818	0.05430	89.99447	0.43087	0.00010	1.00000	-0.00032	-1.00000	0.00010	0.00095	0.00095	0.00032	1.00000	
1026.56019	-614.88497	379.30147	-0.02916	0.05682	89.98160	0.40035	0.00032	1.00000	-0.00051	-1.00000	0.00032	0.00099	0.00099	0.00051	1.00000	
1026.94515	-614.76377	379.16893	-0.02263	0.04977	89.99046	0.38631	0.00017	1.00000	-0.00040	-1.00000	0.00017	0.00087	0.00087	0.00039	1.00000	
1027.32733	-614.71578	379.28966	-0.02033	0.03613	89.99454	0.37080	0.00010	1.00000	-0.00035	-1.00000	0.00010	0.00063	0.00063	0.00035	1.00000	
1027.64751	-614.49364	378.80745	-0.01006	0.04378	90.00556	0.42187	-0.00010	1.00000	-0.00018	-1.00000	-0.00010	0.00076	0.00076	0.00018	1.00000	
1027.22606	-614.72303	379.27812	-0.02010	0.03900	89.99368	0.42423	0.00011	1.00000	-0.00035	-1.00000	0.00011	0.00068	0.00068	0.00035	1.00000	
1027.73556	-614.45774	378.80641	-0.00768	0.03451	90.00632	0.39681	-0.00011	1.00000	-0.00013	-1.00000	-0.00011	0.00060	0.00060	0.00013	1.00000	
1028.14163	-614.39649	379.00144	-0.00857	0.02285	90.01325	0.41558	-0.00023	1.00000	-0.00015	-1.00000	-0.00023	0.00040	0.00040	0.00015	1.00000	
1027.13438	-614.64328	378.55934	-0.00367	0.04072	89.99166	0.41228	0.00015	1.00000	-0.00006	-1.00000	0.00015	0.00071	0.00071	0.00006	1.00000	
1027.23059	-614.69654	378.89216	-0.01241	0.04429	89.99545	0.42459	0.00008	1.00000	-0.00022	-1.00000	0.00008	0.00077	0.00077	0.00022	1.00000	
1026.36593	-615.22551	379.61176	-0.02873	0.03845	89.97121	0.42382	0.00050	1.00000	-0.00050	-1.00000	0.00050	0.00067	0.00067	0.00050	1.00000	
1026.71061	-615.19948	379.85785	-0.03183	0.02841	89.97688	0.43211	0.00040	1.00000	-0.00056	-1.00000	0.00040	0.00050	0.00050	0.00056	1.00000	
1026.19030	-615.39176	379.85881	-0.03317	0.03343	89.96440	0.43101	0.00062	1.00000	-0.00058	-1.00000	0.00062	0.00058	0.00058	0.00058	1.00000	
1026.63114	-615.28832	379.93502	-0.03313	0.02723	89.97347	0.42841	0.00046	1.00000	-0.00058	-1.00000	0.00046	0.00048	0.00048	0.00058	1.00000	
1027.49326	-614.79274	379.27824	-0.01821	0.03402	89.99737	0.41824	0.00005	1.00000	-0.00032	-1.00000	0.00005	0.00059	0.00059	0.00032	1.00000	
1026.91775	-614.92102	379.10437	-0.01590	0.03932	89.98621	0.38890	0.00024	1.00000	-0.00028	-1.00000	0.00024	0.00069	0.00069	0.00028	1.00000	
1027.08084	-614.66099	378.46569	-0.00473	0.05249	89.99483	0.38120	0.00009	1.00000	-0.00008	-1.00000	0.00009	0.00092	0.00092	0.00008	1.00000	
1027.27767	-614.76688	379.06889	-0.01889	0.04895	89.99798	0.39176	0.00004	1.00000	-0.00033	-1.00000	0.00004	0.00085	0.00085	0.00033	1.00000	
1027.71083	-614.54060	378.71744	-0.00719	0.04307	90.00841	0.36917	-0.00015	1.00000	-0.00013	-1.00000	-0.00015	0.00075	0.00075	0.00013	1.00000	
1027.00657	-614.83159	379.02981	-0.01769	0.05111	89.99298	0.40244	0.00012	1.00000	-0.00031	-1.00000	0.00012	0.00089	0.00089	0.00031	1.00000	
1027.02884	-614.81416	379.03197	-0.01705	0.05284	89.99414	0.40688	0.00010	1.00000	-0.00030	-1.00000	0.00010	0.00092	0.00092	0.00030	1.00000	
1027.09548	-614.85964	379.10248	-0.02150	0.05646	89.99847	0.39216	0.00003	1.00000	-0.00038	-1.00000	0.00003	0.00099	0.00099	0.00038	1.00000	
1027.09900	-614.86233	379.16870	-0.02106	0.05067	89.99647	0.36885	0.00006	1.00000	-0.00037	-1.00000	0.00006	0.00088	0.00088	0.00037	1.00000	
1026.77032	-614.94012	378.87646	-0.01748	0.06124	89.99123	0.41415	0.00015	1.00000	-0.00031	-1.00000	0.00015	0.00107	0.00107	0.00031	1.00000	
1025.76429	-615.45096	379.31602	-0.02397	0.04853	89.96217	0.38729	0.00066	1.00000	-0.00042	-1.00000	0.00066	0.00085	0.00085	0.00042	1.00000	
1026.22089	-615.30336	378.98800	-0.01794	0.05711	89.97429	0.41097	0.00045	1.00000	-0.00031	-1.00000	0.00045	0.00100	0.00100	0.00031	1.00000	
1026.55023	-615.18130	378.83660	-0.01583	0.06074	89.98308	0.39469	0.00030	1.00000	-0.00028	-1.00000	0.00030	0.00106	0.00106	0.00028	1.00000	
1026.43664	-615.42761	379.43281	-0.02587	0.04353	89.97466	0.41041	0.00044	1.00000	-0.00045	-1.00000	0.00044	0.00076	0.00076	0.00045	1.00000	
1026.95278	-615.28057	379.26957	-0.01988	0.03407	89.98469	0.36567	0.00027	1.00000	-0.00035	-1.00000	0.00027	0.00059	0.00059	0.00035	1.00000	
1026.81469	-615.28998	379.38738	-0.02237	0.03909	89.98359	0.35506	0.00029	1.00000	-0.00039	-1.00000	0.00029	0.00068	0.00068	0.00039	1.00000	
1028.04575	-614.86049	379.14295	-0.01801	0.04394	90.01513	0.35321	-0.00026	1.00000	-0.00031	-1.00000	-0.00026	0.00077	0.00077	0.00031	1.00000	
1028.31924	-614.65449	378.56133	-0.00316	0.04499	90.02281	0.34442	-0.00040	1.00000	-0.00005	-1.00000	-0.00040	0.00079	0.00079	0.00006	1.00000	
1028.29889	-614.73736	378.99418	-0.01135	0.03421	90.02049	0.36365	-0.00036	1.00000	-0.00020	-1.00000	-0.00036	0.00060	0.00060	0.00020	1.00000	
1028.81455	-614.52688	378.94170	-0.01035	0.03800	90.03558	0.37985	-0.00062	1.00000	-0.00018	-1.00000	-0.00062	0.00066	0.00066	0.00018	1.00000	
1028.57812	-614.55655	378.59094	-0.00655	0.04806	90.03169	0.38839	-0.00055	1.00000	-0.00011	-1.00000	-0.00055	0.00084	0.00084	0.00011	1.00000	
1027.85962	-614.82459	378.84800	-0.01315	0.04965	90.01370	0.39593	-0.00024	1.00000	-0.00023	-1.00000	-0.00024	0.00087	0.00087	0.00023	1.00000	
1028.34175	-614.80278	379.06415	-0.01614	0.04067	90.02259	0.33029	-0.00039	1.00000	-0.00028	-1.00000	-0.00039	0.00071	0.00071	0.00028	1.00000	
1027.16457	-615.35438	379.55271	-0.02987	0.04469	89.99352	0.36761	0.00011	1.00000	-0.00052	-1.00000	0.00011	0.00078	0.00078	0.00052	1.00000	
1027.82944	-614.92593	378.62877	-0.00720	0.04700	90.00952	0.36900	-0.00017	1.00000	-0.00013	-1.00000	-0.00017	0.00082	0.00082	0.00013	1.00000	
1028.17444	-614.92092	378.88605	-0.01166	0.04267	90.01801	0.34388	-0.00031	1.00000	-0.00020	-1.00000	-0.00031	0.00074	0.00074	0.00020	1.00000	
1027.61921	-615.05436	378.74866	-0.00946	0.04732	90.00602	0.36120	-0.00011	1.00000	-0.00017	-1.00000	-0.00010	0.00083	0.00083	0.00017	1.00000	
1027.82036	-614.93002	378.42129	-0.00285	0.05293	90.01247	0.35879	-0.00022	1.00000	-0.00005	-1.00000	-0.00022	0.00092	0.00092	0.00005	1.00000	
1028.12551	-614.84066	378.43835	-0.00203	0.04816	90.01761	0.35677	-0.00031	1.00000	-0.00004	-1.00000	-0.00031	0.00084	0.00084	0.00004	1.00000	
1027.25195	-615.21936	378.84277	-0.00897	0.03755	89.99312	0.30402	0.00012	1.00000	-0.00016	-1.00000	0.00012	0.00066	0.00066	0.00016	1.00000	
1027.55602	-614.91853	377.98905	0.00696	0.05315	90.00586	0.35440	-0.00010	1.00000	0.00012	-1.00000	-0.00010	0.00093	0.00093	-0.00012	1.00000	
1028.41658	-614.68372	378.08960	0.00722	0.04142	90.02383	0.31689	-0.00042	1.00000	0.00013	-1.00000	-0.00042	0.00072	0.00072	-0.00013	1.00000	
1028.24551	-614.65540	378.08105	0.00578	0.04851	90.02250	0.35622	-0.00039	1.00000	0.00010	-1.00000	-0.00039	0.00085	0.00085	-0.00010	1.00000	
1027.98435	-614.71996	378.13979	0.00633	0.04598	90.01720	0.34994	-0.00030	1.00000	0.00011	-1.00000	-0.00030	0.00080	0.00080	-0.00011	1.00000	
1027.85609	-614.76869	378.37696	-0.00346	0.05820	90.01781	0.35962	-0.00031	1.00000	-0.00006	-1.00000	-0.00031	0.00102	0.00102	0.00006	1.00000	
1028.03927	-614.70214	378.21117	0.00156	0.05937	90.02204	0.37348	-0.00038	1.00000	0.00003	-1.00000	-0.00038	0.00104	0.00104	-0.00003	1.00000	
1027.21052	-615.10730	378.90365	-0.01158	0.04825	89.99905	0.40911	0.00002	1.00000	-0.00020	-1.00000	0.00002	0.00084	0.00084	0.00020	1.00000	
1027.17009	-615.08164	378.59669	-0.00197	0.04420	89.99594	0.39902	0.00007	1.00000	-0.00003	-1.00000	0.00007	0.00077	0.00077	0.00003	1.00000	
1026.69275	-615.13132	378.40521	-0.00238	0.06169	89.98899	0.39112	0.00019	1.00000	-0.00004	-1.00000	0.00019	0.00108	0.00108	0.00004	1.00000	
1027.14100	-615.17408	378.96617	-0.01552	0.06174	89.99842	0.40366	0.00003	1.00000	-0.00027	-1.00000	0.00003	0.00108	0.00108	0.00027	1.00000	
1026.61563	-615.25456	378.45175	-0.00595	0.07228	89.98811	0.39951	0.00021	1.00000	-0.00010	-1.00000	0.00021	0.00126	0.00126	0.00010	1.00000	
1026.15818	-615.39644	378.30154	-0.00563	0.08393	89.97784	0.41545	0.00039	1.00000	-0.00010	-1.00000	0.00039	0.00146	0.00146	0.00010	1.00000	
1026.35719	-615.54185	378.91231	-0.01164	0.05833	89.97605	0.42552	0.00042	1.00000	-0.00020	-1.00000	0.00042	0.00102	0.00102	0.00020	1.00000	
1026.98348	-615.17506	378.16619	0.00309	0.06998	89.99509	0.42705	0.00009	1.00000	0.00005	-1.00000	0.00009	0.00122	0.00122	-0.00005	1.00000	
1027.02854	-615.30336	378.59652	-0.00841	0.06928	89.99550	0.41150	0.00008	1.00000	-0.00015	-1.00000	0.00008	0.00121	0.00121	0.00015	1.00000	
1027.31784	-615.11820	378.20454	0.00585	0.05767	90.00075	0.38979	-0.00001	1.00000	0.00010	-1.00000	-0.00001	0.00101	0.00101	-0.00010	1.00000	
1026.45979	-615.61372	379.13161	-0.01881	0.06245	89.98037	0.39451	0.00034	1.00000	-0.00033	-1.00000	0.00034	0.00109	0.00109	0.00033	1.00000	
1026.79339	-615.32080	378.55136	-0.00758	0.06867	89.99150	0.40019	0.00015	1.00000	-0.00013	-1.00000	0.00015	0.00120	0.00120	0.00013	1.00000	
1027.52372	-614.95850	378.19566	0.00345	0.06027	90.00951	0.38833	-0.00017	1.00000	0.00006	-1.00000	-0.00017	0.00105	0.00105	-0.00006	1.00000	
1026.90694	-615.03342	377.82153	0.00850	0.07073	89.99760	0.38825	0.00004	1.00000	0.00015	-1.00000	0.00004	0.00123	0.00123	-0.00015	1.00000	
1026.58206	-615.24686	378.40074	-0.00266	0.06130	89.98801	0.43855	0.00021	1.00000	-0.00005	-1.00000	0.00021	0.00107	0.00107	0.00005	1.00000	
1027.16743	-615.05072	378.31260	-0.00028	0.05803	90.00107	0.41846	-0.00002	1.00000	-0.00000	-1.00000	-0.00002	0.00101	0.00101	0.00000	1.00000	
1026.99635	-614.98721	377.74512	0.00884	0.06984	90.00043	0.37191	-0.00001	1.00000	0.00015	-1.00000	-0.00001	0.00122	0.00122	-0.00015	1.00000	
1027.73934	-614.76152	377.81500	0.00648	0.07198	90.02025	0.42625	-0.00035	1.00000	0.00011	-1.00000	-0.00035	0.00126	0.00126	-0.00011	1.00000	
1027.69239	-614.91076	378.36311	-0.00523	0.06587	90.01707	0.41947	-0.00030	1.00000	-0.00009	-1.00000	-0.00030	0.00115	0.00115	0.00009	1.00000	
1028.30668	-614.60222	378.07498	0.00227	0.06645	90.03336	0.42296	-0.00058	1.00000	0.00004	-1.00000	-0.00058	0.00116	0.00116	-0.00004	1.00000	
1027.42603	-614.99260	378.18896	-0.00313	0.07274	90.01232	0.41973	-0.00022	1.00000	-0.00005	-1.00000	-0.00022	0.00127	0.00127	0.00005	1.00000	
1027.22656	-615.09959	378.37359	-0.00858	0.07728	90.00845	0.45243	-0.00015	1.00000	-0.00015	-1.00000	-0.00015	0.00135	0.00135	0.00015	1.00000	
1027.62422	-614.99273	378.33750	-0.00255	0.06075	90.01416	0.40453	-0.00025	1.00000	-0.00004	-1.00000	-0.00025	0.00106	0.00106	0.00004	1.00000	
1027.70494	-615.05123	378.49417	-0.00816	0.06551	90.01638	0.44094	-0.00029	1.00000	-0.00014	-1.00000	-0.00029	0.00114	0.00114	0.00014	1.00000	
1028.01693	-614.89355	378.25028	-0.00364	0.06882	90.02705	0.45270	-0.00047	1.00000	-0.00006	-1.00000	-0.00047	0.00120	0.00120	0.00006	1.00000	
1027.79497	-615.13841	378.91107	-0.01188	0.04195	90.01402	0.40778	-0.00024	1.00000	-0.00021	-1.00000	-0.00024	0.00073	0.00073	0.00021	1.00000	
1028.19975	-614.97925	378.72052	-0.00708	0.03870	90.02254	0.38832	-0.00039	1.00000	-0.00012	-1.00000	-0.00039	0.00068	0.00068	0.00012	1.00000	
1027.25199	-615.45059	379.26490	-0.02071	0.03721	89.99839	0.40716	0.00003	1.00000	-0.00036	-1.00000	0.00003	0.00065	0.00065	0.00036	1.00000	
1026.54454	-615.69699	379.07910	-0.01648	0.03554	89.97897	0.43206	0.00037	1.00000	-0.00029	-1.00000	0.00037	0.00062	0.00062	0.00029	1.00000	
1027.40316	-615.31291	378.80166	-0.01307	0.04887	90.00521	0.39315	-0.00009	1.00000	-0.00023	-1.00000	-0.00009	0.00085	0.00085	0.00023	1.00000	
1027.98211	-615.32381	379.34409	-0.02443	0.03930	90.01688	0.41301	-0.00029	1.00000	-0.00043	-1.00000	-0.00029	0.00069	0.00069	0.00043	1.00000	
1027.23195	-615.56204	379.10977	-0.02048	0.04651	89.99898	0.43738	0.00002	1.00000	-0.00036	-1.00000	0.00002	0.00081	0.00081	0.00036	1.00000	
1027.43903	-615.49609	378.92034	-0.01365	0.04031	90.00195	0.43350	-0.00003	1.00000	-0.00024	-1.00000	-0.00003	0.00070	0.00070	0.00024	1.00000	
1027.78748	-615.33747	378.90083	-0.01240	0.04223	90.01188	0.43125	-0.00021	1.00000	-0.00022	-1.00000	-0.00021	0.00074	0.00074	0.00022	1.00000	
1026.71119	-615.79331	378.95475	-0.01714	0.05074	89.98552	0.45783	0.00025	1.00000	-0.00030	-1.00000	0.00025	0.00089	0.00089	0.00030	1.00000	
1026.81646	-615.74497	378.76972	-0.00984	0.04775	89.98674	0.38318	0.00023	1.00000	-0.00017	-1.00000	0.00023	0.00083	0.00083	0.00017	1.00000	
1025.92788	-616.15027	379.30694	-0.02688	0.05542	89.96574	0.40739	0.00060	1.00000	-0.00047	-1.00000	0.00060	0.00097	0.00097	0.00047	1.00000	
1025.93625	-616.33266	379.76794	-0.03305	0.04040	89.96059	0.40786	0.00069	1.00000	-0.00058	-1.00000	0.00069	0.00070	0.00071	0.00058	1.00000	
1025.05924	-616.55858	379.45532	-0.03276	0.06298	89.94482	0.41936	0.00096	1.00000	-0.00057	-1.00000	0.00096	0.00110	0.00110	0.00057	1.00000	
1024.97986	-616.49928	379.00518	-0.02462	0.07062	89.94432	0.43671	0.00097	1.00000	-0.00043	-1.00000	0.00097	0.00123	0.00123	0.00043	1.00000	
1024.23243	-616.88500	379.60035	-0.04155	0.07712	89.92787	0.44210	0.00126	1.00000	-0.00073	-1.00000	0.00126	0.00135	0.00135	0.00073	1.00000	
1024.34150	-616.75214	379.23322	-0.03256	0.07630	89.93009	0.43125	0.00122	1.00000	-0.00057	-1.00000	0.00122	0.00133	0.00133	0.00057	1.00000	
1024.56647	-616.66151	379.31839	-0.03471	0.07622	89.93556	0.42843	0.00112	1.00000	-0.00061	-1.00000	0.00113	0.00133	0.00133	0.00061	1.00000	
1024.29866	-616.66437	378.98138	-0.03159	0.09077	89.93394	0.41181	0.00115	1.00000	-0.00055	-1.00000	0.00115	0.00158	0.00158	0.00055	1.00000	
1024.37448	-616.78472	379.39446	-0.03732	0.07409	89.92968	0.39793	0.00123	1.00000	-0.00065	-1.00000	0.00123	0.00129	0.00129	0.00065	1.00000	
1023.99009	-616.91364	379.16834	-0.03199	0.07325	89.91899	0.40833	0.00141	1.00000	-0.00056	-1.00000	0.00141	0.00128	0.00128	0.00056	1.00000	
1024.14441	-617.04403	379.89726	-0.04706	0.06480	89.92065	0.38461	0.00138	1.00000	-0.00082	-1.00000	0.00139	0.00113	0.00113	0.00082	1.00000	
1024.15496	-617.11395	380.19909	-0.05641	0.07094	89.92248	0.41410	0.00135	1.00000	-0.00099	-1.00000	0.00135	0.00124	0.00124	0.00098	1.00000	
1024.78571	-616.72359	379.42101	-0.03947	0.08358	89.94044	0.40260	0.00104	1.00000	-0.00069	-1.00000	0.00104	0.00146	0.00146	0.00069	1.00000	
1025.43944	-616.58944	379.76672	-0.04174	0.06527	89.95223	0.40234	0.00083	1.00000	-0.00073	-1.00000	0.00083	0.00114	0.00114	0.00073	1.00000	
1024.65369	-616.86123	379.61682	-0.03901	0.07013	89.93294	0.39333	0.00117	1.00000	-0.00068	-1.00000	0.00117	0.00122	0.00122	0.00068	1.00000	
1024.76273	-616.76418	379.36714	-0.03046	0.06425	89.93452	0.42205	0.00114	1.00000	-0.00053	-1.00000	0.00114	0.00112	0.00112	0.00053	1.00000	
1024.45044	-616.76978	379.24972	-0.03454	0.08599	89.93388	0.45546	0.00115	1.00000	-0.00060	-1.00000	0.00115	0.00150	0.00150	0.00060	1.00000	
1025.58332	-616.21361	378.49678	-0.01082	0.07186	89.95988	0.47859	0.00070	1.00000	-0.00019	-1.00000	0.00070	0.00125	0.00125	0.00019	1.00000	
1025.79879	-616.17681	378.65756	-0.01727	0.08094	89.96774	0.46792	0.00056	1.00000	-0.00030	-1.00000	0.00056	0.00141	0.00141	0.00030	1.00000	
1025.63838	-616.27025	378.79965	-0.01844	0.07064	89.96056	0.50546	0.00069	1.00000	-0.00032	-1.00000	0.00069	0.00123	0.00123	0.00032	1.00000	
1025.59792	-616.29279	378.87401	-0.01912	0.06739	89.95824	0.48396	0.00073	1.00000	-0.00033	-1.00000	0.00073	0.00118	0.00118	0.00033	1.00000	
1025.16241	-616.60984	379.47533	-0.03335	0.06232	89.94621	0.48459	0.00094	1.00000	-0.00058	-1.00000	0.00094	0.00109	0.00109	0.00058	1.00000	
1024.68419	-616.75648	379.43269	-0.03048	0.06070	89.93420	0.45534	0.00115	1.00000	-0.00053	-1.00000	0.00115	0.00106	0.00106	0.00053	1.00000	
1024.77191	-616.74298	379.45504	-0.03427	0.06510	89.93712	0.47370	0.00110	1.00000	-0.00060	-1.00000	0.00110	0.00114	0.00114	0.00060	1.00000	
1025.82624	-616.32539	379.36920	-0.02826	0.05579	89.96307	0.41679	0.00064	1.00000	-0.00049	-1.00000	0.00065	0.00097	0.00097	0.00049	1.00000	
1026.23160	-616.19852	379.39437	-0.03037	0.06363	89.97453	0.42103	0.00044	1.00000	-0.00053	-1.00000	0.00045	0.00111	0.00111	0.00053	1.00000	
1026.37209	-616.14606	379.52592	-0.02860	0.04535	89.97572	0.43328	0.00042	1.00000	-0.00050	-1.00000	0.00042	0.00079	0.00079	0.00050	1.00000	
1026.00842	-616.01629	378.57355	-0.01232	0.06977	89.97285	0.43223	0.00047	1.00000	-0.00022	-1.00000	0.00047	0.00122	0.00122	0.00021	1.00000	
1026.19346	-616.19296	379.50062	-0.03009	0.05340	89.97329	0.42266	0.00047	1.00000	-0.00053	-1.00000	0.00047	0.00093	0.00093	0.00053	1.00000	
1026.29778	-616.08845	379.17716	-0.02753	0.06794	89.97842	0.42782	0.00038	1.00000	-0.00048	-1.00000	0.00038	0.00119	0.00119	0.00048	1.00000	
1027.07735	-615.90956	379.30320	-0.02845	0.06121	89.99570	0.43636	0.00008	1.00000	-0.00050	-1.00000	0.00008	0.00107	0.00107	0.00050	1.00000	
1027.30359	-615.80069	379.16247	-0.02351	0.05657	90.00031	0.45290	-0.00001	1.00000	-0.00041	-1.00000	-0.00000	0.00099	0.00099	0.00041	1.00000	
1026.72719	-616.13737	379.42714	-0.03229	0.05781	89.98386	0.42328	0.00028	1.00000	-0.00056	-1.00000	0.00028	0.00101	0.00101	0.00056	1.00000	
1026.79197	-615.98195	378.89781	-0.02286	0.07282	89.98857	0.41026	0.00020	1.00000	-0.00040	-1.00000	0.00020	0.00127	0.00127	0.00040	1.00000	
1026.61964	-616.24352	379.50859	-0.03465	0.06355	89.98102	0.42682	0.00033	1.00000	-0.00061	-1.00000	0.00033	0.00111	0.00111	0.00060	1.00000	
1027.28864	-615.86547	379.02975	-0.02208	0.06466	89.99895	0.44157	0.00002	1.00000	-0.00039	-1.00000	0.00002	0.00113	0.00113	0.00039	1.00000	
1026.78572	-616.12548	379.30793	-0.03318	0.07680	89.98866	0.45869	0.00020	1.00000	-0.00058	-1.00000	0.00020	0.00134	0.00134	0.00058	1.00000	
1027.09820	-615.93926	379.00207	-0.02734	0.08007	89.99694	0.44038	0.00005	1.00000	-0.00048	-1.00000	0.00005	0.00140	0.00140	0.00048	1.00000	
1027.34965	-615.81368	379.07476	-0.02094	0.05619	89.99913	0.44134	0.00002	1.00000	-0.00037	-1.00000	0.00002	0.00098	0.00098	0.00037	1.00000	
1027.37515	-615.68732	378.80104	-0.02070	0.07454	90.00526	0.45007	-0.00009	1.00000	-0.00036	-1.00000	-0.00009	0.00130	0.00130	0.00036	1.00000	
1028.07887	-615.49581	379.17695	-0.02442	0.05626	90.02048	0.46020	-0.00036	1.00000	-0.00043	-1.00000	-0.00036	0.00098	0.00098	0.00043	1.00000	
1027.90594	-615.36971	378.95295	-0.02101	0.06488	90.02065	0.44041	-0.00036	1.00000	-0.00037	-1.00000	-0.00036	0.00113	0.00113	0.00037	1.00000	
1027.11671	-615.69957	379.00321	-0.02225	0.06492	89.99987	0.42746	0.00000	1.00000	-0.00039	-1.00000	0.00000	0.00113	0.00113	0.00039	1.00000	
1027.23185	-615.66211	379.17312	-0.02289	0.05066	90.00127	0.41832	-0.00002	1.00000	-0.00040	-1.00000	-0.00002	0.00088	0.00088	0.00040	1.00000	
1026.66517	-615.79142	379.03365	-0.02494	0.06761	89.99175	0.43673	0.00014	1.00000	-0.00044	-1.00000	0.00014	0.00118	0.00118	0.00044	1.00000	
1028.36263	-615.06353	378.33390	-0.00359	0.05704	90.03175	0.41695	-0.00055	1.00000	-0.00006	-1.00000	-0.00055	0.00100	0.00100	0.00006	1.00000	
1027.70039	-615.49298	378.84118	-0.01492	0.05225	90.01241	0.43948	-0.00022	1.00000	-0.00026	-1.00000	-0.00022	0.00091	0.00091	0.00026	1.00000	
1027.67588	-615.62924	379.08678	-0.01882	0.04051	90.00774	0.45550	-0.00013	1.00000	-0.00033	-1.00000	-0.00013	0.00071	0.00071	0.00033	1.00000	
1027.62401	-615.66078	378.81370	-0.01474	0.05148	90.00579	0.42050	-0.00010	1.00000	-0.00026	-1.00000	-0.00010	0.00090	0.00090	0.00026	1.00000	
1027.88803	-615.60062	378.86202	-0.01292	0.04641	90.01106	0.45081	-0.00019	1.00000	-0.00023	-1.00000	-0.00019	0.00081	0.00081	0.00023	1.00000	
1027.49536	-615.79061	378.92096	-0.01438	0.04414	89.99892	0.44468	0.00002	1.00000	-0.00025	-1.00000	0.00002	0.00077	0.00077	0.00025	1.00000	
1027.77421	-615.68040	378.78186	-0.00887	0.04232	90.00560	0.42170	-0.00010	1.00000	-0.00015	-1.00000	-0.00010	0.00074	0.00074	0.00015	1.00000	
1026.38574	-616.20747	379.14401	-0.01888	0.04061	89.97073	0.45766	0.00051	1.00000	-0.00033	-1.00000	0.00051	0.00071	0.00071	0.00033	1.00000	
1027.55292	-615.83585	379.04014	-0.01751	0.04348	90.00007	0.44402	-0.00000	1.00000	-0.00031	-1.00000	-0.00000	0.00076	0.00076	0.00031	1.00000	
1027.70256	-615.68687	378.69931	-0.00458	0.03426	90.00160	0.42676	-0.00003	1.00000	-0.00008	-1.00000	-0.00003	0.00060	0.00060	0.00008	1.00000	
1027.27543	-615.91076	378.94620	-0.01637	0.05241	89.99493	0.45680	0.00009	1.00000	-0.00029	-1.00000	0.00009	0.00091	0.00091	0.00029	1.00000	
1026.60057	-616.19407	379.13541	-0.02286	0.06133	89.97956	0.43511	0.00036	1.00000	-0.00040	-1.00000	0.00036	0.00107	0.00107	0.00040	1.00000	
1026.44367	-616.12729	378.80958	-0.01392	0.06015	89.97534	0.42745	0.00043	1.00000	-0.00024	-1.00000	0.00043	0.00105	0.00105	0.00024	1.00000	
1026.52902	-616.23204	379.21985	-0.01931	0.04692	89.97404	0.41241	0.00045	1.00000	-0.00034	-1.00000	0.00045	0.00082	0.00082	0.00034	1.00000	
1026.30541	-616.12652	378.61363	-0.00978	0.06768	89.97326	0.48445	0.00047	1.00000	-0.00017	-1.00000	0.00047	0.00118	0.00118	0.00017	1.00000	
1027.44674	-615.43216	377.64515	0.01148	0.07823	90.00717	0.43454	-0.00013	1.00000	0.00020	-1.00000	-0.00013	0.00137	0.00137	-0.00020	1.00000	
1026.99388	-615.83610	378.54846	-0.00600	0.06062	89.98997	0.47851	0.00018	1.00000	-0.00010	-1.00000	0.00018	0.00106	0.00106	0.00010	1.00000	
1027.46067	-615.66044	378.51507	-0.00587	0.05977	90.00218	0.48475	-0.00004	1.00000	-0.00010	-1.00000	-0.00004	0.00104	0.00104	0.00010	1.00000	
1027.60277	-615.48864	378.04660	0.00315	0.06519	90.00820	0.47678	-0.00014	1.00000	0.00006	-1.00000	-0.00014	0.00114	0.00114	-0.00006	1.00000	
1028.26903	-615.35969	378.32092	-0.00245	0.06060	90.02338	0.43798	-0.00041	1.00000	-0.00004	-1.00000	-0.00041	0.00106	0.00106	0.00004	1.00000	
1028.17268	-615.42585	378.42047	-0.00185	0.04651	90.01676	0.42940	-0.00029	1.00000	-0.00003	-1.00000	-0.00029	0.00081	0.00081	0.00003	1.00000	
1028.05257	-615.53457	378.69646	-0.00756	0.03919	90.01099	0.42537	-0.00019	1.00000	-0.00013	-1.00000	-0.00019	0.00068	0.00068	0.00013	1.00000	
1028.32950	-615.46154	378.85299	-0.00863	0.03280	90.01738	0.39385	-0.00030	1.00000	-0.00015	-1.00000	-0.00030	0.00057	0.00057	0.00015	1.00000	
1027.90266	-615.43393	378.26560	-0.00114	0.05456	90.01128	0.39009	-0.00020	1.00000	-0.00002	-1.00000	-0.00020	0.00095	0.00095	0.00002	1.00000	
1028.22947	-615.44814	378.68866	-0.00781	0.04218	90.01861	0.40541	-0.00032	1.00000	-0.00014	-1.00000	-0.00032	0.00074	0.00074	0.00014	1.00000	
1027.57996	-615.60732	378.56893	-0.00598	0.04926	90.00320	0.36239	-0.00006	1.00000	-0.00010	-1.00000	-0.00006	0.00086	0.00086	0.00010	1.00000	
1027.29128	-615.64635	378.65088	-0.00895	0.05341	89.99982	0.39211	0.00000	1.00000	-0.00016	-1.00000	0.00000	0.00093	0.00093	0.00016	1.00000	
1027.32336	-615.54648	378.23917	-0.00333	0.06604	90.00289	0.41827	-0.00005	1.00000	-0.00006	-1.00000	-0.00005	0.00115	0.00115	0.00006	1.00000	
1026.84134	-615.71865	378.43417	-0.00747	0.06536	89.99204	0.37505	0.00014	1.00000	-0.00013	-1.00000	0.00014	0.00114	0.00114	0.00013	1.00000	
1026.78632	-615.78431	378.63625	-0.01059	0.06094	89.98949	0.38154	0.00018	1.00000	-0.00019	-1.00000	0.00018	0.00106	0.00106	0.00018	1.00000	
1027.03588	-615.60404	378.42590	-0.00497	0.05973	89.99667	0.40297	0.00006	1.00000	-0.00009	-1.00000	0.00006	0.00104	0.00104	0.00009	1.00000	
1026.48300	-615.89051	378.56527	-0.00843	0.05982	89.98099	0.39100	0.00033	1.00000	-0.00015	-1.00000	0.00033	0.00104	0.00104	0.00015	1.00000	
1027.05323	-615.61748	378.22771	-0.00263	0.06707	89.99590	0.43444	0.00007	1.00000	-0.00005	-1.00000	0.00007	0.00117	0.00117	0.00005	1.00000	
1026.61146	-615.80504	378.30849	-0.00387	0.06597	89.98388	0.43921	0.00028	1.00000	-0.00007	-1.00000	0.00028	0.00115	0.00115	0.00007	1.00000	
1026.98256	-615.57595	378.14850	0.00047	0.06431	89.99452	0.38738	0.00010	1.00000	0.00001	-1.00000	0.00010	0.00112	0.00112	-0.00001	1.00000	
1026.61801	-615.76655	378.37543	-0.00508	0.06380	89.98557	0.40058	0.00025	1.00000	-0.00009	-1.00000	0.00025	0.00111	0.00111	0.00009	1.00000	
1026.34517	-615.88642	378.44557	-0.00700	0.06530	89.97808	0.38156	0.00038	1.00000	-0.00012	-1.00000	0.00038	0.00114	0.00114	0.00012	1.00000	
1026.52292	-615.86326	378.56253	-0.00576	0.05196	89.97766	0.39454	0.00039	1.00000	-0.00010	-1.00000	0.00039	0.00091	0.00091	0.00010	1.00000	
1025.98425	-616.03812	378.62389	-0.01408	0.06936	89.96857	0.38737	0.00055	1.00000	-0.00025	-1.00000	0.00055	0.00121	0.00121	0.00025	1.00000	
1025.32538	-616.32009	378.71534	-0.01618	0.07051	89.95103	0.39894	0.00085	1.00000	-0.00028	-1.00000	0.00086	0.00123	0.00123	0.00028	1.00000	
1026.50181	-615.84867	378.45960	-0.01037	0.07113	89.98196	0.39913	0.00031	1.00000	-0.00018	-1.00000	0.00032	0.00124	0.00124	0.00018	1.00000	
1026.17684	-616.04809	378.52334	-0.01290	0.07156	89.97216	0.40317	0.00049	1.00000	-0.00023	-1.00000	0.00049	0.00125	0.00125	0.00023	1.00000	
1026.65187	-615.93028	378.71838	-0.01714	0.06750	89.98401	0.42295	0.00028	1.00000	-0.00030	-1.00000	0.00028	0.00118	0.00118	0.00030	1.00000	
1026.50004	-615.98631	378.67332	-0.01973	0.08008	89.98290	0.43876	0.00030	1.00000	-0.00034	-1.00000	0.00030	0.00140	0.00140	0.00034	1.00000	
1027.31104	-615.58420	378.36800	-0.00771	0.07231	90.00313	0.45442	-0.00005	1.00000	-0.00013	-1.00000	-0.00005	0.00126	0.00126	0.00013	1.00000	
1027.78204	-615.35620	378.00296	0.00051	0.07200	90.01405	0.42818	-0.00025	1.00000	0.00001	-1.00000	-0.00025	0.00126	0.00126	-0.00001	1.00000	
1026.95076	-615.74360	378.32088	-0.00761	0.07331	89.99308	0.43448	0.00012	1.00000	-0.00013	-1.00000	0.00012	0.00128	0.00128	0.00013	1.00000	
1027.50245	-615.58337	378.25681	-0.00450	0.06690	90.00385	0.43436	-0.00007	1.00000	-0.00008	-1.00000	-0.00007	0.00117	0.00117	0.00008	1.00000	
1028.52967	-615.15248	377.95599	0.00247	0.06671	90.02917	0.44336	-0.00051	1.00000	0.00004	-1.00000	-0.00051	0.00116	0.00116	-0.00004	1.00000	
1027.62157	-615.53697	378.31728	-0.00160	0.05150	90.00300	0.48159	-0.00005	1.00000	-0.00003	-1.00000	-0.00005	0.00090	0.00090	0.00003	1.00000	
1028.32609	-615.36250	378.54059	-0.00867	0.05881	90.02194	0.44792	-0.00038	1.00000	-0.00015	-1.00000	-0.00038	0.00103	0.00103	0.00015	1.00000	
1028.24417	-615.29220	378.39086	-0.00429	0.06073	90.02139	0.43202	-0.00037	1.00000	-0.00007	-1.00000	-0.00037	0.00106	0.00106	0.00007	1.00000	
1028.69915	-615.02784	378.07049	0.00257	0.06687	90.03526	0.43647	-0.00062	1.00000	0.00005	-1.00000	-0.00062	0.00117	0.00117	-0.00004	1.00000	
1027.69121	-615.46808	378.56382	-0.00723	0.05873	90.00614	0.42312	-0.00011	1.00000	-0.00013	-1.00000	-0.00011	0.00103	0.00103	0.00013	1.00000	
1027.55031	-615.60861	378.90917	-0.01539	0.05527	90.00152	0.40652	-0.00003	1.00000	-0.00027	-1.00000	-0.00003	0.00096	0.00096	0.00027	1.00000	
1027.58127	-615.65406	379.09803	-0.01829	0.04856	90.00067	0.42222	-0.00001	1.00000	-0.00032	-1.00000	-0.00001	0.00085	0.00085	0.00032	1.00000	
1027.60012	-615.56595	378.81805	-0.01283	0.05277	90.00173	0.39039	-0.00003	1.00000	-0.00022	-1.00000	-0.00003	0.00092	0.00092	0.00022	1.00000	
1027.72405	-615.47824	378.59896	-0.00885	0.05930	90.00746	0.44007	-0.00013	1.00000	-0.00015	-1.00000	-0.00013	0.00104	0.00103	0.00015	1.00000	
1026.54207	-615.94443	378.87249	-0.02038	0.07478	89.98001	0.42550	0.00035	1.00000	-0.00036	-1.00000	0.00035	0.00131	0.00131	0.00036	1.00000	
1026.22688	-616.03088	378.70735	-0.01627	0.07305	89.97238	0.41863	0.00048	1.00000	-0.00028	-1.00000	0.00048	0.00127	0.00127	0.00028	1.00000	
1026.18392	-616.14193	378.96829	-0.02191	0.06931	89.96832	0.42514	0.00055	1.00000	-0.00038	-1.00000	0.00055	0.00121	0.00121	0.00038	1.00000	
1025.84021	-616.19735	378.49915	-0.01140	0.07020	89.95744	0.44315	0.00074	1.00000	-0.00020	-1.00000	0.00074	0.00123	0.00123	0.00020	1.00000	
1026.77666	-615.94074	378.75549	-0.01195	0.05282	89.97629	0.43691	0.00041	1.00000	-0.00021	-1.00000	0.00041	0.00092	0.00092	0.00021	1.00000	
1026.95888	-615.87418	378.54139	-0.00840	0.05491	89.98005	0.46917	0.00035	1.00000	-0.00015	-1.00000	0.00035	0.00096	0.00096	0.00015	1.00000	
1026.19710	-616.27701	379.00191	-0.02122	0.05645	89.96049	0.45127	0.00069	1.00000	-0.00037	-1.00000	0.00069	0.00098	0.00099	0.00037	1.00000	
1025.75117	-616.40934	378.99077	-0.01906	0.04859	89.94763	0.46700	0.00091	1.00000	-0.00033	-1.00000	0.00091	0.00085	0.00085	0.00033	1.00000	
1026.15344	-616.26925	378.98298	-0.02426	0.06229	89.95921	0.49243	0.00071	1.00000	-0.00042	-1.00000	0.00071	0.00109	0.00109	0.00042	1.00000	
1026.83831	-615.88638	378.48526	-0.00986	0.05603	89.97529	0.44956	0.00043	1.00000	-0.00017	-1.00000	0.00043	0.00098	0.00098	0.00017	1.00000	
1025.27402	-616.87203	380.01164	-0.04767	0.04907	89.93286	0.44644	0.00117	1.00000	-0.00083	-1.00000	0.00117	0.00086	0.00086	0.00083	1.00000	
1025.57943	-616.57141	379.24277	-0.03060	0.05735	89.94142	0.47300	0.00102	1.00000	-0.00054	-1.00000	0.00102	0.00100	0.00100	0.00053	1.00000	
1025.24730	-616.63697	379.24289	-0.03341	0.06573	89.93617	0.44867	0.00111	1.00000	-0.00058	-1.00000	0.00111	0.00115	0.00115	0.00058	1.00000	
1025.76341	-616.50278	379.28920	-0.03105	0.05440	89.94588	0.46325	0.00094	1.00000	-0.00054	-1.00000	0.00095	0.00095	0.00095	0.00054	1.00000	
1025.32276	-616.67876	379.50736	-0.03535	0.05548	89.93443	0.47434	0.00114	1.00000	-0.00062	-1.00000	0.00114	0.00097	0.00097	0.00062	1.00000	
1025.60716	-616.51298	379.58070	-0.03809	0.05957	89.94347	0.45689	0.00099	1.00000	-0.00067	-1.00000	0.00099	0.00104	0.00104	0.00066	1.00000	
1025.00549	-616.68496	379.26232	-0.03117	0.06482	89.92923	0.46132	0.00124	1.00000	-0.00055	-1.00000	0.00124	0.00113	0.00113	0.00054	1.00000	
1025.05186	-616.66578	379.47236	-0.03489	0.05871	89.92898	0.51932	0.00124	1.00000	-0.00061	-1.00000	0.00124	0.00102	0.00102	0.00061	1.00000	
1025.97903	-616.27967	379.13403	-0.02695	0.06231	89.95439	0.46460	0.00080	1.00000	-0.00047	-1.00000	0.00080	0.00109	0.00109	0.00047	1.00000	
1026.09184	-616.04741	378.44705	-0.00873	0.05556	89.95557	0.42609	0.00078	1.00000	-0.00015	-1.00000	0.00078	0.00097	0.00097	0.00015	1.00000	
1026.11488	-616.19758	378.97338	-0.02424	0.06005	89.95638	0.42661	0.00076	1.00000	-0.00042	-1.00000	0.00076	0.00105	0.00105	0.00042	1.00000	
1026.13866	-616.14744	378.85634	-0.02008	0.05478	89.95636	0.46258	0.00076	1.00000	-0.00035	-1.00000	0.00076	0.00096	0.00096	0.00035	1.00000	
1026.32216	-616.11295	378.93549	-0.02276	0.06093	89.96205	0.43890	0.00066	1.00000	-0.00040	-1.00000	0.00066	0.00106	0.00106	0.00040	1.00000	
1026.70409	-615.92555	378.71600	-0.01630	0.05489	89.96947	0.41845	0.00053	1.00000	-0.00029	-1.00000	0.00053	0.00096	0.00096	0.00028	1.00000	
1026.29663	-616.13056	379.04938	-0.02376	0.05224	89.95921	0.44503	0.00071	1.00000	-0.00042	-1.00000	0.00071	0.00091	0.00091	0.00041	1.00000	
1026.27603	-616.02078	378.62655	-0.01712	0.06635	89.96238	0.42573	0.00066	1.00000	-0.00030	-1.00000	0.00066	0.00116	0.00116	0.00030	1.00000	
1026.97503	-615.69547	378.10266	-0.00313	0.06796	89.97861	0.41290	0.00037	1.00000	-0.00006	-1.00000	0.00037	0.00119	0.00119	0.00005	1.00000	
1026.44497	-615.87742	378.21113	-0.00839	0.07585	89.96771	0.44951	0.00056	1.00000	-0.00015	-1.00000	0.00056	0.00132	0.00132	0.00015	1.00000	
1026.39623	-615.99761	378.53140	-0.01559	0.07101	89.96420	0.45828	0.00062	1.00000	-0.00027	-1.00000	0.00063	0.00124	0.00124	0.00027	1.00000	
1026.56317	-615.88217	378.39031	-0.00918	0.06263	89.96675	0.44332	0.00058	1.00000	-0.00016	-1.00000	0.00058	0.00109	0.00109	0.00016	1.00000	
1025.30854	-616.39524	378.74590	-0.01907	0.06658	89.93450	0.46020	0.00114	1.00000	-0.00033	-1.00000	0.00114	0.00116	0.00116	0.00033	1.00000	
1025.03833	-616.52470	378.87647	-0.02553	0.07712	89.93084	0.45894	0.00121	1.00000	-0.00045	-1.00000	0.00121	0.00135	0.00135	0.00045	1.00000	
1025.54658	-616.22538	378.48751	-0.01486	0.07611	89.94400	0.44835	0.00098	1.00000	-0.00026	-1.00000	0.00098	0.00133	0.00133	0.00026	1.00000	
1026.33488	-615.86919	378.42604	-0.00759	0.05694	89.95982	0.44046	0.00070	1.00000	-0.00013	-1.00000	0.00070	0.00099	0.00099	0.00013	1.00000	
1025.36715	-616.27797	378.86213	-0.01933	0.06378	89.93805	0.44852	0.00108	1.00000	-0.00034	-1.00000	0.00108	0.00111	0.00111	0.00034	1.00000	
1026.29873	-615.89768	378.52633	-0.00911	0.05681	89.95889	0.43899	0.00072	1.00000	-0.00016	-1.00000	0.00072	0.00099	0.00099	0.00016	1.00000	
1026.20160	-615.91155	378.54321	-0.01575	0.07725	89.96098	0.40874	0.00068	1.00000	-0.00028	-1.00000	0.00068	0.00135	0.00135	0.00027	1.00000	
1026.22138	-615.84517	378.32555	-0.00777	0.07109	89.95993	0.42484	0.00070	1.00000	-0.00014	-1.00000	0.00070	0.00124	0.00124	0.00014	1.00000	
1026.07440	-615.95010	378.56365	-0.01327	0.07130	89.95625	0.42150	0.00076	1.00000	-0.00023	-1.00000	0.00076	0.00124	0.00124	0.00023	1.00000	
1026.71817	-615.78851	378.93887	-0.02324	0.07001	89.97292	0.41405	0.00047	1.00000	-0.00041	-1.00000	0.00047	0.00122	0.00122	0.00041	1.00000	
1026.21762	-616.05916	379.10817	-0.02560	0.06443	89.95842	0.39071	0.00073	1.00000	-0.00045	-1.00000	0.00073	0.00112	0.00112	0.00045	1.00000	
1026.30370	-616.03378	379.18357	-0.02234	0.05499	89.95678	0.39543	0.00075	1.00000	-0.00039	-1.00000	0.00075	0.00096	0.00096	0.00039	1.00000	
1025.42246	-616.35093	379.09132	-0.02563	0.07137	89.93760	0.38859	0.00109	1.00000	-0.00045	-1.00000	0.00109	0.00125	0.00125	0.00045	1.00000	
1025.39260	-616.45229	379.45558	-0.03625	0.07351	89.93688	0.39515	0.00110	1.00000	-0.00063	-1.00000	0.00110	0.00128	0.00128	0.00063	1.00000	
1025.03614	-616.49102	379.19574	-0.02920	0.07283	89.92874	0.38638	0.00124	1.00000	-0.00051	-1.00000	0.00124	0.00127	0.00127	0.00051	1.00000	
1025.98667	-616.12902	379.06690	-0.02179	0.06105	89.94942	0.38098	0.00088	1.00000	-0.00038	-1.00000	0.00088	0.00107	0.00107	0.00038	1.00000	
1026.57510	-615.85156	378.96763	-0.02053	0.06511	89.96609	0.43339	0.00059	1.00000	-0.00036	-1.00000	0.00059	0.00114	0.00114	0.00036	1.00000	
1025.98014	-616.01371	379.05496	-0.02284	0.06479	89.95109	0.40199	0.00085	1.00000	-0.00040	-1.00000	0.00085	0.00113	0.00113	0.00040	1.00000	
1026.75883	-615.68204	378.87658	-0.01416	0.05019	89.96713	0.41917	0.00057	1.00000	-0.00025	-1.00000	0.00057	0.00088	0.00088	0.00025	1.00000	
1026.60372	-615.75037	379.09765	-0.02140	0.05564	89.96429	0.42773	0.00062	1.00000	-0.00037	-1.00000	0.00062	0.00097	0.00097	0.00037	1.00000	
1025.75564	-615.96963	378.91271	-0.02017	0.06298	89.94497	0.44880	0.00096	1.00000	-0.00035	-1.00000	0.00096	0.00110	0.00110	0.00035	1.00000	
1025.79557	-615.98227	378.98832	-0.02063	0.05766	89.94471	0.41922	0.00096	1.00000	-0.00036	-1.00000	0.00097	0.00101	0.00101	0.00036	1.00000	
1025.98026	-615.96328	379.23918	-0.02404	0.04864	89.94754	0.41296	0.00092	1.00000	-0.00042	-1.00000	0.00092	0.00085	0.00085	0.00042	1.00000	
1026.62250	-615.65617	378.91242	-0.01591	0.04999	89.96241	0.45104	0.00066	1.00000	-0.00028	-1.00000	0.00066	0.00087	0.00087	0.00028	1.00000	
1025.67201	-616.07670	379.08261	-0.02461	0.06177	89.94067	0.41709	0.00104	1.00000	-0.00043	-1.00000	0.00104	0.00108	0.00108	0.00043	1.00000	
1026.10157	-615.88921	378.93041	-0.01819	0.05539	89.94993	0.38489	0.00087	1.00000	-0.00032	-1.00000	0.00087	0.00097	0.00097	0.00032	1.00000	
1026.68661	-615.64042	378.63597	-0.01006	0.05312	89.96370	0.38340	0.00063	1.00000	-0.00018	-1.00000	0.00063	0.00093	0.00093	0.00018	1.00000	
1026.06477	-615.81537	378.67654	-0.00918	0.04836	89.94631	0.40124	0.00094	1.00000	-0.00016	-1.00000	0.00094	0.00084	0.00084	0.00016	1.00000	
1026.39718	-615.65950	378.64078	-0.00987	0.05141	89.95515	0.43780	0.00078	1.00000	-0.00017	-1.00000	0.00078	0.00090	0.00090	0.00017	1.00000	
1026.97334	-615.44222	378.60063	-0.00673	0.04171	89.96597	0.44048	0.00059	1.00000	-0.00012	-1.00000	0.00059	0.00073	0.00073	0.00012	1.00000	
1026.73210	-615.56829	378.85495	-0.01336	0.04377	89.96124	0.42855	0.00068	1.00000	-0.00023	-1.00000	0.00068	0.00076	0.00076	0.00023	1.00000	
1027.27692	-615.34134	378.68719	-0.00988	0.04190	89.97382	0.44698	0.00046	1.00000	-0.00017	-1.00000	0.00046	0.00073	0.00073	0.00017	1.00000	
1025.86144	-615.97381	379.22230	-0.02584	0.04906	89.93904	0.45553	0.00106	1.00000	-0.00045	-1.00000	0.00106	0.00086	0.00086	0.00045	1.00000	
1026.10957	-615.90529	379.62570	-0.03177	0.03757	89.94302	0.50329	0.00099	1.00000	-0.00056	-1.00000	0.00099	0.00066	0.00066	0.00055	1.00000	
1026.69959	-615.70654	379.59733	-0.03381	0.04561	89.95876	0.48955	0.00072	1.00000	-0.00059	-1.00000	0.00072	0.00080	0.00080	0.00059	1.00000	
1027.53654	-615.37638	379.54344	-0.02964	0.03534	89.97852	0.49939	0.00037	1.00000	-0.00052	-1.00000	0.00038	0.00062	0.00062	0.00052	1.00000	
1027.15567	-615.37842	379.28150	-0.02380	0.04492	89.97144	0.47080	0.00050	1.00000	-0.00042	-1.00000	0.00050	0.00078	0.00078	0.00042	1.00000	
1027.79398	-615.20373	379.44098	-0.02717	0.04461	89.98616	0.47095	0.00024	1.00000	-0.00047	-1.00000	0.00024	0.00078	0.00078	0.00047	1.00000	
1026.87653	-615.57831	379.70760	-0.03448	0.04637	89.96320	0.46149	0.00064	1.00000	-0.00060	-1.00000	0.00064	0.00081	0.00081	0.00060	1.00000	
1027.06560	-615.36107	379.04808	-0.01824	0.04986	89.96851	0.44517	0.00055	1.00000	-0.00032	-1.00000	0.00055	0.00087	0.00087	0.00032	1.00000	
1027.07442	-615.25126	378.82395	-0.01103	0.04168	89.96682	0.47166	0.00058	1.00000	-0.00019	-1.00000	0.00058	0.00073	0.00073	0.00019	1.00000	
1026.28665	-615.71688	379.28271	-0.02869	0.05869	89.94858	0.46842	0.00090	1.00000	-0.00050	-1.00000	0.00090	0.00102	0.00102	0.00050	1.00000	
1025.85768	-615.77368	378.93432	-0.02280	0.06693	89.94154	0.42974	0.00102	1.00000	-0.00040	-1.00000	0.00102	0.00117	0.00117	0.00040	1.00000	
1026.55814	-615.60201	379.21609	-0.03043	0.06397	89.95729	0.44991	0.00075	1.00000	-0.00053	-1.00000	0.00075	0.00112	0.00112	0.00053	1.00000	
1025.85626	-615.71113	378.77809	-0.02492	0.08120	89.94347	0.42397	0.00099	1.00000	-0.00044	-1.00000	0.00099	0.00142	0.00142	0.00044	1.00000	
1026.38403	-615.65070	378.90698	-0.02856	0.07820	89.95455	0.46598	0.00079	1.00000	-0.00050	-1.00000	0.00079	0.00136	0.00136	0.00050	1.00000	
1025.94815	-615.86060	379.20710	-0.03551	0.07401	89.94289	0.47699	0.00100	1.00000	-0.00062	-1.00000	0.00100	0.00129	0.00129	0.00062	1.00000	
1025.88742	-615.84212	379.16165	-0.03379	0.07684	89.94159	0.44300	0.00102	1.00000	-0.00059	-1.00000	0.00102	0.00134	0.00134	0.00059	1.00000	
1025.41974	-616.08043	379.38374	-0.03878	0.07137	89.92718	0.48763	0.00127	1.00000	-0.00068	-1.00000	0.00127	0.00124	0.00125	0.00068	1.00000	
1026.46722	-615.66527	379.10232	-0.02978	0.06698	89.95329	0.46385	0.00082	1.00000	-0.00052	-1.00000	0.00082	0.00117	0.00117	0.00052	1.00000	
1026.68503	-615.45256	378.75479	-0.02173	0.07346	89.96051	0.46828	0.00069	1.00000	-0.00038	-1.00000	0.00069	0.00128	0.00128	0.00038	1.00000	
1026.59208	-615.52243	378.94573	-0.02572	0.06570	89.95625	0.47413	0.00076	1.00000	-0.00045	-1.00000	0.00076	0.00115	0.00115	0.00045	1.00000	
1026.81764	-615.45323	379.25978	-0.03326	0.06819	89.96289	0.49082	0.00065	1.00000	-0.00058	-1.00000	0.00065	0.00119	0.00119	0.00058	1.00000	
1026.32715	-615.62251	379.22808	-0.03334	0.07280	89.95100	0.47651	0.00086	1.00000	-0.00058	-1.00000	0.00086	0.00127	0.00127	0.00058	1.00000	
1026.88948	-615.43373	379.04260	-0.02125	0.04848	89.95926	0.51201	0.00071	1.00000	-0.00037	-1.00000	0.00071	0.00085	0.00085	0.00037	1.00000	
1026.02496	-615.77381	379.17240	-0.02581	0.05932	89.93896	0.50150	0.00107	1.00000	-0.00045	-1.00000	0.00107	0.00103	0.00104	0.00045	1.00000	
1026.38821	-615.60753	378.92339	-0.02119	0.06635	89.94811	0.45365	0.00091	1.00000	-0.00037	-1.00000	0.00091	0.00116	0.00116	0.00037	1.00000	
1026.39270	-615.50856	378.55227	-0.01024	0.06622	89.94733	0.45959	0.00092	1.00000	-0.00018	-1.00000	0.00092	0.00116	0.00116	0.00018	1.00000	
1026.20071	-615.65708	378.53555	-0.01065	0.07125	89.94206	0.47262	0.00101	1.00000	-0.00019	-1.00000	0.00101	0.00124	0.00124	0.00019	1.00000	
1025.83830	-615.79671	378.45676	-0.01014	0.07807	89.93209	0.46744	0.00119	1.00000	-0.00018	-1.00000	0.00119	0.00136	0.00136	0.00018	1.00000	
1026.19142	-615.67312	378.37658	-0.00421	0.06696	89.93903	0.44391	0.00106	1.00000	-0.00007	-1.00000	0.00106	0.00117	0.00117	0.00007	1.00000	
1025.91635	-615.71981	378.19296	0.00108	0.07107	89.93107	0.48977	0.00120	1.00000	0.00002	-1.00000	0.00120	0.00124	0.00124	-0.00002	1.00000	
1025.95819	-615.73703	378.31348	-0.00258	0.07342	89.93282	0.43173	0.00117	1.00000	-0.00005	-1.00000	0.00117	0.00128	0.00128	0.00005	1.00000	
1026.78553	-615.39989	377.99008	0.00991	0.06012	89.94986	0.45905	0.00088	1.00000	0.00017	-1.00000	0.00088	0.00105	0.00105	-0.00017	1.00000	
1026.71884	-615.47581	378.20394	-0.00159	0.07609	89.95182	0.46588	0.00084	1.00000	-0.00003	-1.00000	0.00084	0.00133	0.00133	0.00003	1.00000	
1025.84420	-615.86326	378.74759	-0.01841	0.08108	89.93274	0.45794	0.00117	1.00000	-0.00032	-1.00000	0.00117	0.00141	0.00142	0.00032	1.00000	
1025.67020	-615.83348	378.60407	-0.01665	0.07870	89.93029	0.48167	0.00122	1.00000	-0.00029	-1.00000	0.00122	0.00137	0.00137	0.00029	1.00000	
1025.83220	-615.60829	378.31499	-0.01127	0.08436	89.93767	0.45843	0.00109	1.00000	-0.00020	-1.00000	0.00109	0.00147	0.00147	0.00020	1.00000	
1026.79171	-615.36287	378.84212	-0.01995	0.06383	89.95736	0.45230	0.00074	1.00000	-0.00035	-1.00000	0.00074	0.00111	0.00111	0.00035	1.00000	
1027.13692	-615.00718	378.17164	-0.01076	0.08877	89.97298	0.43847	0.00047	1.00000	-0.00019	-1.00000	0.00047	0.00155	0.00155	0.00019	1.00000	
1026.59328	-615.33434	378.89895	-0.02826	0.08188	89.95934	0.41259	0.00071	1.00000	-0.00049	-1.00000	0.00071	0.00143	0.00143	0.00049	1.00000	
1026.53886	-615.08207	377.84875	-0.00497	0.09230	89.95929	0.42651	0.00071	1.00000	-0.00009	-1.00000	0.00071	0.00161	0.00161	0.00009	1.00000	
1026.08093	-615.49762	378.75193	-0.02403	0.08293	89.94364	0.42837	0.00098	1.00000	-0.00042	-1.00000	0.00098	0.00145	0.00145	0.00042	1.00000	
1027.11345	-614.98283	378.18283	-0.01200	0.09144	89.97131	0.41430	0.00050	1.00000	-0.00021	-1.00000	0.00050	0.00160	0.00160	0.00021	1.00000	
1027.02755	-614.97294	377.88289	-0.00734	0.09930	89.96971	0.43123	0.00053	1.00000	-0.00013	-1.00000	0.00053	0.00173	0.00173	0.00013	1.00000	
1027.39423	-614.98671	378.45822	-0.01704	0.08317	89.97392	0.47083	0.00046	1.00000	-0.00030	-1.00000	0.00046	0.00145	0.00145	0.00030	1.00000	
1026.55386	-615.26609	378.46692	-0.01861	0.08791	89.95369	0.41522	0.00081	1.00000	-0.00033	-1.00000	0.00081	0.00153	0.00153	0.00032	1.00000	
1027.62096	-614.90444	378.50278	-0.01617	0.08098	89.97728	0.44203	0.00040	1.00000	-0.00028	-1.00000	0.00040	0.00141	0.00141	0.00028	1.00000	
1026.74202	-615.08157	378.14800	-0.01184	0.09840	89.95889	0.45468	0.00072	1.00000	-0.00021	-1.00000	0.00072	0.00172	0.00172	0.00021	1.00000	
1026.68458	-615.05166	378.11709	-0.00982	0.09807	89.95756	0.44792	0.00074	1.00000	-0.00017	-1.00000	0.00074	0.00171	0.00171	0.00017	1.00000	
1027.39237	-614.76912	377.96627	-0.00261	0.09611	89.97456	0.40920	0.00044	1.00000	-0.00005	-1.00000	0.00044	0.00168	0.00168	0.00005	1.00000	
1027.74898	-614.67296	378.38092	-0.01028	0.09031	89.98330	0.43425	0.00029	1.00000	-0.00018	-1.00000	0.00029	0.00158	0.00158	0.00018	1.00000	
1028.49259	-614.18323	377.64223	0.00757	0.08739	90.00302	0.44220	-0.00005	1.00000	0.00013	-1.00000	-0.00005	0.00153	0.00153	-0.00013	1.00000	
1028.04709	-614.29395	377.98089	0.00233	0.08482	89.99261	0.45526	0.00013	1.00000	0.00004	-1.00000	0.00013	0.00148	0.00148	-0.00004	1.00000	
1027.95071	-614.34119	378.10638	-0.00040	0.07638	89.98907	0.45745	0.00019	1.00000	-0.00001	-1.00000	0.00019	0.00133	0.00133	0.00001	1.00000	
1028.17030	-614.12118	377.74219	0.00412	0.08965	89.99870	0.42513	0.00002	1.00000	0.00007	-1.00000	0.00002	0.00156	0.00156	-0.00007	1.00000	
1027.72510	-614.24973	377.65183	0.00098	0.10470	89.99124	0.47360	0.00015	1.00000	0.00002	-1.00000	0.00015	0.00183	0.00183	-0.00002	1.00000	
1027.67909	-614.38784	378.08644	-0.01029	0.10142	89.98892	0.46521	0.00019	1.00000	-0.00018	-1.00000	0.00019	0.00177	0.00177	0.00018	1.00000	
1027.37014	-614.49720	378.05762	-0.00780	0.09856	89.97977	0.42490	0.00035	1.00000	-0.00014	-1.00000	0.00035	0.00172	0.00172	0.00014	1.00000	
1028.00659	-614.19090	377.66279	0.00256	0.09048	89.99472	0.46798	0.00009	1.00000	0.00004	-1.00000	0.00009	0.00158	0.00158	-0.00004	1.00000	
1028.35302	-614.15556	377.80364	-0.00047	0.09217	90.00186	0.46506	-0.00003	1.00000	-0.00001	-1.00000	-0.00003	0.00161	0.00161	0.00001	1.00000	
1028.16878	-614.35115	378.24501	-0.01069	0.09660	89.99733	0.46285	0.00005	1.00000	-0.00019	-1.00000	0.00005	0.00169	0.00169	0.00019	1.00000	
1027.57755	-614.67846	378.67788	-0.02007	0.09313	89.98076	0.45952	0.00034	1.00000	-0.00035	-1.00000	0.00034	0.00163	0.00163	0.00035	1.00000	
1028.11905	-614.54996	378.56666	-0.01509	0.08280	89.99027	0.46088	0.00017	1.00000	-0.00026	-1.00000	0.00017	0.00145	0.00145	0.00026	1.00000	
1028.68392	-614.25418	378.22270	-0.00769	0.08628	90.00465	0.47566	-0.00008	1.00000	-0.00013	-1.00000	-0.00008	0.00151	0.00151	0.00013	1.00000	
1028.23801	-614.50179	378.44500	-0.01312	0.08238	89.99207	0.46768	0.00014	1.00000	-0.00023	-1.00000	0.00014	0.00144	0.00144	0.00023	1.00000	
1029.02014	-614.13060	378.15827	-0.00165	0.06719	90.00909	0.47790	-0.00016	1.00000	-0.00003	-1.00000	-0.00016	0.00117	0.00117	0.00003	1.00000	
1028.74317	-614.20784	378.35747	-0.00816	0.06960	90.00391	0.48493	-0.00007	1.00000	-0.00014	-1.00000	-0.00007	0.00121	0.00121	0.00014	1.00000	
1029.45318	-613.95218	378.24892	-0.00372	0.06517	90.01983	0.46719	-0.00035	1.00000	-0.00006	-1.00000	-0.00035	0.00114	0.00114	0.00006	1.00000	
1029.49287	-613.87323	378.03155	0.00914	0.04804	90.01678	0.46968	-0.00029	1.00000	0.00016	-1.00000	-0.00029	0.00084	0.00084	-0.00016	1.00000	
1028.92722	-614.17238	378.59906	-0.00645	0.05379	90.00402	0.48185	-0.00007	1.00000	-0.00011	-1.00000	-0.00007	0.00094	0.00094	0.00011	1.00000	
1028.81395	-614.25162	378.62135	-0.00583	0.05013	89.99863	0.45740	0.00002	1.00000	-0.00010	-1.00000	0.00002	0.00087	0.00087	0.00010	1.00000	
1028.28302	-614.53819	378.79843	-0.00956	0.05080	89.98402	0.47277	0.00028	1.00000	-0.00017	-1.00000	0.00028	0.00089	0.00089	0.00017	1.00000	
1028.78417	-614.40256	378.91715	-0.01191	0.04847	89.99618	0.51299	0.00007	1.00000	-0.00021	-1.00000	0.00007	0.00085	0.00085	0.00021	1.00000	
1027.76021	-614.83598	379.20953	-0.02174	0.05521	89.97086	0.54145	0.00051	1.00000	-0.00038	-1.00000	0.00051	0.00096	0.00096	0.00038	1.00000	
1028.60665	-614.42644	378.86256	-0.01294	0.05297	89.99291	0.53912	0.00012	1.00000	-0.00023	-1.00000	0.00012	0.00092	0.00092	0.00023	1.00000	
1028.67285	-614.37471	378.94462	-0.01009	0.03763	89.99121	0.53246	0.00015	1.00000	-0.00018	-1.00000	0.00015	0.00066	0.00066	0.00018	1.00000	
1029.09865	-614.18292	378.78733	-0.00809	0.04005	90.00329	0.53554	-0.00006	1.00000	-0.00014	-1.00000	-0.00006	0.00070	0.00070	0.00014	1.00000	
1028.73920	-614.20802	378.51945	-0.00366	0.04287	89.99449	0.53964	0.00010	1.00000	-0.00006	-1.00000	0.00010	0.00075	0.00075	0.00006	1.00000	
1029.29733	-613.86552	377.87843	0.01038	0.04542	90.00757	0.51163	-0.00013	1.00000	0.00018	-1.00000	-0.00013	0.00079	0.00079	-0.00018	1.00000	
1029.05038	-614.11720	378.65463	-0.00620	0.03639	90.00057	0.49066	-0.00001	1.00000	-0.00011	-1.00000	-0.00001	0.00064	0.00064	0.00011	1.00000	
1028.25576	-614.35437	378.64404	-0.00976	0.04604	89.98288	0.49447	0.00030	1.00000	-0.00017	-1.00000	0.00030	0.00080	0.00080	0.00017	1.00000	
1027.92616	-614.34718	378.26973	-0.00683	0.06783	89.98125	0.44657	0.00033	1.00000	-0.00012	-1.00000	0.00033	0.00118	0.00118	0.00012	1.00000	
1028.42131	-614.15525	378.37696	-0.00986	0.06643	89.99365	0.47124	0.00011	1.00000	-0.00017	-1.00000	0.00011	0.00116	0.00116	0.00017	1.00000	
1029.00833	-613.72784	377.60369	0.01036	0.06645	90.00916	0.43302	-0.00016	1.00000	0.00018	-1.00000	-0.00016	0.00116	0.00116	-0.00018	1.00000	
1028.49310	-613.96830	378.06853	-0.00269	0.07473	89.99964	0.46135	0.00001	1.00000	-0.00005	-1.00000	0.00001	0.00130	0.00130	0.00005	1.00000	
1028.46964	-613.92485	377.96284	0.00037	0.06954	89.99742	0.44403	0.00005	1.00000	0.00001	-1.00000	0.00005	0.00121	0.00121	-0.00001	1.00000	
1028.23495	-614.08529	378.44390	-0.01140	0.06724	89.99181	0.45436	0.00014	1.00000	-0.00020	-1.00000	0.00014	0.00117	0.00117	0.00020	1.00000	
1028.07787	-614.02883	378.18658	-0.00687	0.07691	89.99055	0.43375	0.00016	1.00000	-0.00012	-1.00000	0.00017	0.00134	0.00134	0.00012	1.00000	
1027.69516	-614.20914	378.62586	-0.01670	0.07210	89.97959	0.45961	0.00036	1.00000	-0.00029	-1.00000	0.00036	0.00126	0.00126	0.00029	1.00000	
1028.72451	-613.68942	378.03449	-0.00165	0.07424	90.00737	0.45461	-0.00013	1.00000	-0.00003	-1.00000	-0.00013	0.00130	0.00130	0.00003	1.00000	
1028.24867	-613.93815	378.42491	-0.01100	0.07292	89.99439	0.46334	0.00010	1.00000	-0.00019	-1.00000	0.00010	0.00127	0.00127	0.00019	1.00000	
1027.28698	-614.23208	378.41096	-0.01346	0.08233	89.97133	0.48864	0.00050	1.00000	-0.00024	-1.00000	0.00050	0.00144	0.00144	0.00023	1.00000	
1028.06951	-613.94175	378.43496	-0.01036	0.07069	89.98802	0.47873	0.00021	1.00000	-0.00018	-1.00000	0.00021	0.00123	0.00123	0.00018	1.00000	
1028.17054	-613.89082	378.39344	-0.00764	0.06665	89.98943	0.48158	0.00018	1.00000	-0.00013	-1.00000	0.00018	0.00116	0.00116	0.00013	1.00000	
1028.47681	-613.52614	377.55106	0.01247	0.07190	90.00003	0.46617	-0.00000	1.00000	0.00022	-1.00000	-0.00000	0.00125	0.00125	-0.00022	1.00000	
1027.23410	-614.08772	378.20035	-0.00349	0.07022	89.96675	0.44550	0.00058	1.00000	-0.00006	-1.00000	0.00058	0.00123	0.00123	0.00006	1.00000	
1027.33200	-614.07670	378.32277	-0.00640	0.07017	89.96883	0.47009	0.00054	1.00000	-0.00011	-1.00000	0.00054	0.00122	0.00122	0.00011	1.00000	
1027.12467	-614.16617	378.30553	-0.00752	0.07353	89.96377	0.47918	0.00063	1.00000	-0.00013	-1.00000	0.00063	0.00128	0.00128	0.00013	1.00000	
1027.27733	-614.33056	378.92038	-0.02181	0.07033	89.96474	0.48286	0.00062	1.00000	-0.00038	-1.00000	0.00062	0.00123	0.00123	0.00038	1.00000	
1027.05851	-614.23720	378.25447	-0.00720	0.07613	89.95925	0.49953	0.00071	1.00000	-0.00013	-1.00000	0.00071	0.00133	0.00133	0.00013	1.00000	
1026.58600	-614.46507	378.37881	-0.00828	0.07039	89.94601	0.50297	0.00094	1.00000	-0.00015	-1.00000	0.00094	0.00123	0.00123	0.00014	1.00000	
1027.19102	-614.30914	378.54913	-0.01222	0.06756	89.95883	0.47851	0.00072	1.00000	-0.00021	-1.00000	0.00072	0.00118	0.00118	0.00021	1.00000	
1026.79232	-614.37968	378.38672	-0.01074	0.07120	89.95116	0.47992	0.00085	1.00000	-0.00019	-1.00000	0.00085	0.00124	0.00124	0.00019	1.00000	
1027.10982	-614.33167	378.41302	-0.00857	0.05864	89.95447	0.49528	0.00079	1.00000	-0.00015	-1.00000	0.00079	0.00102	0.00102	0.00015	1.00000	
1026.97284	-614.40224	378.54976	-0.01567	0.06880	89.95300	0.44398	0.00082	1.00000	-0.00027	-1.00000	0.00082	0.00120	0.00120	0.00027	1.00000	
1027.77496	-614.06816	378.30015	-0.00723	0.06317	89.97202	0.43773	0.00049	1.00000	-0.00013	-1.00000	0.00049	0.00110	0.00110	0.00013	1.00000	
1027.61029	-614.29035	378.76395	-0.01579	0.05296	89.96407	0.43568	0.00063	1.00000	-0.00028	-1.00000	0.00063	0.00092	0.00092	0.00028	1.00000	
1028.10099	-613.92392	378.34627	-0.00336	0.05208	89.97746	0.41359	0.00039	1.00000	-0.00006	-1.00000	0.00039	0.00091	0.00091	0.00006	1.00000	
1027.19521	-614.54217	379.57714	-0.02853	0.03300	89.94900	0.42527	0.00089	1.00000	-0.00050	-1.00000	0.00089	0.00058	0.00058	0.00050	1.00000	
1027.79290	-614.11472	378.94082	-0.01740	0.04822	89.96844	0.42773	0.00055	1.00000	-0.00030	-1.00000	0.00055	0.00084	0.00084	0.00030	1.00000	
1027.42246	-614.35471	379.55822	-0.02956	0.03808	89.95749	0.42559	0.00074	1.00000	-0.00052	-1.00000	0.00074	0.00066	0.00066	0.00052	1.00000	
1027.16179	-614.23238	379.14648	-0.02226	0.04812	89.95508	0.47988	0.00078	1.00000	-0.00039	-1.00000	0.00078	0.00084	0.00084	0.00039	1.00000	
1027.46317	-613.97394	378.88774	-0.01643	0.05184	89.96443	0.49899	0.00062	1.00000	-0.00029	-1.00000	0.00062	0.00090	0.00090	0.00029	1.00000	
1027.93420	-613.83127	378.97986	-0.01557	0.04330	89.97392	0.47614	0.00046	1.00000	-0.00027	-1.00000	0.00046	0.00076	0.00076	0.00027	1.00000	
1028.12630	-613.70014	378.95694	-0.01654	0.04948	89.98100	0.44765	0.00033	1.00000	-0.00029	-1.00000	0.00033	0.00086	0.00086	0.00029	1.00000	
1028.12946	-613.73328	379.07963	-0.01962	0.05110	89.98190	0.46419	0.00032	1.00000	-0.00034	-1.00000	0.00032	0.00089	0.00089	0.00034	1.00000	
1028.98457	-613.35141	378.91579	-0.01038	0.03709	90.00089	0.46771	-0.00002	1.00000	-0.00018	-1.00000	-0.00002	0.00065	0.00065	0.00018	1.00000	
1028.09942	-613.51415	378.44005	-0.00510	0.05674	89.98292	0.47526	0.00030	1.00000	-0.00009	-1.00000	0.00030	0.00099	0.00099	0.00009	1.00000	
1028.84979	-613.22723	378.30116	-0.00096	0.05413	89.99961	0.47103	0.00001	1.00000	-0.00002	-1.00000	0.00001	0.00094	0.00094	0.00002	1.00000	
1028.29126	-613.37421	378.28549	-0.00500	0.06471	89.98917	0.46509	0.00019	1.00000	-0.00009	-1.00000	0.00019	0.00113	0.00113	0.00009	1.00000	
1028.12367	-613.51053	378.78622	-0.01552	0.05873	89.98257	0.47344	0.00030	1.00000	-0.00027	-1.00000	0.00030	0.00102	0.00103	0.00027	1.00000	
1028.68275	-613.27631	378.66554	-0.00850	0.04331	89.99464	0.48086	0.00009	1.00000	-0.00015	-1.00000	0.00009	0.00076	0.00076	0.00015	1.00000	
1028.90153	-613.18695	378.66250	-0.00769	0.04318	89.99979	0.46430	0.00000	1.00000	-0.00013	-1.00000	0.00000	0.00075	0.00075	0.00013	1.00000	
1028.85402	-613.30116	378.94218	-0.01425	0.04127	89.99759	0.42405	0.00004	1.00000	-0.00025	-1.00000	0.00004	0.00072	0.00072	0.00025	1.00000	
1028.87810	-613.18183	378.51650	-0.00278	0.04007	89.99803	0.45116	0.00003	1.00000	-0.00005	-1.00000	0.00003	0.00070	0.00070	0.00005	1.00000	
1028.49223	-613.30601	378.41144	-0.00535	0.05166	89.99162	0.49205	0.00015	1.00000	-0.00009	-1.00000	0.00015	0.00090	0.00090	0.00009	1.00000	
1028.74474	-613.21123	378.29670	-0.00019	0.04668	89.99476	0.45645	0.00009	1.00000	-0.00000	-1.00000	0.00009	0.00081	0.00081	0.00000	1.00000	
1028.77186	-613.27816	378.44722	-0.00289	0.04331	89.99310	0.44576	0.00012	1.00000	-0.00005	-1.00000	0.00012	0.00076	0.00076	0.00005	1.00000	
1028.08645	-613.49264	378.65844	-0.01280	0.05965	89.98022	0.43515	0.00035	1.00000	-0.00022	-1.00000	0.00035	0.00104	0.00104	0.00022	1.00000	
1028.56989	-613.24861	378.42599	-0.00365	0.05164	89.99132	0.42104	0.00015	1.00000	-0.00006	-1.00000	0.00015	0.00090	0.00090	0.00006	1.00000	
1028.06295	-613.53715	378.86097	-0.01619	0.06087	89.98029	0.44435	0.00034	1.00000	-0.00028	-1.00000	0.00034	0.00106	0.00106	0.00028	1.00000	
1028.71979	-613.33715	378.88909	-0.01194	0.04738	89.99271	0.45126	0.00013	1.00000	-0.00021	-1.00000	0.00013	0.00083	0.00083	0.00021	1.00000	
1028.19446	-613.58966	379.13688	-0.01568	0.04065	89.97670	0.44045	0.00041	1.00000	-0.00027	-1.00000	0.00041	0.00071	0.00071	0.00027	1.00000	
1028.42262	-613.46274	379.07871	-0.01386	0.03905	89.98351	0.42414	0.00029	1.00000	-0.00024	-1.00000	0.00029	0.00068	0.00068	0.00024	1.00000	
1027.56753	-613.90317	379.75914	-0.02809	0.03078	89.95860	0.44566	0.00072	1.00000	-0.00049	-1.00000	0.00072	0.00054	0.00054	0.00049	1.00000	
1028.24362	-613.69339	379.65133	-0.02581	0.02888	89.97529	0.43899	0.00043	1.00000	-0.00045	-1.00000	0.00043	0.00050	0.00050	0.00045	1.00000	
1027.69567	-613.80727	379.51457	-0.02340	0.03197	89.96211	0.44820	0.00066	1.00000	-0.00041	-1.00000	0.00066	0.00056	0.00056	0.00041	1.00000	
1028.39394	-613.51138	379.40343	-0.02007	0.02735	89.97976	0.44795	0.00035	1.00000	-0.00035	-1.00000	0.00035	0.00048	0.00048	0.00035	1.00000	
1028.12253	-613.61983	379.34126	-0.02151	0.03326	89.97385	0.44834	0.00046	1.00000	-0.00038	-1.00000	0.00046	0.00058	0.00058	0.00038	1.00000	
1028.12174	-613.66548	379.52169	-0.03220	0.05292	89.97752	0.45169	0.00039	1.00000	-0.00056	-1.00000	0.00039	0.00092	0.00092	0.00056	1.00000	
1028.12286	-613.62599	379.36586	-0.02560	0.04463	89.97540	0.46821	0.00043	1.00000	-0.00045	-1.00000	0.00043	0.00078	0.00078	0.00045	1.00000	
1028.35187	-613.48238	379.18179	-0.02255	0.05162	89.98248	0.48046	0.00031	1.00000	-0.00039	-1.00000	0.00031	0.00090	0.00090	0.00039	1.00000	
1028.50405	-613.37050	378.87142	-0.01653	0.05551	89.98643	0.47218	0.00024	1.00000	-0.00029	-1.00000	0.00024	0.00097	0.00097	0.00029	1.00000	
1028.26371	-613.48843	378.98367	-0.01861	0.05639	89.97990	0.49424	0.00035	1.00000	-0.00033	-1.00000	0.00035	0.00098	0.00098	0.00032	1.00000	
1028.83304	-613.42359	379.54901	-0.02861	0.04369	89.99168	0.45469	0.00015	1.00000	-0.00050	-1.00000	0.00015	0.00076	0.00076	0.00050	1.00000	
1027.94279	-613.61552	379.25250	-0.02896	0.06641	89.97502	0.47281	0.00044	1.00000	-0.00051	-1.00000	0.00044	0.00116	0.00116	0.00051	1.00000	
1027.85971	-613.71350	379.63692	-0.03521	0.05512	89.96998	0.48392	0.00052	1.00000	-0.00062	-1.00000	0.00052	0.00096	0.00096	0.00061	1.00000	
1028.52021	-613.32229	379.03969	-0.01738	0.04543	89.98487	0.46994	0.00026	1.00000	-0.00030	-1.00000	0.00026	0.00079	0.00079	0.00030	1.00000	
1027.77392	-613.57843	379.10084	-0.02646	0.06768	89.97116	0.46111	0.00050	1.00000	-0.00046	-1.00000	0.00050	0.00118	0.00118	0.00046	1.00000	
1029.35779	-612.93429	378.67920	-0.01005	0.05181	90.00735	0.44998	-0.00013	1.00000	-0.00018	-1.00000	-0.00013	0.00090	0.00090	0.00018	1.00000	
1029.23131	-612.88986	378.55531	-0.00907	0.05710	90.00587	0.44910	-0.00010	1.00000	-0.00016	-1.00000	-0.00010	0.00100	0.00100	0.00016	1.00000	
1028.79735	-613.05146	378.70023	-0.00897	0.04809	89.99345	0.44318	0.00011	1.00000	-0.00016	-1.00000	0.00011	0.00084	0.00084	0.00016	1.00000	
1029.45680	-612.77524	378.65551	-0.00743	0.04570	90.01054	0.42757	-0.00018	1.00000	-0.00013	-1.00000	-0.00018	0.00080	0.00080	0.00013	1.00000	
1028.97307	-613.03133	379.07607	-0.01193	0.02875	89.99490	0.38883	0.00009	1.00000	-0.00021	-1.00000	0.00009	0.00050	0.00050	0.00021	1.00000	
1028.92615	-612.87815	378.54765	-0.00620	0.04702	89.99776	0.40538	0.00004	1.00000	-0.00011	-1.00000	0.00004	0.00082	0.00082	0.00011	1.00000	
1028.56478	-612.93634	378.55398	-0.00448	0.04056	89.98842	0.36873	0.00020	1.00000	-0.00008	-1.00000	0.00020	0.00071	0.00071	0.00008	1.00000	
1028.56575	-613.15115	379.28052	-0.02465	0.04253	89.98802	0.36829	0.00021	1.00000	-0.00043	-1.00000	0.00021	0.00074	0.00074	0.00043	1.00000	
1028.12009	-613.22953	379.02583	-0.01971	0.04475	89.97825	0.34856	0.00038	1.00000	-0.00034	-1.00000	0.00038	0.00078	0.00078	0.00034	1.00000	
1029.15241	-612.90656	379.17171	-0.01990	0.03611	90.00183	0.38089	-0.00003	1.00000	-0.00035	-1.00000	-0.00003	0.00063	0.00063	0.00035	1.00000	
1028.61551	-613.08942	379.23324	-0.02497	0.04582	89.99157	0.39100	0.00015	1.00000	-0.00044	-1.00000	0.00015	0.00080	0.00080	0.00044	1.00000	
1028.60478	-613.22537	379.88319	-0.03824	0.04110	89.98911	0.37546	0.00019	1.00000	-0.00067	-1.00000	0.00019	0.00072	0.00072	0.00067	1.00000	
1029.21911	-612.89678	379.32831	-0.02370	0.04195	90.00317	0.35565	-0.00006	1.00000	-0.00041	-1.00000	-0.00005	0.00073	0.00073	0.00041	1.00000	
1029.16708	-612.96569	379.67607	-0.03175	0.03911	90.00072	0.38441	-0.00001	1.00000	-0.00055	-1.00000	-0.00001	0.00068	0.00068	0.00055	1.00000	
1029.30945	-612.81598	379.26578	-0.02218	0.04164	90.00362	0.36094	-0.00006	1.00000	-0.00039	-1.00000	-0.00006	0.00073	0.00073	0.00039	1.00000	
1029.52555	-612.62737	378.97258	-0.01463	0.04170	90.00890	0.36751	-0.00016	1.00000	-0.00026	-1.00000	-0.00016	0.00073	0.00073	0.00026	1.00000	
1029.71464	-612.55187	378.90978	-0.01177	0.03631	90.01224	0.37864	-0.00021	1.00000	-0.00021	-1.00000	-0.00021	0.00063	0.00063	0.00021	1.00000	
1028.83949	-612.85119	379.04673	-0.01820	0.04465	89.99222	0.38197	0.00014	1.00000	-0.00032	-1.00000	0.00014	0.00078	0.00078	0.00032	1.00000	
1029.07866	-612.78418	379.19676	-0.02273	0.04592	89.99884	0.39292	0.00002	1.00000	-0.00040	-1.00000	0.00002	0.00080	0.00080	0.00040	1.00000	
1028.06549	-613.29244	379.88748	-0.03665	0.03620	89.97178	0.38755	0.00049	1.00000	-0.00064	-1.00000	0.00049	0.00063	0.00063	0.00064	1.00000	
1028.97867	-612.84746	379.45855	-0.02228	0.02543	89.99242	0.39076	0.00013	1.00000	-0.00039	-1.00000	0.00013	0.00044	0.00044	0.00039	1.00000	
1027.82432	-613.38330	380.10568	-0.04246	0.03530	89.96608	0.40847	0.00059	1.00000	-0.00074	-1.00000	0.00059	0.00062	0.00062	0.00074	1.00000	
1027.18826	-613.55973	380.08970	-0.04334	0.03850	89.95068	0.42115	0.00086	1.00000	-0.00076	-1.00000	0.00086	0.00067	0.00067	0.00076	1.00000	
1027.28749	-613.43150	379.77920	-0.03674	0.04612	89.95516	0.45821	0.00078	1.00000	-0.00064	-1.00000	0.00078	0.00080	0.00080	0.00064	1.00000	
1027.37588	-613.46127	379.93421	-0.03858	0.03977	89.95666	0.41761	0.00076	1.00000	-0.00067	-1.00000	0.00076	0.00069	0.00069	0.00067	1.00000	
1026.73445	-613.59288	379.80798	-0.03920	0.05147	89.94262	0.43034	0.00100	1.00000	-0.00069	-1.00000	0.00100	0.00090	0.00090	0.00068	1.00000	
1027.01756	-613.52463	379.72129	-0.03707	0.05228	89.94930	0.45471	0.00088	1.00000	-0.00065	-1.00000	0.00089	0.00091	0.00091	0.00065	1.00000	
1026.58940	-613.71514	379.83249	-0.03856	0.04538	89.93699	0.47781	0.00110	1.00000	-0.00067	-1.00000	0.00110	0.00079	0.00079	0.00067	1.00000	
1026.56317	-613.75888	380.00433	-0.03626	0.02657	89.93113	0.43492	0.00120	1.00000	-0.00063	-1.00000	0.00120	0.00046	0.00046	0.00063	1.00000	
1026.24446	-613.97154	380.27005	-0.04388	0.02779	89.92168	0.49307	0.00137	1.00000	-0.00077	-1.00000	0.00137	0.00048	0.00049	0.00077	1.00000	
1026.86982	-613.60070	379.53084	-0.02842	0.03867	89.93884	0.47191	0.00107	1.00000	-0.00050	-1.00000	0.00107	0.00067	0.00067	0.00050	1.00000	
1027.18632	-613.52325	379.78345	-0.03144	0.02701	89.94500	0.47948	0.00096	1.00000	-0.00055	-1.00000	0.00096	0.00047	0.00047	0.00055	1.00000	
1026.25718	-613.88247	379.92055	-0.03808	0.03641	89.92285	0.50870	0.00135	1.00000	-0.00067	-1.00000	0.00135	0.00063	0.00064	0.00066	1.00000	
1026.50663	-613.86749	380.32794	-0.04564	0.03026	89.92774	0.47790	0.00126	1.00000	-0.00080	-1.00000	0.00126	0.00053	0.00053	0.00080	1.00000	
1027.77057	-613.37506	380.16128	-0.03957	0.02152	89.95738	0.44146	0.00074	1.00000	-0.00069	-1.00000	0.00074	0.00038	0.00038	0.00069	1.00000	
1026.87458	-613.60841	380.14609	-0.04232	0.03727	89.93839	0.43642	0.00108	1.00000	-0.00074	-1.00000	0.00108	0.00065	0.00065	0.00074	1.00000	
1028.30705	-613.00497	379.95018	-0.03603	0.03536	89.97600	0.42889	0.00042	1.00000	-0.00063	-1.00000	0.00042	0.00062	0.00062	0.00063	1.00000	
1027.94774	-613.06992	380.05869	-0.04181	0.04484	89.97015	0.42664	0.00052	1.00000	-0.00073	-1.00000	0.00052	0.00078	0.00078	0.00073	1.00000	
1027.78530	-613.08839	380.01856	-0.04272	0.05366	89.96922	0.39087	0.00054	1.00000	-0.00075	-1.00000	0.00054	0.00094	0.00094	0.00075	1.00000	
1027.91063	-613.13168	380.48740	-0.04991	0.04010	89.97040	0.38418	0.00052	1.00000	-0.00087	-1.00000	0.00052	0.00070	0.00070	0.00087	1.00000	
1027.84226	-613.08752	380.25868	-0.04294	0.03847	89.96819	0.39466	0.00056	1.00000	-0.00075	-1.00000	0.00056	0.00067	0.00067	0.00075	1.00000	
1027.80367	-613.08210	380.14135	-0.04210	0.04594	89.96995	0.39151	0.00052	1.00000	-0.00074	-1.00000	0.00053	0.00080	0.00080	0.00073	1.00000	
1028.60715	-612.77008	380.12053	-0.03516	0.02793	89.98730	0.43162	0.00022	1.00000	-0.00061	-1.00000	0.00022	0.00049	0.00049	0.00061	1.00000	
1027.89257	-613.06536	380.32715	-0.03937	0.02846	89.97001	0.44809	0.00052	1.00000	-0.00069	-1.00000	0.00052	0.00050	0.00050	0.00069	1.00000	
1027.67045	-613.17266	380.56310	-0.04843	0.03579	89.96779	0.41246	0.00056	1.00000	-0.00085	-1.00000	0.00056	0.00062	0.00062	0.00085	1.00000	
1027.86327	-613.09024	380.48195	-0.04515	0.03323	89.97238	0.38293	0.00048	1.00000	-0.00079	-1.00000	0.00048	0.00058	0.00058	0.00079	1.00000	
1026.90905	-613.32466	380.25852	-0.04769	0.05641	89.95422	0.39498	0.00080	1.00000	-0.00083	-1.00000	0.00080	0.00098	0.00098	0.00083	1.00000	
1027.14551	-613.25444	380.33939	-0.04433	0.03975	89.95683	0.38710	0.00075	1.00000	-0.00077	-1.00000	0.00075	0.00069	0.00069	0.00077	1.00000	
1026.38476	-613.48304	380.49268	-0.05437	0.05920	89.94277	0.36832	0.00100	1.00000	-0.00095	-1.00000	0.00100	0.00103	0.00103	0.00095	1.00000	
1026.71264	-613.32494	380.43082	-0.05409	0.06067	89.95113	0.35215	0.00085	1.00000	-0.00095	-1.00000	0.00085	0.00106	0.00106	0.00094	1.00000	
1027.53860	-612.96865	380.14282	-0.04849	0.06464	89.97275	0.36689	0.00048	1.00000	-0.00085	-1.00000	0.00048	0.00113	0.00113	0.00085	1.00000	
1025.75539	-613.79265	381.00377	-0.06667	0.05166	89.92544	0.33146	0.00130	1.00000	-0.00116	-1.00000	0.00130	0.00090	0.00090	0.00116	1.00000	
1026.54106	-613.41699	380.68722	-0.05929	0.05361	89.94604	0.31088	0.00094	1.00000	-0.00104	-1.00000	0.00094	0.00093	0.00094	0.00103	1.00000	
1026.69679	-613.45226	381.11194	-0.06889	0.04797	89.94868	0.33296	0.00090	1.00000	-0.00120	-1.00000	0.00090	0.00084	0.00084	0.00120	1.00000	
1026.04753	-613.61603	380.92445	-0.06050	0.03422	89.92623	0.36369	0.00129	1.00000	-0.00106	-1.00000	0.00129	0.00060	0.00060	0.00106	1.00000	
1025.99794	-613.61294	380.97962	-0.06356	0.03624	89.92657	0.34988	0.00128	1.00000	-0.00111	-1.00000	0.00128	0.00063	0.00063	0.00111	1.00000	
1025.71146	-613.79743	381.29409	-0.06897	0.02811	89.91581	0.36740	0.00147	1.00000	-0.00120	-1.00000	0.00147	0.00049	0.00049	0.00120	1.00000	
1025.97748	-613.60123	381.00283	-0.06242	0.03012	89.92308	0.37778	0.00134	1.00000	-0.00109	-1.00000	0.00134	0.00052	0.00053	0.00109	1.00000	
1025.82637	-613.49159	380.58944	-0.05502	0.03680	89.92118	0.35683	0.00138	1.00000	-0.00096	-1.00000	0.00138	0.00064	0.00064	0.00096	1.00000	
1025.25605	-613.72416	380.60298	-0.06228	0.05908	89.91143	0.36436	0.00155	1.00000	-0.00109	-1.00000	0.00155	0.00103	0.00103	0.00109	1.00000	
1026.30912	-613.24036	379.91468	-0.04266	0.05147	89.93506	0.38256	0.00113	1.00000	-0.00075	-1.00000	0.00113	0.00090	0.00090	0.00074	1.00000	
1026.31358	-613.16586	379.55966	-0.03559	0.06026	89.93733	0.40519	0.00109	1.00000	-0.00062	-1.00000	0.00109	0.00105	0.00105	0.00062	1.00000	
1027.14803	-612.86989	379.47941	-0.03164	0.05164	89.95599	0.38649	0.00077	1.00000	-0.00055	-1.00000	0.00077	0.00090	0.00090	0.00055	1.00000	
1027.45193	-612.86317	379.86697	-0.03715	0.04041	89.96078	0.35774	0.00068	1.00000	-0.00065	-1.00000	0.00068	0.00070	0.00071	0.00065	1.00000	
1027.41055	-612.82164	379.47842	-0.03496	0.06535	89.96558	0.39501	0.00060	1.00000	-0.00061	-1.00000	0.00060	0.00114	0.00114	0.00061	1.00000	
1027.25844	-612.98245	379.97840	-0.04353	0.05149	89.96008	0.35710	0.00070	1.00000	-0.00076	-1.00000	0.00070	0.00090	0.00090	0.00076	1.00000	
1027.23551	-613.05531	380.12936	-0.04792	0.05283	89.95943	0.40715	0.00071	1.00000	-0.00084	-1.00000	0.00071	0.00092	0.00092	0.00084	1.00000	
1027.23289	-612.93385	379.71561	-0.03934	0.06116	89.95964	0.37618	0.00070	1.00000	-0.00069	-1.00000	0.00071	0.00107	0.00107	0.00069	1.00000	
1027.60328	-612.81850	379.61359	-0.03406	0.05144	89.96632	0.40408	0.00059	1.00000	-0.00060	-1.00000	0.00059	0.00090	0.00090	0.00059	1.00000	
1027.22556	-612.99618	379.89370	-0.03917	0.04891	89.95560	0.42290	0.00077	1.00000	-0.00068	-1.00000	0.00078	0.00085	0.00085	0.00068	1.00000	
1026.59128	-613.11674	379.74774	-0.03734	0.05635	89.94236	0.41774	0.00101	1.00000	-0.00065	-1.00000	0.00101	0.00098	0.00098	0.00065	1.00000	
1025.90068	-613.44264	380.19588	-0.04926	0.05832	89.92595	0.40711	0.00129	1.00000	-0.00086	-1.00000	0.00129	0.00102	0.00102	0.00086	1.00000	
1026.87347	-612.95630	379.82578	-0.04019	0.05865	89.95237	0.36925	0.00083	1.00000	-0.00070	-1.00000	0.00083	0.00102	0.00102	0.00070	1.00000	
1027.43339	-612.92421	380.49865	-0.05155	0.04266	89.96165	0.37481	0.00067	1.00000	-0.00090	-1.00000	0.00067	0.00074	0.00074	0.00090	1.00000	
1027.44623	-612.84409	380.23364	-0.04707	0.04721	89.96410	0.36100	0.00063	1.00000	-0.00082	-1.00000	0.00063	0.00082	0.00082	0.00082	1.00000	
1027.22383	-612.94966	380.58204	-0.05288	0.03840	89.95815	0.36847	0.00073	1.00000	-0.00092	-1.00000	0.00073	0.00067	0.00067	0.00092	1.00000	
1026.55878	-613.29238	380.93476	-0.06365	0.04426	89.94261	0.37890	0.00100	1.00000	-0.00111	-1.00000	0.00100	0.00077	0.00077	0.00111	1.00000	
1026.49473	-613.34642	380.90279	-0.06341	0.04651	89.94042	0.38330	0.00104	1.00000	-0.00111	-1.00000	0.00104	0.00081	0.00081	0.00111	1.00000	
1026.62214	-613.13308	380.29582	-0.04966	0.05062	89.94395	0.38662	0.00098	1.00000	-0.00087	-1.00000	0.00098	0.00088	0.00088	0.00087	1.00000	
1027.23547	-612.75859	379.69405	-0.04110	0.06951	89.96366	0.37727	0.00063	1.00000	-0.00072	-1.00000	0.00064	0.00121	0.00121	0.00072	1.00000	
1026.59109	-612.99004	379.50918	-0.03348	0.05932	89.94424	0.43413	0.00097	1.00000	-0.00059	-1.00000	0.00097	0.00103	0.00104	0.00058	1.00000	
1027.58945	-612.57161	379.04295	-0.01938	0.05287	89.96656	0.39448	0.00058	1.00000	-0.00034	-1.00000	0.00058	0.00092	0.00092	0.00034	1.00000	
1027.21687	-612.78731	379.49307	-0.03033	0.05047	89.95659	0.37340	0.00076	1.00000	-0.00053	-1.00000	0.00076	0.00088	0.00088	0.00053	1.00000	
1027.63083	-612.60881	379.45434	-0.02728	0.04557	89.96619	0.36546	0.00059	1.00000	-0.00048	-1.00000	0.00059	0.00080	0.00080	0.00048	1.00000	
1027.66751	-612.51375	379.23240	-0.02395	0.04987	89.96815	0.38842	0.00056	1.00000	-0.00042	-1.00000	0.00056	0.00087	0.00087	0.00042	1.00000	
1027.94141	-612.43824	379.36739	-0.02452	0.04449	89.97333	0.38179	0.00047	1.00000	-0.00043	-1.00000	0.00047	0.00078	0.00078	0.00043	1.00000	
1027.80916	-612.43070	379.04530	-0.01703	0.04963	89.97018	0.42735	0.00052	1.00000	-0.00030	-1.00000	0.00052	0.00087	0.00087	0.00030	1.00000	
1028.06652	-612.35773	379.06076	-0.02174	0.06213	89.98039	0.43901	0.00034	1.00000	-0.00038	-1.00000	0.00034	0.00108	0.00108	0.00038	1.00000	
1028.50598	-612.27806	379.08447	-0.01864	0.05236	89.98741	0.39608	0.00022	1.00000	-0.00033	-1.00000	0.00022	0.00091	0.00091	0.00033	1.00000	
1028.85990	-612.24868	379.45234	-0.02474	0.04483	89.99452	0.37688	0.00010	1.00000	-0.00043	-1.00000	0.00010	0.00078	0.00078	0.00043	1.00000	
1029.26467	-612.18363	379.64382	-0.02660	0.03562	90.00176	0.37380	-0.00003	1.00000	-0.00046	-1.00000	-0.00003	0.00062	0.00062	0.00046	1.00000	
1028.67909	-612.45991	379.89832	-0.03338	0.03895	89.98719	0.36910	0.00022	1.00000	-0.00058	-1.00000	0.00022	0.00068	0.00068	0.00058	1.00000	
1028.41811	-612.55131	379.96701	-0.04029	0.05370	89.98361	0.39206	0.00029	1.00000	-0.00070	-1.00000	0.00029	0.00094	0.00094	0.00070	1.00000	
1028.43022	-612.48638	379.64933	-0.03054	0.04824	89.98183	0.41242	0.00032	1.00000	-0.00053	-1.00000	0.00032	0.00084	0.00084	0.00053	1.00000	
1029.28778	-612.18075	379.56986	-0.03137	0.05547	90.00546	0.39307	-0.00010	1.00000	-0.00055	-1.00000	-0.00009	0.00097	0.00097	0.00055	1.00000	
1028.65286	-612.34308	379.26493	-0.02879	0.06816	89.99189	0.35197	0.00014	1.00000	-0.00050	-1.00000	0.00014	0.00119	0.00119	0.00050	1.00000	
1029.33388	-612.11691	379.24553	-0.02264	0.05506	90.00517	0.36694	-0.00009	1.00000	-0.00039	-1.00000	-0.00009	0.00096	0.00096	0.00040	1.00000	
1028.86169	-612.21440	378.94173	-0.01929	0.07168	89.99741	0.37766	0.00005	1.00000	-0.00034	-1.00000	0.00005	0.00125	0.00125	0.00034	1.00000	
1028.90081	-612.16444	378.66659	-0.01761	0.08845	90.00307	0.36714	-0.00005	1.00000	-0.00031	-1.00000	-0.00005	0.00154	0.00154	0.00031	1.00000	
1028.85019	-612.29527	379.35608	-0.02395	0.05577	89.99496	0.34670	0.00009	1.00000	-0.00042	-1.00000	0.00009	0.00097	0.00097	0.00042	1.00000	
1028.59867	-612.36126	379.35621	-0.02303	0.04982	89.98881	0.33686	0.00020	1.00000	-0.00040	-1.00000	0.00020	0.00087	0.00087	0.00040	1.00000	
1028.57679	-612.30656	379.31676	-0.02216	0.04857	89.98833	0.30999	0.00020	1.00000	-0.00039	-1.00000	0.00020	0.00085	0.00085	0.00039	1.00000	
1028.57136	-612.28628	379.34858	-0.02165	0.04024	89.98701	0.30957	0.00023	1.00000	-0.00038	-1.00000	0.00023	0.00070	0.00070	0.00038	1.00000	
1028.05590	-612.45515	379.62761	-0.02912	0.03997	89.97308	0.34769	0.00047	1.00000	-0.00051	-1.00000	0.00047	0.00070	0.00070	0.00051	1.00000	
1027.33475	-612.77182	379.97895	-0.03611	0.03543	89.95458	0.32354	0.00079	1.00000	-0.00063	-1.00000	0.00079	0.00062	0.00062	0.00063	1.00000	
1027.33791	-612.74405	380.30800	-0.04321	0.03274	89.95515	0.36093	0.00078	1.00000	-0.00075	-1.00000	0.00078	0.00057	0.00057	0.00075	1.00000	
1027.64560	-612.48075	379.93935	-0.03657	0.04369	89.96643	0.33314	0.00059	1.00000	-0.00064	-1.00000	0.00059	0.00076	0.00076	0.00064	1.00000	
1027.22919	-612.53438	379.88431	-0.03325	0.03845	89.95759	0.33592	0.00074	1.00000	-0.00058	-1.00000	0.00074	0.00067	0.00067	0.00058	1.00000	
1027.65322	-612.43352	380.06596	-0.03726	0.03854	89.96841	0.34553	0.00055	1.00000	-0.00065	-1.00000	0.00055	0.00067	0.00067	0.00065	1.00000	
1026.99576	-612.68496	380.39920	-0.04178	0.02934	89.95030	0.33361	0.00087	1.00000	-0.00073	-1.00000	0.00087	0.00051	0.00051	0.00073	1.00000	
1027.06427	-612.68212	380.36879	-0.04388	0.03934	89.95630	0.36085	0.00076	1.00000	-0.00077	-1.00000	0.00076	0.00069	0.00069	0.00077	1.00000	
1026.67796	-612.73241	380.27488	-0.04187	0.04096	89.94758	0.38710	0.00092	1.00000	-0.00073	-1.00000	0.00092	0.00071	0.00071	0.00073	1.00000	
1027.06952	-612.59503	380.35764	-0.04236	0.03778	89.95726	0.38105	0.00075	1.00000	-0.00074	-1.00000	0.00075	0.00066	0.00066	0.00074	1.00000	
1026.16808	-612.84731	380.27049	-0.04575	0.05309	89.93845	0.38843	0.00107	1.00000	-0.00080	-1.00000	0.00108	0.00093	0.00093	0.00080	1.00000	
1027.02478	-612.54132	380.35742	-0.04449	0.04442	89.95943	0.41425	0.00071	1.00000	-0.00078	-1.00000	0.00071	0.00077	0.00078	0.00078	1.00000	
1027.07103	-612.42192	379.95107	-0.03746	0.05444	89.96335	0.42675	0.00064	1.00000	-0.00065	-1.00000	0.00064	0.00095	0.00095	0.00065	1.00000	
1026.21977	-612.83818	380.39333	-0.04620	0.04443	89.93943	0.36070	0.00106	1.00000	-0.00081	-1.00000	0.00106	0.00077	0.00078	0.00081	1.00000	
1026.74938	-612.59834	380.24539	-0.03937	0.03820	89.95223	0.40233	0.00083	1.00000	-0.00069	-1.00000	0.00083	0.00067	0.00067	0.00069	1.00000	
1026.23386	-612.75643	380.35910	-0.04209	0.03723	89.93989	0.42438	0.00105	1.00000	-0.00074	-1.00000	0.00105	0.00065	0.00065	0.00073	1.00000	
1026.81916	-612.61551	380.56924	-0.04421	0.02505	89.95115	0.41322	0.00085	1.00000	-0.00077	-1.00000	0.00085	0.00044	0.00044	0.00077	1.00000	
1026.91897	-612.65596	380.67705	-0.04671	0.01952	89.95203	0.42127	0.00084	1.00000	-0.00082	-1.00000	0.00084	0.00034	0.00034	0.00082	1.00000	
1027.13179	-612.60163	380.68534	-0.04774	0.02112	89.95844	0.40286	0.00073	1.00000	-0.00083	-1.00000	0.00073	0.00037	0.00037	0.00083	1.00000	
1026.79757	-612.72703	380.82046	-0.04583	0.00317	89.94543	0.40886	0.00095	1.00000	-0.00080	-1.00000	0.00095	0.00005	0.00006	0.00080	1.00000	
1027.68056	-612.34280	380.47924	-0.03880	0.00451	89.96925	0.38815	0.00054	1.00000	-0.00068	-1.00000	0.00054	0.00008	0.00008	0.00068	1.00000	
1026.69192	-612.72935	380.67363	-0.04951	0.02109	89.94695	0.41735	0.00093	1.00000	-0.00086	-1.00000	0.00093	0.00037	0.00037	0.00086	1.00000	
1027.58234	-612.27341	380.13449	-0.03488	0.01710	89.96912	0.43418	0.00054	1.00000	-0.00061	-1.00000	0.00054	0.00030	0.00030	0.00061	1.00000	
1027.51955	-612.40650	380.36955	-0.03710	0.00181	89.96204	0.42256	0.00066	1.00000	-0.00065	-1.00000	0.00066	0.00003	0.00003	0.00065	1.00000	
1027.22044	-612.61457	380.63427	-0.04429	0.00447	89.95403	0.42086	0.00080	1.00000	-0.00077	-1.00000	0.00080	0.00008	0.00008	0.00077	1.00000	
1027.29062	-612.54947	380.32205	-0.04009	0.01365	89.95818	0.38620	0.00073	1.00000	-0.00070	-1.00000	0.00073	0.00024	0.00024	0.00070	1.00000	
1025.96015	-613.06454	380.72862	-0.04902	0.01202	89.92264	0.42071	0.00135	1.00000	-0.00086	-1.00000	0.00135	0.00021	0.00021	0.00086	1.00000	
1026.70324	-612.79421	380.65138	-0.05104	0.02189	89.94367	0.38197	0.00098	1.00000	-0.00089	-1.00000	0.00098	0.00038	0.00038	0.00089	1.00000	
1026.40653	-612.86368	380.46553	-0.05005	0.03410	89.93878	0.40542	0.00107	1.00000	-0.00087	-1.00000	0.00107	0.00059	0.00060	0.00087	1.00000	
1027.09197	-612.56742	380.02327	-0.04389	0.05026	89.95971	0.37209	0.00070	1.00000	-0.00077	-1.00000	0.00070	0.00088	0.00088	0.00077	1.00000	
1026.68707	-612.81551	380.56347	-0.05328	0.04064	89.94611	0.39542	0.00094	1.00000	-0.00093	-1.00000	0.00094	0.00071	0.00071	0.00093	1.00000	
1027.38984	-612.65652	380.94393	-0.05727	0.02499	89.95901	0.39491	0.00072	1.00000	-0.00100	-1.00000	0.00072	0.00044	0.00044	0.00100	1.00000	
1027.33256	-612.69445	381.14779	-0.05966	0.01415	89.95586	0.41364	0.00077	1.00000	-0.00104	-1.00000	0.00077	0.00025	0.00025	0.00104	1.00000	
1026.36975	-613.03344	381.28761	-0.06436	0.01586	89.93220	0.48539	0.00118	1.00000	-0.00112	-1.00000	0.00118	0.00028	0.00028	0.00112	1.00000	
1026.45538	-612.89064	380.99757	-0.05946	0.02222	89.93719	0.44047	0.00110	1.00000	-0.00104	-1.00000	0.00110	0.00039	0.00039	0.00104	1.00000	
1025.92154	-613.00364	380.44469	-0.05338	0.04052	89.92802	0.46153	0.00126	1.00000	-0.00093	-1.00000	0.00126	0.00071	0.00071	0.00093	1.00000	
1025.88183	-613.10827	380.48956	-0.05612	0.04481	89.92702	0.43917	0.00127	1.00000	-0.00098	-1.00000	0.00127	0.00078	0.00078	0.00098	1.00000	
1026.31323	-613.05707	380.81086	-0.06364	0.03902	89.93630	0.46835	0.00111	1.00000	-0.00111	-1.00000	0.00111	0.00068	0.00068	0.00111	1.00000	
1026.78504	-612.89021	380.55045	-0.05478	0.03429	89.94703	0.43839	0.00092	1.00000	-0.00096	-1.00000	0.00093	0.00060	0.00060	0.00096	1.00000	
1026.80828	-612.73486	380.14772	-0.04538	0.03775	89.94822	0.41060	0.00090	1.00000	-0.00079	-1.00000	0.00090	0.00066	0.00066	0.00079	1.00000	
1027.47922	-612.63928	380.47400	-0.04967	0.02613	89.96124	0.41825	0.00068	1.00000	-0.00087	-1.00000	0.00068	0.00046	0.00046	0.00087	1.00000	
1026.66144	-612.88664	380.22509	-0.05063	0.05087	89.94608	0.41541	0.00094	1.00000	-0.00088	-1.00000	0.00094	0.00089	0.00089	0.00088	1.00000	
1027.02864	-612.61319	379.94936	-0.03953	0.04631	89.95496	0.41101	0.00079	1.00000	-0.00069	-1.00000	0.00079	0.00081	0.00081	0.00069	1.00000	
1027.39360	-612.53904	380.06863	-0.03957	0.03881	89.96175	0.40641	0.00067	1.00000	-0.00069	-1.00000	0.00067	0.00068	0.00068	0.00069	1.00000	
1027.40857	-612.48679	380.01310	-0.04070	0.04962	89.96552	0.36236	0.00060	1.00000	-0.00071	-1.00000	0.00060	0.00087	0.00087	0.00071	1.00000	
1027.40470	-612.47061	380.19023	-0.03971	0.03617	89.96255	0.43044	0.00065	1.00000	-0.00069	-1.00000	0.00065	0.00063	0.00063	0.00069	1.00000	
1026.43171	-612.90376	380.57218	-0.04631	0.02625	89.93552	0.41155	0.00113	1.00000	-0.00081	-1.00000	0.00113	0.00046	0.00046	0.00081	1.00000	
1026.70515	-612.77733	380.76777	-0.05377	0.03902	89.94740	0.48045	0.00092	1.00000	-0.00094	-1.00000	0.00092	0.00068	0.00068	0.00094	1.00000	
1026.04852	-613.05140	381.10325	-0.06095	0.03219	89.93008	0.43087	0.00122	1.00000	-0.00106	-1.00000	0.00122	0.00056	0.00056	0.00106	1.00000	
1026.36546	-612.86279	381.18933	-0.06011	0.02495	89.93792	0.42089	0.00108	1.00000	-0.00105	-1.00000	0.00108	0.00043	0.00044	0.00105	1.00000	
1026.10121	-612.94180	381.10796	-0.05612	0.02100	89.93108	0.42460	0.00120	1.00000	-0.00098	-1.00000	0.00120	0.00037	0.00037	0.00098	1.00000	
1026.40165	-612.77848	381.04254	-0.05399	0.01415	89.93860	0.42950	0.00107	1.00000	-0.00094	-1.00000	0.00107	0.00025	0.00025	0.00094	1.00000	
1026.15415	-612.84524	380.99384	-0.05207	0.01707	89.93214	0.41180	0.00118	1.00000	-0.00091	-1.00000	0.00118	0.00030	0.00030	0.00091	1.00000	
1026.10192	-612.67083	380.33701	-0.03800	0.02427	89.93317	0.41897	0.00117	1.00000	-0.00066	-1.00000	0.00117	0.00042	0.00042	0.00066	1.00000	
1026.37443	-612.66814	380.72750	-0.04560	0.01767	89.93619	0.42172	0.00111	1.00000	-0.00080	-1.00000	0.00111	0.00031	0.00031	0.00080	1.00000	
1026.59638	-612.52417	380.46541	-0.03819	0.01283	89.94006	0.40806	0.00105	1.00000	-0.00067	-1.00000	0.00105	0.00022	0.00022	0.00067	1.00000	
1025.80688	-612.83870	380.66006	-0.04915	0.02814	89.92512	0.41730	0.00131	1.00000	-0.00086	-1.00000	0.00131	0.00049	0.00049	0.00086	1.00000	
1026.52887	-612.46440	380.22741	-0.03703	0.02701	89.94097	0.43823	0.00103	1.00000	-0.00065	-1.00000	0.00103	0.00047	0.00047	0.00065	1.00000	
1026.24173	-612.72529	380.97363	-0.05616	0.02787	89.93576	0.41212	0.00112	1.00000	-0.00098	-1.00000	0.00112	0.00049	0.00049	0.00098	1.00000	
1026.07488	-612.62186	380.46507	-0.04502	0.03268	89.93298	0.40998	0.00117	1.00000	-0.00079	-1.00000	0.00117	0.00057	0.00057	0.00079	1.00000	
1026.67893	-612.45257	380.75149	-0.04845	0.02077	89.94633	0.40858	0.00094	1.00000	-0.00085	-1.00000	0.00094	0.00036	0.00036	0.00085	1.00000	
1026.80213	-612.23298	380.16268	-0.03747	0.03292	89.95306	0.41227	0.00082	1.00000	-0.00065	-1.00000	0.00082	0.00057	0.00057	0.00065	1.00000	
1026.65410	-612.24162	380.00628	-0.03272	0.03372	89.95004	0.44038	0.00087	1.00000	-0.00057	-1.00000	0.00087	0.00059	0.00059	0.00057	1.00000	
1026.95988	-611.99704	379.58925	-0.02438	0.04361	89.96091	0.40656	0.00068	1.00000	-0.00043	-1.00000	0.00068	0.00076	0.00076	0.00043	1.00000	
1026.45401	-612.34375	380.22411	-0.03536	0.02690	89.94405	0.44094	0.00098	1.00000	-0.00062	-1.00000	0.00098	0.00047	0.00047	0.00062	1.00000	
1026.14675	-612.49873	380.55331	-0.04416	0.02842	89.93664	0.45069	0.00111	1.00000	-0.00077	-1.00000	0.00111	0.00050	0.00050	0.00077	1.00000	
1026.39113	-612.39186	380.36567	-0.03897	0.02934	89.94302	0.43174	0.00099	1.00000	-0.00068	-1.00000	0.00099	0.00051	0.00051	0.00068	1.00000	
1026.31824	-612.41579	380.46656	-0.04324	0.03444	89.94120	0.44757	0.00103	1.00000	-0.00076	-1.00000	0.00103	0.00060	0.00060	0.00075	1.00000	
1026.69501	-612.47698	381.07187	-0.05669	0.02357	89.94688	0.41152	0.00093	1.00000	-0.00099	-1.00000	0.00093	0.00041	0.00041	0.00099	1.00000	
1026.50839	-612.49401	380.80180	-0.05268	0.03189	89.94387	0.41049	0.00098	1.00000	-0.00092	-1.00000	0.00098	0.00056	0.00056	0.00092	1.00000	
1026.55260	-612.55162	381.09351	-0.06407	0.04215	89.94722	0.41646	0.00092	1.00000	-0.00112	-1.00000	0.00092	0.00073	0.00074	0.00112	1.00000	
1026.16273	-612.61340	380.86826	-0.05705	0.03821	89.93581	0.44024	0.00112	1.00000	-0.00100	-1.00000	0.00112	0.00067	0.00067	0.00100	1.00000	
1025.86522	-612.84297	381.21546	-0.06582	0.03568	89.92747	0.42359	0.00127	1.00000	-0.00115	-1.00000	0.00127	0.00062	0.00062	0.00115	1.00000	
1026.02137	-612.76440	381.24412	-0.06621	0.03553	89.93152	0.43081	0.00120	1.00000	-0.00116	-1.00000	0.00120	0.00062	0.00062	0.00116	1.00000	
1026.13010	-612.64125	380.90758	-0.05922	0.04000	89.93545	0.43617	0.00113	1.00000	-0.00103	-1.00000	0.00113	0.00070	0.00070	0.00103	1.00000	
1025.97234	-612.68209	380.83480	-0.05695	0.03876	89.93146	0.41139	0.00120	1.00000	-0.00099	-1.00000	0.00120	0.00068	0.00068	0.00099	1.00000	
1025.37216	-612.98902	380.98741	-0.06578	0.05209	89.91942	0.39623	0.00141	1.00000	-0.00115	-1.00000	0.00141	0.00091	0.00091	0.00115	1.00000	
1025.29910	-613.07829	381.18087	-0.06670	0.04176	89.91427	0.40397	0.00150	1.00000	-0.00117	-1.00000	0.00150	0.00073	0.00073	0.00116	1.00000	
1024.96741	-613.32389	381.76862	-0.07530	0.02330	89.90021	0.40431	0.00174	1.00000	-0.00132	-1.00000	0.00174	0.00040	0.00041	0.00131	1.00000	
1025.03805	-613.16388	381.18948	-0.06609	0.04292	89.90516	0.43757	0.00166	1.00000	-0.00115	-1.00000	0.00166	0.00075	0.00075	0.00115	1.00000	
1025.57566	-612.95599	381.14466	-0.06421	0.03886	89.91826	0.43650	0.00143	1.00000	-0.00112	-1.00000	0.00143	0.00068	0.00068	0.00112	1.00000	
1025.86781	-612.80110	380.88052	-0.05865	0.04478	89.92498	0.42914	0.00131	1.00000	-0.00102	-1.00000	0.00131	0.00078	0.00078	0.00102	1.00000	
1025.86921	-612.71500	380.55285	-0.05032	0.05071	89.92599	0.42890	0.00129	1.00000	-0.00088	-1.00000	0.00129	0.00088	0.00089	0.00088	1.00000	
1026.89918	-612.29314	380.20732	-0.03679	0.03950	89.94875	0.41475	0.00089	1.00000	-0.00064	-1.00000	0.00090	0.00069	0.00069	0.00064	1.00000	
1027.65899	-612.05375	380.25243	-0.03386	0.03171	89.96699	0.41478	0.00058	1.00000	-0.00059	-1.00000	0.00058	0.00055	0.00055	0.00059	1.00000	
1027.21204	-612.27544	380.23170	-0.03921	0.04843	89.95875	0.46384	0.00072	1.00000	-0.00068	-1.00000	0.00072	0.00084	0.00085	0.00068	1.00000	
1026.35828	-612.68004	380.83716	-0.04826	0.03366	89.93363	0.46484	0.00116	1.00000	-0.00084	-1.00000	0.00116	0.00059	0.00059	0.00084	1.00000	
1026.59139	-612.63300	381.03675	-0.05265	0.03136	89.93951	0.44421	0.00106	1.00000	-0.00092	-1.00000	0.00106	0.00055	0.00055	0.00092	1.00000	
1026.62601	-612.61167	381.24654	-0.05962	0.03749	89.94230	0.44501	0.00101	1.00000	-0.00104	-1.00000	0.00101	0.00065	0.00065	0.00104	1.00000	
1026.79868	-612.52673	381.26889	-0.05563	0.02172	89.94543	0.44502	0.00095	1.00000	-0.00097	-1.00000	0.00095	0.00038	0.00038	0.00097	1.00000	
1026.90878	-612.49628	381.30038	-0.05827	0.02492	89.94856	0.45819	0.00090	1.00000	-0.00102	-1.00000	0.00090	0.00043	0.00044	0.00102	1.00000	
1026.87110	-612.58339	381.47212	-0.06395	0.02468	89.94988	0.41444	0.00087	1.00000	-0.00112	-1.00000	0.00088	0.00043	0.00043	0.00112	1.00000	
1027.07141	-612.46242	381.36056	-0.06198	0.02448	89.95646	0.43736	0.00076	1.00000	-0.00108	-1.00000	0.00076	0.00043	0.00043	0.00108	1.00000	
1026.82677	-612.46841	381.13902	-0.06465	0.04638	89.95616	0.38981	0.00077	1.00000	-0.00113	-1.00000	0.00077	0.00081	0.00081	0.00113	1.00000	
1026.87712	-612.46361	381.04705	-0.05787	0.03296	89.95568	0.42465	0.00077	1.00000	-0.00101	-1.00000	0.00077	0.00057	0.00058	0.00101	1.00000	
1027.15647	-612.22032	380.70946	-0.05125	0.03959	89.96488	0.38327	0.00061	1.00000	-0.00089	-1.00000	0.00061	0.00069	0.00069	0.00089	1.00000	
1027.51498	-612.07918	380.68258	-0.04752	0.03152	89.97139	0.41129	0.00050	1.00000	-0.00083	-1.00000	0.00050	0.00055	0.00055	0.00083	1.00000	
1027.46800	-612.19436	380.97186	-0.05421	0.02761	89.97002	0.35866	0.00052	1.00000	-0.00095	-1.00000	0.00052	0.00048	0.00048	0.00095	1.00000	
1027.22378	-612.29058	381.05459	-0.05258	0.01772	89.96111	0.40826	0.00068	1.00000	-0.00092	-1.00000	0.00068	0.00031	0.00031	0.00092	1.00000	
1026.22871	-612.63854	381.24915	-0.05766	0.01856	89.93759	0.39165	0.00109	1.00000	-0.00101	-1.00000	0.00109	0.00032	0.00032	0.00101	1.00000	
1027.10863	-612.31620	381.05209	-0.04977	0.01228	89.95827	0.37909	0.00073	1.00000	-0.00087	-1.00000	0.00073	0.00021	0.00021	0.00087	1.00000	
1026.73950	-612.41263	380.98655	-0.05083	0.01625	89.95032	0.37872	0.00087	1.00000	-0.00089	-1.00000	0.00087	0.00028	0.00028	0.00089	1.00000	
1027.31425	-612.19073	380.88356	-0.04515	0.01063	89.96233	0.34886	0.00066	1.00000	-0.00079	-1.00000	0.00066	0.00019	0.00019	0.00079	1.00000	
1025.87263	-612.73204	381.31505	-0.06035	0.02256	89.92931	0.38306	0.00123	1.00000	-0.00105	-1.00000	0.00123	0.00039	0.00039	0.00105	1.00000	
1026.53135	-612.42031	381.16736	-0.05150	0.00968	89.94376	0.39063	0.00098	1.00000	-0.00090	-1.00000	0.00098	0.00017	0.00017	0.00090	1.00000	
1026.37095	-612.47458	381.36437	-0.05871	0.01367	89.93942	0.38635	0.00106	1.00000	-0.00102	-1.00000	0.00106	0.00024	0.00024	0.00102	1.00000	
1026.67172	-612.17504	380.85345	-0.04823	0.02285	89.94977	0.39161	0.00088	1.00000	-0.00084	-1.00000	0.00088	0.00040	0.00040	0.00084	1.00000	
1026.94332	-611.98412	380.37767	-0.03903	0.03107	89.95829	0.40735	0.00073	1.00000	-0.00068	-1.00000	0.00073	0.00054	0.00054	0.00068	1.00000	
1027.59044	-611.71700	380.05067	-0.03238	0.03291	89.97476	0.36503	0.00044	1.00000	-0.00057	-1.00000	0.00044	0.00057	0.00057	0.00057	1.00000	
1027.24589	-611.83691	379.83553	-0.02759	0.03853	89.96619	0.39050	0.00059	1.00000	-0.00048	-1.00000	0.00059	0.00067	0.00067	0.00048	1.00000	
1026.31893	-612.29069	380.58522	-0.04525	0.03421	89.94219	0.39221	0.00101	1.00000	-0.00079	-1.00000	0.00101	0.00060	0.00060	0.00079	1.00000	
1026.46077	-612.39636	380.95144	-0.05282	0.02781	89.94351	0.44565	0.00099	1.00000	-0.00092	-1.00000	0.00099	0.00048	0.00049	0.00092	1.00000	
1026.27233	-612.42472	380.63332	-0.04658	0.03034	89.93961	0.41083	0.00105	1.00000	-0.00081	-1.00000	0.00105	0.00053	0.00053	0.00081	1.00000	
1026.36781	-612.34981	380.64770	-0.04591	0.02542	89.94138	0.40785	0.00102	1.00000	-0.00080	-1.00000	0.00102	0.00044	0.00044	0.00080	1.00000	
1026.44197	-612.34411	380.81112	-0.04652	0.01485	89.94099	0.43716	0.00103	1.00000	-0.00081	-1.00000	0.00103	0.00026	0.00026	0.00081	1.00000	
1026.08013	-612.48015	380.72731	-0.04991	0.02952	89.93546	0.44039	0.00113	1.00000	-0.00087	-1.00000	0.00113	0.00051	0.00052	0.00087	1.00000	
1025.79892	-612.62519	380.87561	-0.05689	0.03562	89.92990	0.42349	0.00122	1.00000	-0.00099	-1.00000	0.00122	0.00062	0.00062	0.00099	1.00000	
1026.08322	-612.56675	380.86615	-0.05168	0.02202	89.93244	0.45075	0.00118	1.00000	-0.00090	-1.00000	0.00118	0.00038	0.00038	0.00090	1.00000	
1026.09521	-612.46088	380.52645	-0.04523	0.02916	89.93568	0.43872	0.00112	1.00000	-0.00079	-1.00000	0.00112	0.00051	0.00051	0.00079	1.00000	
1026.44717	-612.40603	380.67716	-0.05150	0.03174	89.94563	0.42862	0.00095	1.00000	-0.00090	-1.00000	0.00095	0.00055	0.00055	0.00090	1.00000	
1026.81658	-612.22619	380.39324	-0.04154	0.02634	89.95171	0.44343	0.00084	1.00000	-0.00073	-1.00000	0.00084	0.00046	0.00046	0.00073	1.00000	
1026.36383	-612.46837	380.72145	-0.04979	0.02388	89.94105	0.39729	0.00103	1.00000	-0.00087	-1.00000	0.00103	0.00042	0.00042	0.00087	1.00000	
1026.27354	-612.58884	381.03442	-0.05626	0.01928	89.93794	0.38042	0.00108	1.00000	-0.00098	-1.00000	0.00108	0.00034	0.00034	0.00098	1.00000	
1025.53879	-612.80236	380.82233	-0.05785	0.04145	89.92316	0.40418	0.00134	1.00000	-0.00101	-1.00000	0.00134	0.00072	0.00072	0.00101	1.00000	
1025.88352	-612.61258	380.58509	-0.04884	0.03192	89.93033	0.39803	0.00122	1.00000	-0.00085	-1.00000	0.00122	0.00056	0.00056	0.00085	1.00000	
1026.60528	-612.44149	380.62683	-0.04780	0.02396	89.94432	0.37073	0.00097	1.00000	-0.00083	-1.00000	0.00097	0.00042	0.00042	0.00083	1.00000	
1026.34989	-612.49184	380.46144	-0.04722	0.03171	89.93972	0.40251	0.00105	1.00000	-0.00082	-1.00000	0.00105	0.00055	0.00055	0.00082	1.00000	
1027.45567	-612.02018	379.80771	-0.03047	0.03150	89.96632	0.37332	0.00059	1.00000	-0.00053	-1.00000	0.00059	0.00055	0.00055	0.00053	1.00000	
1027.33448	-612.30587	380.71451	-0.05014	0.02416	89.96224	0.39511	0.00066	1.00000	-0.00088	-1.00000	0.00066	0.00042	0.00042	0.00088	1.00000	
1026.87203	-612.44204	380.55107	-0.04872	0.03557	89.95193	0.37235	0.00084	1.00000	-0.00085	-1.00000	0.00084	0.00062	0.00062	0.00085	1.00000	
1027.11054	-612.46051	380.48473	-0.04677	0.03469	89.95691	0.35372	0.00075	1.00000	-0.00082	-1.00000	0.00075	0.00060	0.00061	0.00082	1.00000	
1028.32022	-611.85775	379.70169	-0.02693	0.03133	89.98650	0.35364	0.00024	1.00000	-0.00047	-1.00000	0.00024	0.00055	0.00055	0.00047	1.00000	
1028.15421	-612.11405	380.47678	-0.04216	0.02025	89.97972	0.36222	0.00035	1.00000	-0.00074	-1.00000	0.00035	0.00035	0.00035	0.00074	1.00000	
1027.61555	-612.45765	380.80471	-0.04946	0.01379	89.96266	0.37450	0.00065	1.00000	-0.00086	-1.00000	0.00065	0.00024	0.00024	0.00086	1.00000	
1027.41489	-612.51156	380.79230	-0.05172	0.02392	89.96016	0.35808	0.00070	1.00000	-0.00090	-1.00000	0.00070	0.00042	0.00042	0.00090	1.00000	
1027.14162	-612.58089	380.92909	-0.05370	0.02167	89.95343	0.38144	0.00081	1.00000	-0.00094	-1.00000	0.00081	0.00038	0.00038	0.00094	1.00000	
1026.43554	-612.87553	381.31421	-0.06568	0.02992	89.93752	0.38582	0.00109	1.00000	-0.00115	-1.00000	0.00109	0.00052	0.00052	0.00115	1.00000	
1026.62718	-612.91451	381.71435	-0.07334	0.02183	89.94173	0.41643	0.00102	1.00000	-0.00128	-1.00000	0.00102	0.00038	0.00038	0.00128	1.00000	
1025.77347	-613.30346	382.36635	-0.08967	0.02049	89.92121	0.40166	0.00138	1.00000	-0.00157	-1.00000	0.00138	0.00036	0.00036	0.00157	1.00000	
1025.78635	-613.30303	382.38813	-0.08912	0.01773	89.92082	0.40492	0.00138	1.00000	-0.00156	-1.00000	0.00138	0.00031	0.00031	0.00156	1.00000	
1025.60082	-613.25085	381.91029	-0.07942	0.02054	89.91815	0.42330	0.00143	1.00000	-0.00139	-1.00000	0.00143	0.00036	0.00036	0.00139	1.00000	
1025.36990	-613.36248	382.01253	-0.08480	0.02700	89.91402	0.41163	0.00150	1.00000	-0.00148	-1.00000	0.00150	0.00047	0.00047	0.00148	1.00000	
1025.59397	-613.24009	381.86893	-0.07828	0.01880	89.91713	0.40208	0.00145	1.00000	-0.00137	-1.00000	0.00145	0.00033	0.00033	0.00137	1.00000	
1026.38792	-612.89473	381.43687	-0.06865	0.02277	89.93829	0.38612	0.00108	1.00000	-0.00120	-1.00000	0.00108	0.00040	0.00040	0.00120	1.00000	
1026.38020	-612.92010	381.46358	-0.07440	0.03368	89.94099	0.38220	0.00103	1.00000	-0.00130	-1.00000	0.00103	0.00059	0.00059	0.00130	1.00000	
1026.30523	-613.02953	381.75352	-0.07645	0.01834	89.93402	0.39999	0.00115	1.00000	-0.00133	-1.00000	0.00115	0.00032	0.00032	0.00133	1.00000	
1025.91714	-613.03421	381.22205	-0.07277	0.04375	89.93071	0.43043	0.00121	1.00000	-0.00127	-1.00000	0.00121	0.00076	0.00076	0.00127	1.00000	
1026.54836	-612.75893	380.92980	-0.06583	0.04383	89.94547	0.43580	0.00095	1.00000	-0.00115	-1.00000	0.00095	0.00076	0.00076	0.00115	1.00000	
1026.57167	-612.91241	381.36443	-0.07494	0.03713	89.94653	0.40064	0.00093	1.00000	-0.00131	-1.00000	0.00093	0.00065	0.00065	0.00131	1.00000	
1027.12301	-612.71916	381.26066	-0.07362	0.03966	89.96023	0.37979	0.00069	1.00000	-0.00129	-1.00000	0.00070	0.00069	0.00069	0.00128	1.00000	
1027.22373	-612.65814	381.10436	-0.06737	0.03144	89.96104	0.41441	0.00068	1.00000	-0.00118	-1.00000	0.00068	0.00055	0.00055	0.00118	1.00000	
1027.42911	-612.52446	380.88454	-0.06096	0.03095	89.96609	0.42189	0.00059	1.00000	-0.00106	-1.00000	0.00059	0.00054	0.00054	0.00106	1.00000	
1025.83921	-613.18445	381.36802	-0.07251	0.02556	89.92384	0.44048	0.00133	1.00000	-0.00127	-1.00000	0.00133	0.00044	0.00045	0.00127	1.00000	
1025.93879	-612.97242	380.73527	-0.06478	0.04844	89.93290	0.43273	0.00117	1.00000	-0.00113	-1.00000	0.00117	0.00084	0.00085	0.00113	1.00000	
1025.11016	-613.39874	381.52942	-0.08329	0.04393	89.91119	0.47699	0.00155	1.00000	-0.00145	-1.00000	0.00155	0.00076	0.00077	0.00145	1.00000	
1025.69483	-613.00842	380.60715	-0.06215	0.05145	89.92708	0.45663	0.00127	1.00000	-0.00109	-1.00000	0.00127	0.00090	0.00090	0.00108	1.00000	
1025.30592	-613.21423	380.84783	-0.06524	0.04322	89.91583	0.49477	0.00147	1.00000	-0.00114	-1.00000	0.00147	0.00075	0.00075	0.00114	1.00000	
1026.06742	-612.93177	380.79598	-0.06403	0.04919	89.93541	0.49631	0.00113	1.00000	-0.00112	-1.00000	0.00113	0.00086	0.00086	0.00112	1.00000	
1026.04616	-612.95945	380.83817	-0.06569	0.05145	89.93603	0.52534	0.00112	1.00000	-0.00115	-1.00000	0.00112	0.00090	0.00090	0.00115	1.00000	
1025.77709	-613.12112	381.06654	-0.07031	0.05028	89.92828	0.47900	0.00125	1.00000	-0.00123	-1.00000	0.00125	0.00088	0.00088	0.00123	1.00000	
1025.86884	-613.06195	380.94438	-0.06642	0.04595	89.93093	0.47376	0.00121	1.00000	-0.00116	-1.00000	0.00121	0.00080	0.00080	0.00116	1.00000	
1026.22065	-613.05393	381.15688	-0.06686	0.03116	89.93544	0.42970	0.00113	1.00000	-0.00117	-1.00000	0.00113	0.00054	0.00054	0.00117	1.00000	
1025.90342	-613.04787	380.83411	-0.06191	0.04234	89.93078	0.42891	0.00121	1.00000	-0.00108	-1.00000	0.00121	0.00074	0.00074	0.00108	1.00000	
1025.52480	-613.17044	380.69022	-0.06304	0.05405	89.92377	0.41980	0.00133	1.00000	-0.00110	-1.00000	0.00133	0.00094	0.00094	0.00110	1.00000	
1026.24642	-612.90094	380.57706	-0.05804	0.04785	89.94059	0.43467	0.00104	1.00000	-0.00101	-1.00000	0.00104	0.00083	0.00084	0.00101	1.00000	
1025.77453	-613.10504	380.61606	-0.06019	0.04949	89.92886	0.45209	0.00124	1.00000	-0.00105	-1.00000	0.00124	0.00086	0.00086	0.00105	1.00000	
1025.77274	-613.07442	380.47691	-0.05728	0.05133	89.92952	0.41698	0.00123	1.00000	-0.00100	-1.00000	0.00123	0.00089	0.00090	0.00100	1.00000	
1025.26339	-613.30289	380.75772	-0.06201	0.04362	89.91536	0.43244	0.00148	1.00000	-0.00108	-1.00000	0.00148	0.00076	0.00076	0.00108	1.00000	
1026.61427	-612.84717	380.79325	-0.06013	0.03808	89.94971	0.43821	0.00088	1.00000	-0.00105	-1.00000	0.00088	0.00066	0.00066	0.00105	1.00000	
1026.51647	-612.85973	380.65495	-0.05626	0.03511	89.94690	0.42255	0.00093	1.00000	-0.00098	-1.00000	0.00093	0.00061	0.00061	0.00098	1.00000	
1025.89826	-613.20049	381.12561	-0.07076	0.04387	89.93425	0.43459	0.00115	1.00000	-0.00124	-1.00000	0.00115	0.00076	0.00077	0.00124	1.00000	
1026.03287	-613.13246	381.10129	-0.06814	0.03877	89.93728	0.41928	0.00109	1.00000	-0.00119	-1.00000	0.00110	0.00068	0.00068	0.00119	1.00000	
1026.48121	-612.97969	380.76857	-0.06000	0.03766	89.94729	0.44472	0.00092	1.00000	-0.00105	-1.00000	0.00092	0.00066	0.00066	0.00105	1.00000	
1026.49420	-613.00597	381.02903	-0.05783	0.01445	89.94350	0.42171	0.00099	1.00000	-0.00101	-1.00000	0.00099	0.00025	0.00025	0.00101	1.00000	
1025.74973	-613.39282	381.66612	-0.07284	0.01028	89.92365	0.39432	0.00133	1.00000	-0.00127	-1.00000	0.00133	0.00018	0.00018	0.00127	1.00000	
1025.89449	-613.09542	380.81560	-0.05763	0.03312	89.93420	0.45829	0.00115	1.00000	-0.00101	-1.00000	0.00115	0.00058	0.00058	0.00101	1.00000	
1024.75995	-613.59984	381.39096	-0.07162	0.03165	89.90547	0.48649	0.00165	1.00000	-0.00125	-1.00000	0.00165	0.00055	0.00055	0.00125	1.00000	
1025.63733	-613.16660	380.88189	-0.05671	0.02943	89.92585	0.46036	0.00129	1.00000	-0.00099	-1.00000	0.00129	0.00051	0.00051	0.00099	1.00000	
1025.80565	-613.09163	380.85122	-0.05645	0.03167	89.93032	0.43984	0.00122	1.00000	-0.00099	-1.00000	0.00122	0.00055	0.00055	0.00099	1.00000	
1025.63244	-613.29304	381.24543	-0.06362	0.02402	89.92283	0.44023	0.00135	1.00000	-0.00111	-1.00000	0.00135	0.00042	0.00042	0.00111	1.00000	
1025.89814	-613.26461	381.40574	-0.07157	0.03594	89.93206	0.45718	0.00119	1.00000	-0.00125	-1.00000	0.00119	0.00063	0.00063	0.00125	1.00000	
1026.61751	-612.99489	381.05282	-0.06538	0.04835	89.95253	0.42336	0.00083	1.00000	-0.00114	-1.00000	0.00083	0.00084	0.00084	0.00114	1.00000	
1026.14864	-613.21140	381.36940	-0.07170	0.04431	89.94025	0.43448	0.00104	1.00000	-0.00125	-1.00000	0.00104	0.00077	0.00077	0.00125	1.00000	
1025.19419	-613.63123	381.75514	-0.07779	0.03500	89.91391	0.42179	0.00150	1.00000	-0.00136	-1.00000	0.00150	0.00061	0.00061	0.00136	1.00000	
1026.19413	-613.27480	381.61558	-0.07431	0.03580	89.94032	0.41602	0.00104	1.00000	-0.00130	-1.00000	0.00104	0.00062	0.00062	0.00130	1.00000	
1026.01842	-613.29109	381.46145	-0.07063	0.03878	89.93853	0.40727	0.00107	1.00000	-0.00123	-1.00000	0.00107	0.00068	0.00068	0.00123	1.00000	
1025.79785	-613.43097	381.72344	-0.07366	0.02773	89.93154	0.41093	0.00119	1.00000	-0.00129	-1.00000	0.00120	0.00048	0.00048	0.00129	1.00000	
1025.83802	-613.42902	382.14929	-0.08686	0.03074	89.93587	0.43277	0.00112	1.00000	-0.00152	-1.00000	0.00112	0.00053	0.00054	0.00152	1.00000	
1025.66967	-613.33849	381.62154	-0.07216	0.02439	89.93064	0.42495	0.00121	1.00000	-0.00126	-1.00000	0.00121	0.00042	0.00043	0.00126	1.00000	
1026.11445	-613.08590	381.14957	-0.06209	0.02996	89.94427	0.36853	0.00097	1.00000	-0.00108	-1.00000	0.00097	0.00052	0.00052	0.00108	1.00000	
1025.84242	-613.02652	380.56157	-0.05029	0.03730	89.94067	0.41045	0.00104	1.00000	-0.00088	-1.00000	0.00104	0.00065	0.00065	0.00088	1.00000	
1026.07819	-612.99474	380.49366	-0.05097	0.04346	89.94798	0.40972	0.00091	1.00000	-0.00089	-1.00000	0.00091	0.00076	0.00076	0.00089	1.00000	
1026.05755	-612.97607	380.19579	-0.04114	0.03865	89.94425	0.43681	0.00097	1.00000	-0.00072	-1.00000	0.00097	0.00067	0.00067	0.00072	1.00000	
1026.33144	-612.89244	380.16669	-0.03928	0.03585	89.94973	0.42682	0.00088	1.00000	-0.00069	-1.00000	0.00088	0.00063	0.00063	0.00069	1.00000	
1026.61283	-612.76879	379.95037	-0.03393	0.03576	89.95811	0.45096	0.00073	1.00000	-0.00059	-1.00000	0.00073	0.00062	0.00062	0.00059	1.00000	
1026.69506	-612.85612	380.28936	-0.03879	0.02516	89.95557	0.41957	0.00078	1.00000	-0.00068	-1.00000	0.00078	0.00044	0.00044	0.00068	1.00000	
1026.44739	-612.85336	380.03695	-0.03513	0.03334	89.95368	0.42625	0.00081	1.00000	-0.00061	-1.00000	0.00081	0.00058	0.00058	0.00061	1.00000	
1026.35210	-613.19180	381.07787	-0.05813	0.02443	89.94606	0.43263	0.00094	1.00000	-0.00101	-1.00000	0.00094	0.00043	0.00043	0.00101	1.00000	
1026.14362	-613.18979	380.71868	-0.04978	0.02878	89.94170	0.45302	0.00102	1.00000	-0.00087	-1.00000	0.00102	0.00050	0.00050	0.00087	1.00000	
1026.43801	-613.01239	380.27258	-0.04097	0.03809	89.95049	0.45076	0.00086	1.00000	-0.00072	-1.00000	0.00086	0.00066	0.00066	0.00072	1.00000	
1026.59150	-612.97477	380.14417	-0.03558	0.03511	89.95166	0.46315	0.00084	1.00000	-0.00062	-1.00000	0.00084	0.00061	0.00061	0.00062	1.00000	
1027.35385	-612.70035	380.26690	-0.03934	0.03814	89.97278	0.48575	0.00048	1.00000	-0.00069	-1.00000	0.00048	0.00067	0.00067	0.00069	1.00000	
1026.21454	-613.12279	380.18925	-0.04373	0.05561	89.94624	0.49435	0.00094	1.00000	-0.00076	-1.00000	0.00094	0.00097	0.00097	0.00076	1.00000	
1026.62157	-612.93963	380.17066	-0.03715	0.03652	89.95103	0.46410	0.00085	1.00000	-0.00065	-1.00000	0.00086	0.00064	0.00064	0.00065	1.00000	
1027.19999	-612.74021	380.29612	-0.03983	0.03573	89.96703	0.47403	0.00058	1.00000	-0.00070	-1.00000	0.00058	0.00062	0.00062	0.00070	1.00000	
1026.79335	-612.90385	380.50046	-0.04539	0.03388	89.95605	0.43747	0.00077	1.00000	-0.00079	-1.00000	0.00077	0.00059	0.00059	0.00079	1.00000	
1027.11234	-612.82229	380.67227	-0.05034	0.03201	89.96369	0.44776	0.00063	1.00000	-0.00088	-1.00000	0.00063	0.00056	0.00056	0.00088	1.00000	
1026.72922	-612.99080	380.96223	-0.05715	0.03219	89.95419	0.43055	0.00080	1.00000	-0.00100	-1.00000	0.00080	0.00056	0.00056	0.00100	1.00000	
1026.56518	-613.13282	381.19646	-0.06597	0.03580	89.95140	0.44523	0.00085	1.00000	-0.00115	-1.00000	0.00085	0.00062	0.00062	0.00115	1.00000	
1026.58386	-612.98527	380.83402	-0.05684	0.03730	89.95341	0.42054	0.00081	1.00000	-0.00099	-1.00000	0.00081	0.00065	0.00065	0.00099	1.00000	
1026.75443	-613.07599	381.23569	-0.06736	0.03979	89.95918	0.41162	0.00071	1.00000	-0.00118	-1.00000	0.00071	0.00069	0.00069	0.00118	1.00000	
1026.03643	-613.21413	380.97282	-0.06279	0.04777	89.94487	0.45930	0.00096	1.00000	-0.00110	-1.00000	0.00096	0.00083	0.00083	0.00110	1.00000	
1025.30725	-613.47814	381.14874	-0.06766	0.04721	89.92625	0.48029	0.00129	1.00000	-0.00118	-1.00000	0.00129	0.00082	0.00082	0.00118	1.00000	
1025.99214	-613.17168	380.73929	-0.05601	0.04409	89.94274	0.45940	0.00100	1.00000	-0.00098	-1.00000	0.00100	0.00077	0.00077	0.00098	1.00000	
1026.20516	-613.09239	380.73398	-0.05574	0.04434	89.94963	0.44851	0.00088	1.00000	-0.00097	-1.00000	0.00088	0.00077	0.00077	0.00097	1.00000	
1025.85135	-613.14689	380.39916	-0.04917	0.05010	89.94164	0.44664	0.00102	1.00000	-0.00086	-1.00000	0.00102	0.00087	0.00087	0.00086	1.00000	
1027.24404	-612.56381	379.91351	-0.03608	0.04832	89.97717	0.43774	0.00040	1.00000	-0.00063	-1.00000	0.00040	0.00084	0.00084	0.00063	1.00000	
1025.70765	-613.23949	380.50822	-0.05169	0.04922	89.93855	0.48429	0.00107	1.00000	-0.00090	-1.00000	0.00107	0.00086	0.00086	0.00090	1.00000	
1026.33176	-612.99074	380.07293	-0.03913	0.04183	89.95233	0.46449	0.00083	1.00000	-0.00068	-1.00000	0.00083	0.00073	0.00073	0.00068	1.00000	
1026.58411	-612.93839	380.25452	-0.04037	0.03345	89.95612	0.48518	0.00077	1.00000	-0.00070	-1.00000	0.00077	0.00058	0.00058	0.00070	1.00000	
1026.40534	-612.98923	379.90935	-0.03568	0.04267	89.95420	0.49869	0.00080	1.00000	-0.00062	-1.00000	0.00080	0.00074	0.00074	0.00062	1.00000	
1026.57015	-612.86512	379.54488	-0.03281	0.06076	89.96259	0.48406	0.00065	1.00000	-0.00057	-1.00000	0.00065	0.00106	0.00106	0.00057	1.00000	
1026.16448	-613.06362	379.81054	-0.03609	0.05144	89.94971	0.48823	0.00088	1.00000	-0.00063	-1.00000	0.00088	0.00090	0.00090	0.00063	1.00000	
1025.88805	-613.23243	379.95918	-0.04114	0.05334	89.94306	0.46175	0.00099	1.00000	-0.00072	-1.00000	0.00099	0.00093	0.00093	0.00072	1.00000	
1026.13088	-613.24278	380.16213	-0.04599	0.05547	89.95058	0.46684	0.00086	1.00000	-0.00080	-1.00000	0.00086	0.00097	0.00097	0.00080	1.00000	
1026.42792	-613.20545	380.20651	-0.04545	0.05137	89.95645	0.45320	0.00076	1.00000	-0.00079	-1.00000	0.00076	0.00090	0.00090	0.00079	1.00000	
1026.00098	-613.26292	379.86898	-0.03960	0.05907	89.94927	0.46301	0.00089	1.00000	-0.00069	-1.00000	0.00089	0.00103	0.00103	0.00069	1.00000	
1026.20654	-613.33256	380.45157	-0.05288	0.05337	89.95217	0.49447	0.00083	1.00000	-0.00092	-1.00000	0.00084	0.00093	0.00093	0.00092	1.00000	
1025.23741	-613.59588	380.34213	-0.05278	0.06005	89.93071	0.51322	0.00121	1.00000	-0.00092	-1.00000	0.00121	0.00105	0.00105	0.00092	1.00000	
1025.74106	-613.44876	380.37264	-0.04975	0.04760	89.94073	0.50148	0.00103	1.00000	-0.00087	-1.00000	0.00104	0.00083	0.00083	0.00087	1.00000	
1025.39688	-613.80247	381.20043	-0.06988	0.04427	89.93050	0.48959	0.00121	1.00000	-0.00122	-1.00000	0.00121	0.00077	0.00077	0.00122	1.00000	
1025.38443	-613.83875	381.25797	-0.07226	0.04246	89.92974	0.49478	0.00123	1.00000	-0.00126	-1.00000	0.00123	0.00074	0.00074	0.00126	1.00000	
1025.02494	-614.00049	381.50561	-0.07245	0.02727	89.91768	0.49170	0.00144	1.00000	-0.00127	-1.00000	0.00144	0.00047	0.00048	0.00126	1.00000	
1025.17105	-613.95692	381.42905	-0.07359	0.03677	89.92352	0.47912	0.00133	1.00000	-0.00129	-1.00000	0.00134	0.00064	0.00064	0.00128	1.00000	
1025.28629	-613.92824	381.44913	-0.07239	0.03039	89.92479	0.44720	0.00131	1.00000	-0.00126	-1.00000	0.00131	0.00053	0.00053	0.00126	1.00000	
1026.51163	-613.49765	381.23123	-0.06171	0.01496	89.95203	0.41374	0.00084	1.00000	-0.00108	-1.00000	0.00084	0.00026	0.00026	0.00108	1.00000	
1025.91980	-613.64638	380.93896	-0.05750	0.02512	89.93943	0.42718	0.00106	1.00000	-0.00100	-1.00000	0.00106	0.00044	0.00044	0.00100	1.00000	
1026.47373	-613.54458	381.16306	-0.06072	0.01536	89.95015	0.41759	0.00087	1.00000	-0.00106	-1.00000	0.00087	0.00027	0.00027	0.00106	1.00000	
1026.76473	-613.48372	381.22714	-0.06162	0.01380	89.95661	0.41915	0.00076	1.00000	-0.00108	-1.00000	0.00076	0.00024	0.00024	0.00108	1.00000	
1026.06204	-613.65459	380.86070	-0.05888	0.02914	89.94352	0.44711	0.00099	1.00000	-0.00103	-1.00000	0.00099	0.00051	0.00051	0.00103	1.00000	
1026.36357	-613.78674	381.79684	-0.07454	0.00550	89.94462	0.42494	0.00097	1.00000	-0.00130	-1.00000	0.00097	0.00009	0.00010	0.00130	1.00000	
1025.94378	-614.01915	382.07118	-0.08341	0.01069	89.93462	0.46276	0.00114	1.00000	-0.00146	-1.00000	0.00114	0.00018	0.00019	0.00146	1.00000	
1026.56224	-613.64514	381.52012	-0.07108	0.01442	89.95155	0.44683	0.00085	1.00000	-0.00124	-1.00000	0.00085	0.00025	0.00025	0.00124	1.00000	
1026.37262	-613.77482	381.75604	-0.07977	0.02232	89.94901	0.48470	0.00089	1.00000	-0.00139	-1.00000	0.00089	0.00039	0.00039	0.00139	1.00000	
1026.81300	-613.44514	380.90801	-0.05793	0.01810	89.95874	0.48456	0.00072	1.00000	-0.00101	-1.00000	0.00072	0.00032	0.00032	0.00101	1.00000	
1026.57630	-613.75560	381.64405	-0.07595	0.01553	89.95230	0.49804	0.00083	1.00000	-0.00133	-1.00000	0.00083	0.00027	0.00027	0.00133	1.00000	
1025.94892	-613.87794	381.12932	-0.06494	0.02406	89.93800	0.48678	0.00108	1.00000	-0.00113	-1.00000	0.00108	0.00042	0.00042	0.00113	1.00000	
1026.35616	-613.63867	380.87268	-0.05870	0.02696	89.94933	0.46635	0.00088	1.00000	-0.00102	-1.00000	0.00088	0.00047	0.00047	0.00102	1.00000	
1026.07324	-613.59795	380.24199	-0.04324	0.03003	89.94133	0.46930	0.00102	1.00000	-0.00076	-1.00000	0.00102	0.00052	0.00052	0.00075	1.00000	
1026.37467	-613.51517	380.28445	-0.04400	0.03241	89.95055	0.46986	0.00086	1.00000	-0.00077	-1.00000	0.00086	0.00056	0.00057	0.00077	1.00000	
1026.04219	-613.72735	380.22851	-0.04474	0.03841	89.94275	0.47768	0.00100	1.00000	-0.00078	-1.00000	0.00100	0.00067	0.00067	0.00078	1.00000	
1026.80783	-613.47615	380.18633	-0.04416	0.04211	89.96273	0.42580	0.00065	1.00000	-0.00077	-1.00000	0.00065	0.00073	0.00073	0.00077	1.00000	
1026.74362	-613.58307	380.58740	-0.05373	0.03929	89.96090	0.41548	0.00068	1.00000	-0.00094	-1.00000	0.00068	0.00069	0.00069	0.00094	1.00000	
1027.17577	-613.41912	380.46205	-0.05051	0.03802	89.97202	0.40133	0.00049	1.00000	-0.00088	-1.00000	0.00049	0.00066	0.00066	0.00088	1.00000	
1027.33980	-613.47080	380.68145	-0.05283	0.02433	89.97269	0.39663	0.00048	1.00000	-0.00092	-1.00000	0.00048	0.00042	0.00042	0.00092	1.00000	
1026.92684	-613.49772	380.27860	-0.04536	0.03333	89.96599	0.39952	0.00059	1.00000	-0.00079	-1.00000	0.00059	0.00058	0.00058	0.00079	1.00000	
1026.50537	-613.77266	380.85883	-0.05535	0.01809	89.95187	0.40445	0.00084	1.00000	-0.00097	-1.00000	0.00084	0.00031	0.00032	0.00097	1.00000	
1026.35191	-613.68084	380.29990	-0.04696	0.03184	89.95103	0.42177	0.00085	1.00000	-0.00082	-1.00000	0.00086	0.00055	0.00056	0.00082	1.00000	
1026.77061	-613.56814	380.42432	-0.04898	0.03224	89.96222	0.42679	0.00066	1.00000	-0.00086	-1.00000	0.00066	0.00056	0.00056	0.00085	1.00000	
1026.21517	-613.81149	380.56190	-0.05107	0.03326	89.94872	0.43450	0.00089	1.00000	-0.00089	-1.00000	0.00090	0.00058	0.00058	0.00089	1.00000	
1025.75991	-613.84600	380.28992	-0.04581	0.03996	89.93852	0.42781	0.00107	1.00000	-0.00080	-1.00000	0.00107	0.00070	0.00070	0.00080	1.00000	
1026.50312	-613.70165	380.58229	-0.05271	0.04230	89.95688	0.45115	0.00075	1.00000	-0.00092	-1.00000	0.00075	0.00074	0.00074	0.00092	1.00000	
1026.74273	-613.51049	380.25324	-0.04663	0.04981	89.96543	0.41027	0.00060	1.00000	-0.00081	-1.00000	0.00060	0.00087	0.00087	0.00081	1.00000	
1026.91073	-613.53300	380.39596	-0.04779	0.04352	89.96704	0.38194	0.00058	1.00000	-0.00083	-1.00000	0.00058	0.00076	0.00076	0.00083	1.00000	
1027.28547	-613.41677	380.36944	-0.04285	0.03201	89.97298	0.39573	0.00047	1.00000	-0.00075	-1.00000	0.00047	0.00056	0.00056	0.00075	1.00000	
1026.78014	-613.58856	380.31095	-0.04238	0.03618	89.96066	0.38571	0.00069	1.00000	-0.00074	-1.00000	0.00069	0.00063	0.00063	0.00074	1.00000	
1026.61640	-613.59968	380.23418	-0.03871	0.02834	89.95608	0.41894	0.00077	1.00000	-0.00068	-1.00000	0.00077	0.00049	0.00049	0.00068	1.00000	
1026.32622	-613.57338	379.88048	-0.03187	0.03470	89.95044	0.40174	0.00087	1.00000	-0.00056	-1.00000	0.00087	0.00061	0.00061	0.00056	1.00000	
1025.30640	-614.03779	380.20974	-0.04313	0.03837	89.92482	0.42948	0.00131	1.00000	-0.00075	-1.00000	0.00131	0.00067	0.00067	0.00075	1.00000	
1026.37903	-613.54530	379.94031	-0.03388	0.03186	89.95223	0.40501	0.00083	1.00000	-0.00059	-1.00000	0.00083	0.00056	0.00056	0.00059	1.00000	
1026.69945	-613.53827	380.33396	-0.04194	0.02360	89.95928	0.38288	0.00071	1.00000	-0.00073	-1.00000	0.00071	0.00041	0.00041	0.00073	1.00000	
1026.16909	-613.77176	380.69885	-0.05961	0.04299	89.95280	0.41587	0.00082	1.00000	-0.00104	-1.00000	0.00082	0.00075	0.00075	0.00104	1.00000	
1025.70796	-613.99872	380.99298	-0.06304	0.03443	89.93928	0.39520	0.00106	1.00000	-0.00110	-1.00000	0.00106	0.00060	0.00060	0.00110	1.00000	
1025.59521	-613.91888	380.43617	-0.05039	0.03989	89.93775	0.38490	0.00109	1.00000	-0.00088	-1.00000	0.00109	0.00070	0.00070	0.00088	1.00000	
1026.29858	-613.73603	380.49042	-0.05087	0.03748	89.95534	0.38390	0.00078	1.00000	-0.00089	-1.00000	0.00078	0.00065	0.00065	0.00089	1.00000	
1026.03041	-613.82387	380.57287	-0.04985	0.03489	89.94947	0.35782	0.00088	1.00000	-0.00087	-1.00000	0.00088	0.00061	0.00061	0.00087	1.00000	
1025.64811	-613.81260	380.00593	-0.04114	0.05145	89.94440	0.37896	0.00097	1.00000	-0.00072	-1.00000	0.00097	0.00090	0.00090	0.00072	1.00000	
1026.19274	-613.64937	380.11359	-0.04134	0.04391	89.95747	0.37198	0.00074	1.00000	-0.00072	-1.00000	0.00074	0.00077	0.00077	0.00072	1.00000	
1025.60959	-613.96120	380.52776	-0.05327	0.04743	89.94389	0.36062	0.00098	1.00000	-0.00093	-1.00000	0.00098	0.00083	0.00083	0.00093	1.00000	
1026.75344	-613.45028	379.92734	-0.03960	0.04966	89.97451	0.36362	0.00044	1.00000	-0.00069	-1.00000	0.00045	0.00087	0.00087	0.00069	1.00000	
1025.71740	-613.91279	380.18335	-0.04437	0.03869	89.94504	0.38890	0.00096	1.00000	-0.00078	-1.00000	0.00096	0.00067	0.00068	0.00077	1.00000	
1025.45834	-614.03993	380.38401	-0.04821	0.03613	89.93906	0.42140	0.00106	1.00000	-0.00084	-1.00000	0.00106	0.00063	0.00063	0.00084	1.00000	
1025.76427	-613.91780	379.99936	-0.04649	0.05678	89.95068	0.41264	0.00086	1.00000	-0.00081	-1.00000	0.00086	0.00099	0.00099	0.00081	1.00000	
1025.02759	-614.23965	380.19151	-0.05077	0.05656	89.93179	0.43263	0.00119	1.00000	-0.00089	-1.00000	0.00119	0.00099	0.00099	0.00089	1.00000	
1025.92358	-613.82647	379.58906	-0.03659	0.06386	89.95444	0.41359	0.00080	1.00000	-0.00064	-1.00000	0.00080	0.00111	0.00111	0.00064	1.00000	
1025.50559	-613.95717	379.30781	-0.03147	0.06787	89.94276	0.44476	0.00100	1.00000	-0.00055	-1.00000	0.00100	0.00118	0.00118	0.00055	1.00000	
1026.21204	-613.79130	379.42964	-0.03211	0.05857	89.95823	0.42558	0.00073	1.00000	-0.00056	-1.00000	0.00073	0.00102	0.00102	0.00056	1.00000	
1025.00384	-614.28844	379.65671	-0.04165	0.07007	89.92895	0.43310	0.00124	1.00000	-0.00073	-1.00000	0.00124	0.00122	0.00122	0.00073	1.00000	
1024.89873	-614.33442	379.74095	-0.04354	0.06986	89.92577	0.44625	0.00130	1.00000	-0.00076	-1.00000	0.00130	0.00122	0.00122	0.00076	1.00000	
1025.50320	-614.22348	380.06728	-0.04694	0.05756	89.93700	0.43490	0.00110	1.00000	-0.00082	-1.00000	0.00110	0.00100	0.00100	0.00082	1.00000	
1025.24984	-614.33890	380.07089	-0.04757	0.05440	89.93034	0.42302	0.00122	1.00000	-0.00083	-1.00000	0.00122	0.00095	0.00095	0.00083	1.00000	
1025.70776	-614.04410	379.25437	-0.03190	0.06899	89.94431	0.39869	0.00097	1.00000	-0.00056	-1.00000	0.00097	0.00120	0.00120	0.00056	1.00000	
1025.38332	-614.40347	379.97635	-0.04562	0.05399	89.93177	0.43656	0.00119	1.00000	-0.00080	-1.00000	0.00119	0.00094	0.00094	0.00080	1.00000	
1025.96304	-614.19188	380.11580	-0.04909	0.05526	89.94772	0.41344	0.00091	1.00000	-0.00086	-1.00000	0.00091	0.00096	0.00096	0.00086	1.00000	
1026.58669	-614.05935	380.12996	-0.04778	0.04803	89.96159	0.38909	0.00067	1.00000	-0.00083	-1.00000	0.00067	0.00084	0.00084	0.00083	1.00000	
1025.93411	-614.34107	380.23678	-0.05022	0.04803	89.94528	0.40020	0.00096	1.00000	-0.00088	-1.00000	0.00096	0.00084	0.00084	0.00088	1.00000	
1026.12905	-614.31156	380.43971	-0.05305	0.03932	89.94844	0.40675	0.00090	1.00000	-0.00093	-1.00000	0.00090	0.00069	0.00069	0.00093	1.00000	
1025.95400	-614.48310	380.94365	-0.06316	0.03180	89.94447	0.39621	0.00097	1.00000	-0.00110	-1.00000	0.00097	0.00055	0.00055	0.00110	1.00000	
1026.45826	-614.20424	380.78065	-0.05575	0.02242	89.95648	0.38242	0.00076	1.00000	-0.00097	-1.00000	0.00076	0.00039	0.00039	0.00097	1.00000	
1026.19542	-614.28313	380.69622	-0.05554	0.02177	89.94914	0.40511	0.00089	1.00000	-0.00097	-1.00000	0.00089	0.00038	0.00038	0.00097	1.00000	
1025.66564	-614.52360	380.91788	-0.06069	0.01980	89.93694	0.37422	0.00110	1.00000	-0.00106	-1.00000	0.00110	0.00034	0.00035	0.00106	1.00000	
1024.83923	-614.55936	379.93454	-0.04438	0.04664	89.92384	0.41159	0.00133	1.00000	-0.00078	-1.00000	0.00133	0.00081	0.00081	0.00077	1.00000	
1025.58659	-614.34742	379.94525	-0.04290	0.04009	89.94100	0.39040	0.00103	1.00000	-0.00075	-1.00000	0.00103	0.00070	0.00070	0.00075	1.00000	
1025.34202	-614.41867	379.78014	-0.04294	0.05587	89.93778	0.41827	0.00109	1.00000	-0.00075	-1.00000	0.00109	0.00097	0.00098	0.00075	1.00000	
1025.35256	-614.43060	379.72337	-0.03690	0.03900	89.93455	0.44549	0.00114	1.00000	-0.00064	-1.00000	0.00114	0.00068	0.00068	0.00064	1.00000	
1026.59277	-613.91755	379.52025	-0.03424	0.05043	89.96916	0.40163	0.00054	1.00000	-0.00060	-1.00000	0.00054	0.00088	0.00088	0.00060	1.00000	
1025.89883	-613.98336	379.00485	-0.02365	0.05931	89.95251	0.42979	0.00083	1.00000	-0.00041	-1.00000	0.00083	0.00103	0.00104	0.00041	1.00000	
1026.89707	-613.74640	379.16482	-0.02849	0.06904	89.97800	0.39354	0.00038	1.00000	-0.00050	-1.00000	0.00038	0.00120	0.00121	0.00050	1.00000	
1027.12265	-613.56223	378.74234	-0.01750	0.06520	89.98227	0.38527	0.00031	1.00000	-0.00031	-1.00000	0.00031	0.00114	0.00114	0.00031	1.00000	
1027.79259	-613.31305	378.51652	-0.01344	0.06980	90.00051	0.40630	-0.00001	1.00000	-0.00023	-1.00000	-0.00001	0.00122	0.00122	0.00023	1.00000	
1027.42435	-613.45267	378.51169	-0.01721	0.08122	89.99497	0.42573	0.00009	1.00000	-0.00030	-1.00000	0.00009	0.00142	0.00142	0.00030	1.00000	
1027.54491	-613.51979	378.76639	-0.02214	0.07722	89.99585	0.43029	0.00007	1.00000	-0.00039	-1.00000	0.00007	0.00135	0.00135	0.00039	1.00000	
1027.16965	-613.68069	378.71166	-0.02669	0.09272	89.98915	0.44485	0.00019	1.00000	-0.00047	-1.00000	0.00019	0.00162	0.00162	0.00047	1.00000	
1026.74243	-614.00790	379.40222	-0.04005	0.08201	89.97599	0.46283	0.00042	1.00000	-0.00070	-1.00000	0.00042	0.00143	0.00143	0.00070	1.00000	
1025.96210	-614.34983	379.71236	-0.04596	0.07443	89.95547	0.46324	0.00078	1.00000	-0.00080	-1.00000	0.00078	0.00130	0.00130	0.00080	1.00000	
1026.72101	-614.04977	379.37902	-0.03515	0.06743	89.97333	0.43245	0.00047	1.00000	-0.00061	-1.00000	0.00047	0.00118	0.00118	0.00061	1.00000	
1026.06755	-614.30554	379.41169	-0.03646	0.06626	89.95573	0.47618	0.00077	1.00000	-0.00064	-1.00000	0.00077	0.00116	0.00116	0.00064	1.00000	
1026.11922	-614.26171	379.25032	-0.03120	0.06372	89.95729	0.49242	0.00075	1.00000	-0.00055	-1.00000	0.00075	0.00111	0.00111	0.00054	1.00000	
1025.82531	-614.39423	379.29664	-0.03498	0.06971	89.95216	0.51605	0.00083	1.00000	-0.00061	-1.00000	0.00084	0.00122	0.00122	0.00061	1.00000	
1025.95347	-614.31246	379.40414	-0.03578	0.06763	89.95547	0.49998	0.00078	1.00000	-0.00063	-1.00000	0.00078	0.00118	0.00118	0.00062	1.00000	
1025.80479	-614.41720	379.36878	-0.03238	0.05768	89.94856	0.53451	0.00090	1.00000	-0.00057	-1.00000	0.00090	0.00101	0.00101	0.00057	1.00000	
1025.89768	-614.34447	379.21177	-0.02897	0.05933	89.95130	0.53159	0.00085	1.00000	-0.00051	-1.00000	0.00085	0.00104	0.00104	0.00051	1.00000	
1025.49226	-614.54440	379.40042	-0.03485	0.06083	89.94183	0.54314	0.00102	1.00000	-0.00061	-1.00000	0.00102	0.00106	0.00106	0.00061	1.00000	
1025.59293	-614.44527	379.08205	-0.02808	0.06533	89.94653	0.50274	0.00093	1.00000	-0.00049	-1.00000	0.00093	0.00114	0.00114	0.00049	1.00000	
1026.10502	-614.32124	379.31247	-0.03123	0.05705	89.95834	0.47721	0.00073	1.00000	-0.00055	-1.00000	0.00073	0.00100	0.00100	0.00055	1.00000	
1025.67039	-614.52044	379.44052	-0.03327	0.05434	89.94609	0.48475	0.00094	1.00000	-0.00058	-1.00000	0.00094	0.00095	0.00095	0.00058	1.00000	
1025.87174	-614.45942	379.46996	-0.03369	0.05661	89.95233	0.46444	0.00083	1.00000	-0.00059	-1.00000	0.00083	0.00099	0.00099	0.00059	1.00000	
1025.96933	-614.38925	379.18906	-0.02589	0.05388	89.95250	0.49641	0.00083	1.00000	-0.00045	-1.00000	0.00083	0.00094	0.00094	0.00045	1.00000	
1026.14868	-614.33545	379.34692	-0.03463	0.07316	89.96289	0.44540	0.00065	1.00000	-0.00061	-1.00000	0.00065	0.00128	0.00128	0.00060	1.00000	
1026.13201	-614.34927	379.33222	-0.03152	0.06417	89.96056	0.43176	0.00069	1.00000	-0.00055	-1.00000	0.00069	0.00112	0.00112	0.00055	1.00000	
1026.44920	-614.15299	378.97755	-0.02212	0.06230	89.96815	0.44657	0.00056	1.00000	-0.00039	-1.00000	0.00056	0.00109	0.00109	0.00039	1.00000	
1026.77832	-614.05551	378.98465	-0.02152	0.06313	89.97622	0.44023	0.00042	1.00000	-0.00038	-1.00000	0.00042	0.00110	0.00110	0.00038	1.00000	
1027.13821	-613.80688	378.61197	-0.01095	0.06039	89.98487	0.43115	0.00026	1.00000	-0.00019	-1.00000	0.00026	0.00105	0.00105	0.00019	1.00000	
1027.23336	-613.72390	378.27724	-0.00226	0.05823	89.98821	0.42718	0.00021	1.00000	-0.00004	-1.00000	0.00021	0.00102	0.00102	0.00004	1.00000	
1026.93956	-613.75282	378.11692	-0.00284	0.07077	89.98404	0.39612	0.00028	1.00000	-0.00005	-1.00000	0.00028	0.00124	0.00124	0.00005	1.00000	
1026.19428	-614.06463	378.42698	-0.00920	0.06544	89.96426	0.39741	0.00062	1.00000	-0.00016	-1.00000	0.00062	0.00114	0.00114	0.00016	1.00000	
1027.34580	-613.68545	378.25940	-0.00285	0.06039	89.99165	0.38255	0.00015	1.00000	-0.00005	-1.00000	0.00015	0.00105	0.00105	0.00005	1.00000	
1027.05393	-613.79340	378.30226	-0.00376	0.05786	89.98315	0.40857	0.00029	1.00000	-0.00007	-1.00000	0.00029	0.00101	0.00101	0.00007	1.00000	
1027.66027	-613.50690	377.84300	0.00596	0.06491	90.00081	0.37391	-0.00001	1.00000	0.00010	-1.00000	-0.00001	0.00113	0.00113	-0.00010	1.00000	
1027.05293	-613.72686	377.78115	0.01117	0.05596	89.98331	0.38512	0.00029	1.00000	0.00019	-1.00000	0.00029	0.00098	0.00098	-0.00019	1.00000	
1027.68866	-613.61642	378.11840	0.00311	0.05672	89.99918	0.38401	0.00001	1.00000	0.00005	-1.00000	0.00001	0.00099	0.00099	-0.00005	1.00000	
1026.79005	-614.08364	378.66614	-0.00891	0.04840	89.97316	0.35254	0.00047	1.00000	-0.00016	-1.00000	0.00047	0.00084	0.00084	0.00016	1.00000	
1026.94683	-613.94242	378.33547	-0.00067	0.04987	89.97760	0.36720	0.00039	1.00000	-0.00001	-1.00000	0.00039	0.00087	0.00087	0.00001	1.00000	
1025.83404	-614.56494	379.18674	-0.02645	0.06271	89.95248	0.39672	0.00083	1.00000	-0.00046	-1.00000	0.00083	0.00109	0.00109	0.00046	1.00000	
1026.61972	-614.15411	378.56204	-0.01297	0.07181	89.97591	0.36472	0.00042	1.00000	-0.00023	-1.00000	0.00042	0.00125	0.00125	0.00023	1.00000	
1026.78400	-614.15168	378.62719	-0.01423	0.06835	89.97892	0.37493	0.00037	1.00000	-0.00025	-1.00000	0.00037	0.00119	0.00119	0.00025	1.00000	
1027.09645	-613.96698	378.32687	-0.00502	0.06420	89.98579	0.38750	0.00025	1.00000	-0.00009	-1.00000	0.00025	0.00112	0.00112	0.00009	1.00000	
1027.14719	-614.01752	378.52667	-0.00779	0.05627	89.98396	0.40608	0.00028	1.00000	-0.00014	-1.00000	0.00028	0.00098	0.00098	0.00014	1.00000	
1026.31134	-614.24523	378.51754	-0.01061	0.06651	89.96638	0.40002	0.00059	1.00000	-0.00019	-1.00000	0.00059	0.00116	0.00116	0.00019	1.00000	
1026.40082	-614.34544	378.73404	-0.01281	0.05724	89.96507	0.42117	0.00061	1.00000	-0.00022	-1.00000	0.00061	0.00100	0.00100	0.00022	1.00000	
1026.89304	-614.18902	378.74622	-0.01620	0.06637	89.97860	0.40394	0.00037	1.00000	-0.00028	-1.00000	0.00037	0.00116	0.00116	0.00028	1.00000	
1026.21821	-614.49006	379.07822	-0.02038	0.05516	89.95983	0.41005	0.00070	1.00000	-0.00036	-1.00000	0.00070	0.00096	0.00096	0.00036	1.00000	
1026.91815	-614.25141	379.00791	-0.01608	0.04835	89.97504	0.40924	0.00044	1.00000	-0.00028	-1.00000	0.00044	0.00084	0.00084	0.00028	1.00000	
1026.60476	-614.39369	378.91743	-0.01956	0.06440	89.96917	0.41397	0.00054	1.00000	-0.00034	-1.00000	0.00054	0.00112	0.00112	0.00034	1.00000	
1026.87952	-614.20736	378.72059	-0.01356	0.06512	89.97652	0.43749	0.00041	1.00000	-0.00024	-1.00000	0.00041	0.00114	0.00114	0.00024	1.00000	
1027.95915	-613.74093	378.14203	0.00210	0.06586	90.00221	0.43677	-0.00004	1.00000	0.00004	-1.00000	-0.00004	0.00115	0.00115	-0.00004	1.00000	
1027.81462	-613.82729	378.16927	0.00182	0.06338	89.99919	0.41249	0.00001	1.00000	0.00003	-1.00000	0.00001	0.00111	0.00111	-0.00003	1.00000	
1028.32753	-613.64195	378.09689	0.00312	0.06389	90.01244	0.37455	-0.00022	1.00000	0.00005	-1.00000	-0.00022	0.00112	0.00112	-0.00005	1.00000	
1028.85279	-613.51755	378.04868	0.01260	0.03858	90.01897	0.39758	-0.00033	1.00000	0.00022	-1.00000	-0.00033	0.00067	0.00067	-0.00022	1.00000	
1028.75455	-613.58328	378.22356	0.00461	0.04614	90.01891	0.39612	-0.00033	1.00000	0.00008	-1.00000	-0.00033	0.00081	0.00081	-0.00008	1.00000	
1028.07522	-613.73351	377.81693	0.01038	0.05881	90.00455	0.37354	-0.00008	1.00000	0.00018	-1.00000	-0.00008	0.00103	0.00103	-0.00018	1.00000	
1029.21253	-613.28347	377.82322	0.01352	0.05119	90.03170	0.38093	-0.00055	1.00000	0.00024	-1.00000	-0.00055	0.00089	0.00089	-0.00024	1.00000	
1027.92936	-613.88633	378.27884	0.00184	0.05258	90.00060	0.40225	-0.00001	1.00000	0.00003	-1.00000	-0.00001	0.00092	0.00092	-0.00003	1.00000	
1027.56702	-613.88600	378.05271	0.00452	0.06203	89.99570	0.45132	0.00007	1.00000	0.00008	-1.00000	0.00007	0.00108	0.00108	-0.00008	1.00000	
1027.80447	-613.78508	377.84077	0.00592	0.07092	90.00359	0.43269	-0.00006	1.00000	0.00010	-1.00000	-0.00006	0.00124	0.00124	-0.00010	1.00000	
1027.73003	-613.90119	378.19982	-0.00011	0.06225	89.99937	0.44226	0.00001	1.00000	-0.00000	-1.00000	0.00001	0.00109	0.00109	0.00000	1.00000	
1027.97604	-613.73346	377.80247	0.00682	0.07445	90.01022	0.45547	-0.00018	1.00000	0.00012	-1.00000	-0.00018	0.00130	0.00130	-0.00012	1.00000	
1027.44022	-614.15309	378.49017	-0.01138	0.07535	89.99628	0.46087	0.00006	1.00000	-0.00020	-1.00000	0.00007	0.00132	0.00132	0.00020	1.00000	
1028.00130	-613.83035	378.21669	-0.00699	0.08207	90.01395	0.45252	-0.00024	1.00000	-0.00012	-1.00000	-0.00024	0.00143	0.00143	0.00012	1.00000	
1027.17252	-614.20355	378.61483	-0.01717	0.08089	89.99353	0.42304	0.00011	1.00000	-0.00030	-1.00000	0.00011	0.00141	0.00141	0.00030	1.00000	
1027.15520	-614.16232	378.35959	-0.00752	0.07111	89.99144	0.44170	0.00015	1.00000	-0.00013	-1.00000	0.00015	0.00124	0.00124	0.00013	1.00000	
1027.04493	-614.39528	378.90433	-0.02150	0.07379	89.98911	0.47569	0.00019	1.00000	-0.00038	-1.00000	0.00019	0.00129	0.00129	0.00038	1.00000	
1027.09903	-614.33709	378.56888	-0.01612	0.08326	89.99368	0.45449	0.00011	1.00000	-0.00028	-1.00000	0.00011	0.00145	0.00145	0.00028	1.00000	
1026.76396	-614.49551	378.65101	-0.01465	0.06984	89.98074	0.41160	0.00034	1.00000	-0.00026	-1.00000	0.00034	0.00122	0.00122	0.00026	1.00000	
1027.08211	-614.47751	378.80191	-0.01916	0.06907	89.98895	0.46662	0.00019	1.00000	-0.00033	-1.00000	0.00019	0.00121	0.00121	0.00033	1.00000	
1026.39650	-614.84593	379.30222	-0.03064	0.06346	89.97007	0.48678	0.00052	1.00000	-0.00054	-1.00000	0.00052	0.00111	0.00111	0.00053	1.00000	
1027.23330	-614.58423	379.36258	-0.02490	0.04065	89.98698	0.45925	0.00023	1.00000	-0.00043	-1.00000	0.00023	0.00071	0.00071	0.00043	1.00000	
1026.64722	-614.78851	379.17646	-0.02307	0.04951	89.97231	0.47145	0.00048	1.00000	-0.00040	-1.00000	0.00048	0.00086	0.00086	0.00040	1.00000	
1026.28848	-614.97665	379.34217	-0.02548	0.04459	89.96320	0.48844	0.00064	1.00000	-0.00045	-1.00000	0.00064	0.00078	0.00078	0.00044	1.00000	
1026.44479	-614.94849	379.38355	-0.02860	0.05261	89.96864	0.50796	0.00055	1.00000	-0.00050	-1.00000	0.00055	0.00092	0.00092	0.00050	1.00000	
1026.98010	-614.73204	379.21899	-0.02518	0.05746	89.98260	0.48293	0.00030	1.00000	-0.00044	-1.00000	0.00030	0.00100	0.00100	0.00044	1.00000	
1026.26275	-615.01326	379.21942	-0.02252	0.05063	89.96153	0.45578	0.00067	1.00000	-0.00039	-1.00000	0.00067	0.00088	0.00088	0.00039	1.00000	
1027.14921	-614.52620	378.57007	-0.00704	0.05499	89.98608	0.48248	0.00024	1.00000	-0.00012	-1.00000	0.00024	0.00096	0.00096	0.00012	1.00000	
1026.28259	-614.90598	378.84986	-0.01878	0.06926	89.96864	0.46056	0.00055	1.00000	-0.00033	-1.00000	0.00055	0.00121	0.00121	0.00033	1.00000	
1026.77730	-614.62728	378.46143	-0.00786	0.06601	89.98145	0.45394	0.00032	1.00000	-0.00014	-1.00000	0.00032	0.00115	0.00115	0.00014	1.00000	
1025.92055	-615.03886	378.96948	-0.02182	0.06940	89.96180	0.47501	0.00067	1.00000	-0.00038	-1.00000	0.00067	0.00121	0.00121	0.00038	1.00000	
1026.01548	-614.91607	378.63910	-0.01743	0.08077	89.96686	0.44857	0.00058	1.00000	-0.00031	-1.00000	0.00058	0.00141	0.00141	0.00030	1.00000	
1025.76732	-615.14009	379.15387	-0.02655	0.06933	89.95795	0.47201	0.00073	1.00000	-0.00046	-1.00000	0.00073	0.00121	0.00121	0.00046	1.00000	
1025.75071	-615.03807	378.73075	-0.02079	0.08778	89.96147	0.49493	0.00067	1.00000	-0.00036	-1.00000	0.00067	0.00153	0.00153	0.00036	1.00000	
1026.25105	-614.95793	378.67749	-0.01712	0.08063	89.97075	0.44614	0.00051	1.00000	-0.00030	-1.00000	0.00051	0.00141	0.00141	0.00030	1.00000	
1027.17584	-614.62434	378.70434	-0.01593	0.07425	89.99422	0.42754	0.00010	1.00000	-0.00028	-1.00000	0.00010	0.00130	0.00130	0.00028	1.00000	
1025.88414	-615.22404	379.39550	-0.03612	0.08210	89.96275	0.46615	0.00065	1.00000	-0.00063	-1.00000	0.00065	0.00143	0.00143	0.00063	1.00000	
1026.91784	-614.86081	379.19375	-0.02638	0.06976	89.98623	0.47571	0.00024	1.00000	-0.00046	-1.00000	0.00024	0.00122	0.00122	0.00046	1.00000	
1026.22894	-615.12644	379.07553	-0.02490	0.07314	89.96934	0.48337	0.00054	1.00000	-0.00044	-1.00000	0.00054	0.00128	0.00128	0.00043	1.00000	
1026.96326	-614.84044	379.03180	-0.02492	0.07877	89.99012	0.43789	0.00017	1.00000	-0.00044	-1.00000	0.00017	0.00137	0.00137	0.00043	1.00000	
1027.57799	-614.73709	379.27063	-0.02123	0.05088	89.99740	0.45082	0.00005	1.00000	-0.00037	-1.00000	0.00005	0.00089	0.00089	0.00037	1.00000	
1027.23302	-614.94156	379.30032	-0.01971	0.04306	89.98551	0.45293	0.00025	1.00000	-0.00034	-1.00000	0.00025	0.00075	0.00075	0.00034	1.00000	
1027.88235	-614.60693	378.94969	-0.01075	0.04366	90.00269	0.45936	-0.00005	1.00000	-0.00019	-1.00000	-0.00005	0.00076	0.00076	0.00019	1.00000	
1027.41846	-614.72972	378.74309	-0.00850	0.04971	89.99296	0.43934	0.00012	1.00000	-0.00015	-1.00000	0.00012	0.00087	0.00087	0.00015	1.00000	
1026.37662	-615.07084	378.85593	-0.01360	0.05588	89.96941	0.44877	0.00053	1.00000	-0.00024	-1.00000	0.00053	0.00098	0.00098	0.00024	1.00000	
1027.22310	-614.64360	378.39763	-0.00796	0.07225	89.99539	0.46723	0.00008	1.00000	-0.00014	-1.00000	0.00008	0.00126	0.00126	0.00014	1.00000	
1026.76006	-614.97658	378.96589	-0.01684	0.05321	89.97963	0.43003	0.00036	1.00000	-0.00029	-1.00000	0.00036	0.00093	0.00093	0.00029	1.00000	
1026.20593	-615.11432	379.11781	-0.02730	0.07367	89.97159	0.44854	0.00050	1.00000	-0.00048	-1.00000	0.00050	0.00129	0.00129	0.00048	1.00000	
1026.46187	-615.08023	379.14278	-0.02264	0.05659	89.97401	0.47008	0.00045	1.00000	-0.00040	-1.00000	0.00045	0.00099	0.00099	0.00040	1.00000	
1026.31964	-615.18660	379.39120	-0.02886	0.05804	89.97078	0.45966	0.00051	1.00000	-0.00050	-1.00000	0.00051	0.00101	0.00101	0.00050	1.00000	
1027.05532	-615.02837	379.50285	-0.03069	0.05394	89.98787	0.47944	0.00021	1.00000	-0.00054	-1.00000	0.00021	0.00094	0.00094	0.00054	1.00000	
1026.96909	-615.01282	379.45204	-0.02500	0.04059	89.98226	0.48928	0.00031	1.00000	-0.00044	-1.00000	0.00031	0.00071	0.00071	0.00044	1.00000	
1027.39444	-614.98064	379.64911	-0.02853	0.03438	89.99079	0.49667	0.00016	1.00000	-0.00050	-1.00000	0.00016	0.00060	0.00060	0.00050	1.00000	
1026.86404	-615.14377	379.44110	-0.02455	0.03913	89.97738	0.50487	0.00039	1.00000	-0.00043	-1.00000	0.00040	0.00068	0.00068	0.00043	1.00000	
1026.22896	-615.32759	379.23927	-0.02517	0.05567	89.96499	0.54016	0.00061	1.00000	-0.00044	-1.00000	0.00061	0.00097	0.00097	0.00044	1.00000	
1026.89408	-614.97951	378.64374	-0.00657	0.04348	89.97826	0.51875	0.00038	1.00000	-0.00011	-1.00000	0.00038	0.00076	0.00076	0.00011	1.00000	
1025.92674	-615.51071	379.31456	-0.02699	0.05310	89.95605	0.51210	0.00077	1.00000	-0.00047	-1.00000	0.00077	0.00093	0.00093	0.00047	1.00000	
1025.63885	-615.65067	379.61037	-0.03503	0.05484	89.94919	0.53109	0.00089	1.00000	-0.00061	-1.00000	0.00089	0.00096	0.00096	0.00061	1.00000	
1026.38691	-615.37283	379.35801	-0.02955	0.05601	89.96851	0.50972	0.00055	1.00000	-0.00052	-1.00000	0.00055	0.00098	0.00098	0.00052	1.00000	
1025.55668	-615.64142	379.22091	-0.02618	0.05382	89.94769	0.53372	0.00091	1.00000	-0.00046	-1.00000	0.00091	0.00094	0.00094	0.00046	1.00000	
1026.62669	-615.31299	379.14536	-0.02277	0.05034	89.97335	0.50896	0.00047	1.00000	-0.00040	-1.00000	0.00047	0.00088	0.00088	0.00040	1.00000	
1025.77881	-615.68476	379.32398	-0.02879	0.05327	89.95104	0.49218	0.00085	1.00000	-0.00050	-1.00000	0.00085	0.00093	0.00093	0.00050	1.00000	
1026.16237	-615.48429	378.95791	-0.01842	0.05249	89.96054	0.51085	0.00069	1.00000	-0.00032	-1.00000	0.00069	0.00092	0.00092	0.00032	1.00000	
1025.75867	-615.63254	379.06236	-0.02146	0.05488	89.95043	0.52293	0.00087	1.00000	-0.00038	-1.00000	0.00087	0.00096	0.00096	0.00037	1.00000	
1025.87282	-615.62569	379.13134	-0.02115	0.05026	89.95305	0.48321	0.00082	1.00000	-0.00037	-1.00000	0.00082	0.00088	0.00088	0.00037	1.00000	
1026.17835	-615.49240	379.02745	-0.01894	0.05050	89.96049	0.46824	0.00069	1.00000	-0.00033	-1.00000	0.00069	0.00088	0.00088	0.00033	1.00000	
1026.33063	-615.51387	379.23076	-0.02032	0.04251	89.96220	0.49698	0.00066	1.00000	-0.00036	-1.00000	0.00066	0.00074	0.00074	0.00035	1.00000	
1025.80741	-615.73563	379.31796	-0.02147	0.03623	89.94628	0.48380	0.00094	1.00000	-0.00038	-1.00000	0.00094	0.00063	0.00063	0.00037	1.00000	
1025.97822	-615.70094	379.51829	-0.02448	0.03227	89.95015	0.47528	0.00087	1.00000	-0.00043	-1.00000	0.00087	0.00056	0.00056	0.00043	1.00000	
1026.40601	-615.42801	379.02687	-0.01452	0.04034	89.96316	0.48667	0.00064	1.00000	-0.00025	-1.00000	0.00064	0.00070	0.00070	0.00025	1.00000	
1026.13241	-615.51760	379.16599	-0.01784	0.03838	89.95681	0.47814	0.00075	1.00000	-0.00031	-1.00000	0.00075	0.00067	0.00067	0.00031	1.00000	
1026.61990	-615.25968	378.98730	-0.01328	0.03669	89.96940	0.47245	0.00053	1.00000	-0.00023	-1.00000	0.00053	0.00064	0.00064	0.00023	1.00000	
1027.29336	-614.93793	378.51347	0.00016	0.03143	89.98469	0.44039	0.00027	1.00000	0.00000	-1.00000	0.00027	0.00055	0.00055	-0.00000	1.00000	
1026.94825	-615.10831	378.66478	-0.00580	0.03835	89.97857	0.46757	0.00037	1.00000	-0.00010	-1.00000	0.00037	0.00067	0.00067	0.00010	1.00000	
1026.32554	-615.28818	378.81311	-0.01382	0.05232	89.96654	0.45587	0.00058	1.00000	-0.00024	-1.00000	0.00058	0.00091	0.00091	0.00024	1.00000	
1026.90650	-615.07876	378.55800	-0.00794	0.05403	89.98266	0.43353	0.00030	1.00000	-0.00014	-1.00000	0.00030	0.00094	0.00094	0.00014	1.00000	
1026.76416	-615.05676	378.28642	-0.00237	0.06099	89.97982	0.46211	0.00035	1.00000	-0.00004	-1.00000	0.00035	0.00106	0.00106	0.00004	1.00000	
1026.75561	-615.04486	378.24338	-0.00065	0.05769	89.97833	0.44851	0.00038	1.00000	-0.00001	-1.00000	0.00038	0.00101	0.00101	0.00001	1.00000	
1026.69323	-615.07924	378.26550	-0.00293	0.06369	89.97883	0.46296	0.00037	1.00000	-0.00005	-1.00000	0.00037	0.00111	0.00111	0.00005	1.00000	
1026.79425	-614.96663	377.94468	0.00822	0.05660	89.98013	0.46284	0.00035	1.00000	0.00014	-1.00000	0.00035	0.00099	0.00099	-0.00014	1.00000	
1025.99330	-615.37352	378.40071	-0.00520	0.06205	89.96049	0.48447	0.00069	1.00000	-0.00009	-1.00000	0.00069	0.00108	0.00108	0.00009	1.00000	
1027.26575	-614.90758	378.45472	-0.00605	0.06144	89.99348	0.46570	0.00011	1.00000	-0.00011	-1.00000	0.00011	0.00107	0.00107	0.00011	1.00000	
1027.08035	-614.91389	378.06956	0.00113	0.06810	89.99088	0.47311	0.00016	1.00000	0.00002	-1.00000	0.00016	0.00119	0.00119	-0.00002	1.00000	
1026.90814	-615.01798	378.19633	-0.00022	0.05785	89.98363	0.47592	0.00029	1.00000	-0.00000	-1.00000	0.00029	0.00101	0.00101	0.00000	1.00000	
1028.42842	-614.29702	377.35338	0.01689	0.07148	90.02649	0.45543	-0.00046	1.00000	0.00030	-1.00000	-0.00046	0.00125	0.00125	-0.00029	1.00000	
1028.08391	-614.55938	377.87986	0.00282	0.06746	90.01764	0.44347	-0.00031	1.00000	0.00005	-1.00000	-0.00031	0.00118	0.00118	-0.00005	1.00000	
1027.59838	-614.81476	378.06984	-0.00297	0.07201	90.00724	0.40820	-0.00013	1.00000	-0.00005	-1.00000	-0.00013	0.00126	0.00126	0.00005	1.00000	
1027.64782	-614.89954	378.39712	-0.00816	0.06207	90.00496	0.43174	-0.00009	1.00000	-0.00014	-1.00000	-0.00009	0.00108	0.00108	0.00014	1.00000	
1026.98655	-615.01502	377.94675	-0.00076	0.07319	89.99142	0.45921	0.00015	1.00000	-0.00001	-1.00000	0.00015	0.00128	0.00128	0.00001	1.00000	
1026.96146	-615.16570	378.17631	-0.00231	0.06067	89.98674	0.44963	0.00023	1.00000	-0.00004	-1.00000	0.00023	0.00106	0.00106	0.00004	1.00000	
1027.76231	-614.76803	377.77716	0.00688	0.06657	90.00963	0.43141	-0.00017	1.00000	0.00012	-1.00000	-0.00017	0.00116	0.00116	-0.00012	1.00000	
1026.73922	-615.52268	378.93567	-0.01886	0.05672	89.98008	0.41702	0.00035	1.00000	-0.00033	-1.00000	0.00035	0.00099	0.00099	0.00033	1.00000	
1028.00251	-614.83894	378.30851	-0.00201	0.05552	90.01232	0.43712	-0.00022	1.00000	-0.00003	-1.00000	-0.00022	0.00097	0.00097	0.00003	1.00000	
1027.84858	-614.82215	377.90118	0.00646	0.06169	90.01033	0.43111	-0.00018	1.00000	0.00011	-1.00000	-0.00018	0.00108	0.00108	-0.00011	1.00000	
1027.90080	-614.87177	378.24525	-0.00098	0.05765	90.01109	0.47257	-0.00019	1.00000	-0.00002	-1.00000	-0.00019	0.00101	0.00101	0.00002	1.00000	
1026.91920	-615.22358	378.34926	-0.00633	0.06682	89.98849	0.45479	0.00020	1.00000	-0.00011	-1.00000	0.00020	0.00117	0.00117	0.00011	1.00000	
1027.38794	-615.04547	378.34946	-0.00256	0.05495	89.99780	0.45921	0.00004	1.00000	-0.00004	-1.00000	0.00004	0.00096	0.00096	0.00004	1.00000	
1027.03326	-615.26900	378.72178	-0.01355	0.05818	89.98974	0.44695	0.00018	1.00000	-0.00024	-1.00000	0.00018	0.00102	0.00102	0.00024	1.00000	
1026.73294	-615.24316	378.29568	-0.00225	0.05504	89.98186	0.41988	0.00032	1.00000	-0.00004	-1.00000	0.00032	0.00096	0.00096	0.00004	1.00000	
1027.18237	-615.14577	378.42654	-0.00200	0.04495	89.99007	0.42787	0.00017	1.00000	-0.00004	-1.00000	0.00017	0.00078	0.00078	0.00003	1.00000	
1027.01380	-615.05299	378.16545	0.00080	0.05828	89.99049	0.40694	0.00017	1.00000	0.00001	-1.00000	0.00017	0.00102	0.00102	-0.00001	1.00000	
1026.90564	-615.15216	378.32277	-0.00505	0.06016	89.98867	0.42289	0.00020	1.00000	-0.00009	-1.00000	0.00020	0.00105	0.00105	0.00009	1.00000	
1026.94705	-615.02290	377.73102	0.00725	0.06660	89.99139	0.37759	0.00015	1.00000	0.00013	-1.00000	0.00015	0.00116	0.00116	-0.00013	1.00000	
1026.91646	-615.16230	378.23647	0.00218	0.04477	89.98663	0.39610	0.00023	1.00000	0.00004	-1.00000	0.00023	0.00078	0.00078	-0.00004	1.00000	
1026.84098	-615.16783	378.12322	-0.00196	0.06438	89.98844	0.39204	0.00020	1.00000	-0.00003	-1.00000	0.00020	0.00112	0.00112	0.00003	1.00000	
1027.04892	-615.18776	378.51470	-0.01049	0.06107	89.99404	0.36367	0.00010	1.00000	-0.00018	-1.00000	0.00010	0.00107	0.00107	0.00018	1.00000	
1027.51805	-614.92492	378.15712	-0.00182	0.06069	90.00665	0.38594	-0.00012	1.00000	-0.00003	-1.00000	-0.00012	0.00106	0.00106	0.00003	1.00000	
1027.68015	-614.81831	377.95578	0.00469	0.05755	90.01014	0.35549	-0.00018	1.00000	0.00008	-1.00000	-0.00018	0.00100	0.00100	-0.00008	1.00000	
1026.73875	-615.23841	378.35613	-0.00474	0.05488	89.98540	0.35740	0.00025	1.00000	-0.00008	-1.00000	0.00025	0.00096	0.00096	0.00008	1.00000	
1026.83352	-615.36809	378.76588	-0.01278	0.04790	89.98540	0.34600	0.00025	1.00000	-0.00022	-1.00000	0.00025	0.00084	0.00084	0.00022	1.00000	
1027.07837	-615.21171	378.32795	-0.00387	0.05589	89.99267	0.34795	0.00013	1.00000	-0.00007	-1.00000	0.00013	0.00098	0.00098	0.00007	1.00000	
1026.87297	-615.39155	378.75053	-0.01080	0.04404	89.98428	0.33485	0.00027	1.00000	-0.00019	-1.00000	0.00027	0.00077	0.00077	0.00019	1.00000	
1026.89875	-615.45497	378.81248	-0.01429	0.04979	89.98592	0.36648	0.00025	1.00000	-0.00025	-1.00000	0.00025	0.00087	0.00087	0.00025	1.00000	
1027.31578	-615.15832	378.29942	-0.00370	0.05912	89.99983	0.36546	0.00000	1.00000	-0.00006	-1.00000	0.00000	0.00103	0.00103	0.00006	1.00000	
1026.90335	-615.36199	378.65225	-0.01042	0.05355	89.98840	0.38202	0.00020	1.00000	-0.00018	-1.00000	0.00020	0.00093	0.00093	0.00018	1.00000	
1027.25139	-615.19986	378.61517	-0.00532	0.03904	89.99461	0.38496	0.00009	1.00000	-0.00009	-1.00000	0.00009	0.00068	0.00068	0.00009	1.00000	
1027.31306	-615.05572	378.21706	-0.00173	0.05742	90.00146	0.36820	-0.00003	1.00000	-0.00003	-1.00000	-0.00003	0.00100	0.00100	0.00003	1.00000	
1027.52495	-614.98941	378.43598	-0.00240	0.04508	90.00473	0.40814	-0.00008	1.00000	-0.00004	-1.00000	-0.00008	0.00079	0.00079	0.00004	1.00000	
1027.75692	-614.89351	378.37768	-0.00271	0.05101	90.01214	0.39902	-0.00021	1.00000	-0.00005	-1.00000	-0.00021	0.00089	0.00089	0.00005	1.00000	
1027.95244	-614.70755	377.75220	0.01206	0.05437	90.01687	0.40940	-0.00029	1.00000	0.00021	-1.00000	-0.00029	0.00095	0.00095	-0.00021	1.00000	
1027.76913	-614.95339	378.29791	0.00108	0.04888	90.01014	0.42399	-0.00018	1.00000	0.00002	-1.00000	-0.00018	0.00085	0.00085	-0.00002	1.00000	
1027.33178	-615.22527	378.62875	-0.00891	0.05847	89.99938	0.43539	0.00001	1.00000	-0.00016	-1.00000	0.00001	0.00102	0.00102	0.00016	1.00000	
1027.40809	-615.13187	378.16894	0.00049	0.06605	90.00275	0.41352	-0.00005	1.00000	0.00001	-1.00000	-0.00005	0.00115	0.00115	-0.00001	1.00000	
1027.16287	-615.28477	378.40453	-0.00814	0.07233	89.99668	0.40220	0.00006	1.00000	-0.00014	-1.00000	0.00006	0.00126	0.00126	0.00014	1.00000	
1026.97471	-615.39137	378.50264	-0.01013	0.06771	89.99101	0.42284	0.00016	1.00000	-0.00018	-1.00000	0.00016	0.00118	0.00118	0.00018	1.00000	
1026.79663	-615.48773	378.55614	-0.01194	0.06800	89.98748	0.41784	0.00022	1.00000	-0.00021	-1.00000	0.00022	0.00119	0.00119	0.00021	1.00000	
1026.54303	-615.54269	378.48205	-0.00943	0.06445	89.97928	0.42255	0.00036	1.00000	-0.00017	-1.00000	0.00036	0.00112	0.00112	0.00016	1.00000	
1026.34632	-615.50735	378.15259	-0.00578	0.07442	89.97702	0.39860	0.00040	1.00000	-0.00010	-1.00000	0.00040	0.00130	0.00130	0.00010	1.00000	
1026.20045	-615.79083	378.83636	-0.01884	0.06290	89.97001	0.39579	0.00052	1.00000	-0.00033	-1.00000	0.00052	0.00110	0.00110	0.00033	1.00000	
1026.49016	-615.63452	378.53720	-0.01646	0.07648	89.97988	0.43429	0.00035	1.00000	-0.00029	-1.00000	0.00035	0.00133	0.00133	0.00029	1.00000	
1026.20433	-615.70421	378.36706	-0.01392	0.08075	89.97283	0.42762	0.00047	1.00000	-0.00024	-1.00000	0.00047	0.00141	0.00141	0.00024	1.00000	
1026.40132	-615.67092	378.54086	-0.01696	0.07625	89.97762	0.43926	0.00039	1.00000	-0.00030	-1.00000	0.00039	0.00133	0.00133	0.00030	1.00000	
1026.74684	-615.60149	378.62937	-0.01779	0.07176	89.98469	0.43914	0.00027	1.00000	-0.00031	-1.00000	0.00027	0.00125	0.00125	0.00031	1.00000	
1027.25753	-615.20759	378.00412	-0.00333	0.07581	89.99905	0.41232	0.00002	1.00000	-0.00006	-1.00000	0.00002	0.00132	0.00132	0.00006	1.00000	
1026.44341	-615.64186	378.71575	-0.01815	0.06793	89.97865	0.42038	0.00037	1.00000	-0.00032	-1.00000	0.00037	0.00119	0.00119	0.00032	1.00000	
1026.62758	-615.54259	378.77286	-0.01779	0.06536	89.98225	0.45764	0.00031	1.00000	-0.00031	-1.00000	0.00031	0.00114	0.00114	0.00031	1.00000	
1026.58941	-615.54829	378.67617	-0.01748	0.07528	89.98374	0.43109	0.00028	1.00000	-0.00031	-1.00000	0.00028	0.00131	0.00131	0.00031	1.00000	
1026.49400	-615.54935	378.55553	-0.00961	0.06031	89.97734	0.45178	0.00040	1.00000	-0.00017	-1.00000	0.00040	0.00105	0.00105	0.00017	1.00000	
1025.50618	-615.92316	378.86762	-0.02175	0.07319	89.95698	0.49661	0.00075	1.00000	-0.00038	-1.00000	0.00075	0.00128	0.00128	0.00038	1.00000	
1026.17301	-615.67364	378.66656	-0.01640	0.07186	89.97314	0.45625	0.00047	1.00000	-0.00029	-1.00000	0.00047	0.00125	0.00125	0.00029	1.00000	
1025.49218	-615.94615	378.75983	-0.02283	0.08413	89.95840	0.48354	0.00073	1.00000	-0.00040	-1.00000	0.00073	0.00147	0.00147	0.00040	1.00000	
1026.01955	-615.82559	378.77200	-0.01752	0.06800	89.96705	0.44807	0.00058	1.00000	-0.00031	-1.00000	0.00058	0.00119	0.00119	0.00031	1.00000	
1025.37413	-615.95108	378.60501	-0.01840	0.08380	89.95583	0.46572	0.00077	1.00000	-0.00032	-1.00000	0.00077	0.00146	0.00146	0.00032	1.00000	
1025.67250	-615.99505	378.96396	-0.02243	0.06965	89.95911	0.45849	0.00071	1.00000	-0.00039	-1.00000	0.00071	0.00122	0.00122	0.00039	1.00000	
1025.94481	-615.80437	378.57526	-0.01128	0.06759	89.96591	0.47652	0.00059	1.00000	-0.00020	-1.00000	0.00060	0.00118	0.00118	0.00020	1.00000	
1025.93114	-615.79317	378.35961	-0.00611	0.06799	89.96429	0.43771	0.00062	1.00000	-0.00011	-1.00000	0.00062	0.00119	0.00119	0.00011	1.00000	
1026.02438	-615.86101	378.85055	-0.01954	0.07180	89.96804	0.44687	0.00056	1.00000	-0.00034	-1.00000	0.00056	0.00125	0.00125	0.00034	1.00000	
1025.69504	-616.09150	378.95717	-0.01980	0.06531	89.95776	0.44429	0.00074	1.00000	-0.00035	-1.00000	0.00074	0.00114	0.00114	0.00035	1.00000	
1026.16705	-615.88322	378.65304	-0.01381	0.06853	89.97007	0.43610	0.00052	1.00000	-0.00024	-1.00000	0.00052	0.00120	0.00120	0.00024	1.00000	
1026.68227	-615.72535	378.78721	-0.01394	0.05629	89.98018	0.42727	0.00035	1.00000	-0.00024	-1.00000	0.00035	0.00098	0.00098	0.00024	1.00000	
1026.39367	-615.98749	379.40212	-0.02839	0.05332	89.97240	0.38473	0.00048	1.00000	-0.00050	-1.00000	0.00048	0.00093	0.00093	0.00050	1.00000	
1026.39745	-615.89273	379.05200	-0.02225	0.06009	89.97392	0.41390	0.00046	1.00000	-0.00039	-1.00000	0.00046	0.00105	0.00105	0.00039	1.00000	
1026.90522	-615.62772	378.64988	-0.01263	0.06164	89.98771	0.40284	0.00021	1.00000	-0.00022	-1.00000	0.00021	0.00108	0.00108	0.00022	1.00000	
1026.99991	-615.72326	379.09694	-0.02015	0.05285	89.98717	0.44341	0.00022	1.00000	-0.00035	-1.00000	0.00022	0.00092	0.00092	0.00035	1.00000	
1026.78364	-615.77740	378.83219	-0.01407	0.05812	89.98288	0.41407	0.00030	1.00000	-0.00025	-1.00000	0.00030	0.00101	0.00101	0.00025	1.00000	
1026.13805	-615.97206	378.72057	-0.01127	0.05905	89.96720	0.41692	0.00057	1.00000	-0.00020	-1.00000	0.00057	0.00103	0.00103	0.00020	1.00000	
1026.30828	-615.74478	378.23280	-0.00295	0.07256	89.97482	0.42746	0.00044	1.00000	-0.00005	-1.00000	0.00044	0.00127	0.00127	0.00005	1.00000	
1025.97615	-615.82932	378.22012	-0.00164	0.07120	89.96515	0.42252	0.00061	1.00000	-0.00003	-1.00000	0.00061	0.00124	0.00124	0.00003	1.00000	
1026.02895	-615.95145	378.66035	-0.01274	0.06897	89.96676	0.43526	0.00058	1.00000	-0.00022	-1.00000	0.00058	0.00120	0.00120	0.00022	1.00000	
1026.84407	-615.79593	378.97108	-0.01908	0.06299	89.98587	0.43065	0.00025	1.00000	-0.00033	-1.00000	0.00025	0.00110	0.00110	0.00033	1.00000	
1026.64999	-615.88530	378.85652	-0.01911	0.06822	89.98109	0.41178	0.00033	1.00000	-0.00033	-1.00000	0.00033	0.00119	0.00119	0.00033	1.00000	
1027.06419	-615.59878	378.18462	-0.00821	0.08781	89.99668	0.39965	0.00006	1.00000	-0.00014	-1.00000	0.00006	0.00153	0.00153	0.00014	1.00000	
1027.13152	-615.60468	378.30565	-0.00867	0.07839	89.99548	0.38776	0.00008	1.00000	-0.00015	-1.00000	0.00008	0.00137	0.00137	0.00015	1.00000	
1027.21813	-615.56579	378.20628	-0.00308	0.07035	89.99494	0.37328	0.00009	1.00000	-0.00005	-1.00000	0.00009	0.00123	0.00123	0.00005	1.00000	
1026.80661	-615.72833	378.39290	-0.01090	0.07837	89.98680	0.40340	0.00023	1.00000	-0.00019	-1.00000	0.00023	0.00137	0.00137	0.00019	1.00000	
1026.48981	-615.75962	378.24158	-0.00345	0.07085	89.97725	0.36716	0.00040	1.00000	-0.00006	-1.00000	0.00040	0.00124	0.00124	0.00006	1.00000	
1025.19767	-616.38578	378.94239	-0.02011	0.06653	89.94362	0.38758	0.00098	1.00000	-0.00035	-1.00000	0.00098	0.00116	0.00116	0.00035	1.00000	
1025.78784	-616.02023	378.37155	-0.00843	0.07224	89.96033	0.40299	0.00069	1.00000	-0.00015	-1.00000	0.00069	0.00126	0.00126	0.00015	1.00000	
1025.60523	-615.98846	378.00990	-0.00285	0.08483	89.95937	0.39553	0.00071	1.00000	-0.00005	-1.00000	0.00071	0.00148	0.00148	0.00005	1.00000	
1025.63479	-615.97599	378.30034	-0.00873	0.07688	89.95847	0.42410	0.00072	1.00000	-0.00015	-1.00000	0.00073	0.00134	0.00134	0.00015	1.00000	
1026.37275	-615.66481	378.17510	-0.00480	0.07131	89.97688	0.41908	0.00040	1.00000	-0.00008	-1.00000	0.00040	0.00124	0.00124	0.00008	1.00000	
1026.36272	-615.69778	378.21845	-0.00620	0.07197	89.97765	0.42596	0.00039	1.00000	-0.00011	-1.00000	0.00039	0.00126	0.00126	0.00011	1.00000	
1026.52305	-615.67645	378.36508	-0.01409	0.08761	89.98445	0.42654	0.00027	1.00000	-0.00025	-1.00000	0.00027	0.00153	0.00153	0.00025	1.00000	
1026.80604	-615.56630	378.55199	-0.01286	0.07157	89.98950	0.41287	0.00018	1.00000	-0.00022	-1.00000	0.00018	0.00125	0.00125	0.00022	1.00000	
1026.14873	-615.92103	379.01487	-0.02387	0.07399	89.97327	0.41985	0.00047	1.00000	-0.00042	-1.00000	0.00047	0.00129	0.00129	0.00042	1.00000	
1026.46198	-615.68018	378.45336	-0.01483	0.08635	89.98442	0.42103	0.00027	1.00000	-0.00026	-1.00000	0.00027	0.00151	0.00151	0.00026	1.00000	
1026.36249	-615.67618	378.27389	-0.00987	0.08495	89.98197	0.39906	0.00031	1.00000	-0.00017	-1.00000	0.00031	0.00148	0.00148	0.00017	1.00000	
1026.09825	-615.76160	378.47325	-0.01418	0.08439	89.97432	0.43406	0.00045	1.00000	-0.00025	-1.00000	0.00045	0.00147	0.00147	0.00025	1.00000	
1026.27206	-615.60732	378.15908	-0.00951	0.09222	89.98134	0.39673	0.00033	1.00000	-0.00017	-1.00000	0.00033	0.00161	0.00161	0.00017	1.00000	
1026.70638	-615.40294	378.00325	-0.00354	0.08601	89.98986	0.42790	0.00018	1.00000	-0.00006	-1.00000	0.00018	0.00150	0.00150	0.00006	1.00000	
1027.14731	-615.42357	378.39319	-0.00853	0.07150	89.99573	0.40167	0.00007	1.00000	-0.00015	-1.00000	0.00007	0.00125	0.00125	0.00015	1.00000	
1026.64579	-615.60818	378.45286	-0.00742	0.06627	89.98048	0.42479	0.00034	1.00000	-0.00013	-1.00000	0.00034	0.00116	0.00116	0.00013	1.00000	
1026.73964	-615.56699	378.31209	-0.00536	0.07185	89.98421	0.42532	0.00028	1.00000	-0.00009	-1.00000	0.00028	0.00125	0.00125	0.00009	1.00000	
1027.31998	-615.32020	378.00067	0.00308	0.06901	89.99782	0.43676	0.00004	1.00000	0.00005	-1.00000	0.00004	0.00120	0.00120	-0.00005	1.00000	
1026.34095	-615.61316	377.93573	0.00052	0.08016	89.97627	0.44431	0.00041	1.00000	0.00001	-1.00000	0.00041	0.00140	0.00140	-0.00001	1.00000	
1026.39720	-615.55825	377.66249	0.00743	0.07831	89.97702	0.45698	0.00040	1.00000	0.00013	-1.00000	0.00040	0.00137	0.00137	-0.00013	1.00000	
1026.44778	-615.51135	377.80158	0.00460	0.07982	89.97933	0.47936	0.00036	1.00000	0.00008	-1.00000	0.00036	0.00139	0.00139	-0.00008	1.00000	
1025.82150	-615.81546	378.07886	-0.00686	0.09142	89.96722	0.48374	0.00057	1.00000	-0.00012	-1.00000	0.00057	0.00160	0.00160	0.00012	1.00000	
1025.60683	-615.85940	377.95218	-0.00512	0.09636	89.96339	0.47324	0.00064	1.00000	-0.00009	-1.00000	0.00064	0.00168	0.00168	0.00009	1.00000	
1025.82541	-615.69005	377.68440	0.00178	0.09612	89.96927	0.46532	0.00054	1.00000	0.00003	-1.00000	0.00054	0.00168	0.00168	-0.00003	1.00000	
1025.31508	-615.76713	377.64722	0.00273	0.09814	89.95792	0.47833	0.00073	1.00000	0.00005	-1.00000	0.00073	0.00171	0.00171	-0.00005	1.00000	
1024.80141	-616.03219	377.93350	-0.00322	0.09485	89.94338	0.47687	0.00099	1.00000	-0.00006	-1.00000	0.00099	0.00166	0.00166	0.00006	1.00000	
1025.53904	-615.79683	377.93989	-0.00285	0.09123	89.96133	0.47891	0.00068	1.00000	-0.00005	-1.00000	0.00068	0.00159	0.00159	0.00005	1.00000	
1026.22707	-615.59201	378.06109	-0.00193	0.08044	89.97591	0.47248	0.00042	1.00000	-0.00003	-1.00000	0.00042	0.00140	0.00140	0.00003	1.00000	
1026.41711	-615.54920	378.00471	-0.00341	0.08959	89.98173	0.49654	0.00032	1.00000	-0.00006	-1.00000	0.00032	0.00156	0.00156	0.00006	1.00000	
1026.31823	-615.56625	377.79200	0.00372	0.08382	89.97627	0.48996	0.00041	1.00000	0.00006	-1.00000	0.00041	0.00146	0.00146	-0.00006	1.00000	
1025.79221	-615.98113	378.55631	-0.01481	0.08195	89.96120	0.50897	0.00068	1.00000	-0.00026	-1.00000	0.00068	0.00143	0.00143	0.00026	1.00000	
1026.37782	-615.67005	377.99184	-0.00262	0.08956	89.97663	0.49729	0.00041	1.00000	-0.00005	-1.00000	0.00041	0.00156	0.00156	0.00005	1.00000	
1025.75683	-616.05257	378.35751	-0.01437	0.09338	89.96018	0.48235	0.00069	1.00000	-0.00025	-1.00000	0.00070	0.00163	0.00163	0.00025	1.00000	
1025.35187	-616.32665	378.86975	-0.02887	0.09745	89.94949	0.46956	0.00088	1.00000	-0.00051	-1.00000	0.00088	0.00170	0.00170	0.00050	1.00000	
1024.94050	-616.52314	378.94098	-0.02657	0.08519	89.93616	0.44210	0.00111	1.00000	-0.00047	-1.00000	0.00111	0.00149	0.00149	0.00046	1.00000	
1024.34913	-616.70692	378.81546	-0.02725	0.09539	89.92284	0.46099	0.00135	1.00000	-0.00048	-1.00000	0.00135	0.00166	0.00166	0.00048	1.00000	
1023.63450	-617.01083	379.19613	-0.03335	0.08288	89.90105	0.47342	0.00173	1.00000	-0.00058	-1.00000	0.00173	0.00145	0.00145	0.00058	1.00000	
1023.65484	-617.00538	379.04679	-0.03067	0.08155	89.90073	0.49927	0.00173	1.00000	-0.00054	-1.00000	0.00173	0.00142	0.00142	0.00054	1.00000	
1024.45247	-616.61174	378.73982	-0.02040	0.07285	89.91944	0.48229	0.00141	1.00000	-0.00036	-1.00000	0.00141	0.00127	0.00127	0.00036	1.00000	
1024.97070	-616.43598	378.80199	-0.02308	0.07789	89.93495	0.45990	0.00114	1.00000	-0.00040	-1.00000	0.00114	0.00136	0.00136	0.00040	1.00000	
1025.14438	-616.27590	378.65789	-0.02267	0.08805	89.94220	0.43837	0.00101	1.00000	-0.00040	-1.00000	0.00101	0.00154	0.00154	0.00040	1.00000	
1024.97872	-616.33933	378.78655	-0.02632	0.08575	89.93879	0.46623	0.00107	1.00000	-0.00046	-1.00000	0.00107	0.00150	0.00150	0.00046	1.00000	
1025.28666	-616.23981	378.87864	-0.02595	0.07913	89.94579	0.47538	0.00095	1.00000	-0.00045	-1.00000	0.00095	0.00138	0.00138	0.00045	1.00000	
1026.07575	-615.78225	378.11982	-0.00979	0.09032	89.96934	0.47754	0.00054	1.00000	-0.00017	-1.00000	0.00054	0.00158	0.00158	0.00017	1.00000	
1025.50812	-616.14211	378.65660	-0.02501	0.09512	89.95599	0.43833	0.00077	1.00000	-0.00044	-1.00000	0.00077	0.00166	0.00166	0.00044	1.00000	
1025.50287	-616.21105	379.02711	-0.02520	0.06778	89.95058	0.42494	0.00086	1.00000	-0.00044	-1.00000	0.00086	0.00118	0.00118	0.00044	1.00000	
1026.65869	-615.66502	378.45395	-0.01396	0.07839	89.98240	0.44423	0.00031	1.00000	-0.00024	-1.00000	0.00031	0.00137	0.00137	0.00024	1.00000	
1026.10408	-616.10966	379.47482	-0.03289	0.05675	89.96215	0.42473	0.00066	1.00000	-0.00057	-1.00000	0.00066	0.00099	0.00099	0.00057	1.00000	
1026.14630	-616.03356	379.12086	-0.02923	0.07068	89.96638	0.42498	0.00059	1.00000	-0.00051	-1.00000	0.00059	0.00123	0.00123	0.00051	1.00000	
1027.45140	-615.53593	379.02293	-0.02427	0.06146	89.99678	0.42288	0.00006	1.00000	-0.00042	-1.00000	0.00006	0.00107	0.00107	0.00042	1.00000	
1027.48700	-615.52885	379.02417	-0.02293	0.05669	89.99654	0.38949	0.00006	1.00000	-0.00040	-1.00000	0.00006	0.00099	0.00099	0.00040	1.00000	
1027.09487	-615.53540	378.77308	-0.01420	0.05504	89.98579	0.40210	0.00025	1.00000	-0.00025	-1.00000	0.00025	0.00096	0.00096	0.00025	1.00000	
1026.70085	-615.62778	378.60770	-0.01232	0.06026	89.97536	0.39227	0.00043	1.00000	-0.00022	-1.00000	0.00043	0.00105	0.00105	0.00021	1.00000	
1026.74815	-615.64548	378.93053	-0.01785	0.05631	89.97704	0.44402	0.00040	1.00000	-0.00031	-1.00000	0.00040	0.00098	0.00098	0.00031	1.00000	
1026.11667	-616.00465	379.49088	-0.03402	0.06284	89.96127	0.47364	0.00068	1.00000	-0.00059	-1.00000	0.00068	0.00110	0.00110	0.00059	1.00000	
1026.01859	-616.00752	379.43173	-0.03455	0.07239	89.96116	0.47466	0.00068	1.00000	-0.00060	-1.00000	0.00068	0.00126	0.00126	0.00060	1.00000	
1026.01053	-615.93730	379.11933	-0.02622	0.07178	89.96131	0.45999	0.00068	1.00000	-0.00046	-1.00000	0.00068	0.00125	0.00125	0.00046	1.00000	
1024.99921	-616.38030	379.38355	-0.03668	0.08533	89.93804	0.48684	0.00108	1.00000	-0.00064	-1.00000	0.00108	0.00149	0.00149	0.00064	1.00000	
1024.87250	-616.52186	379.82696	-0.04503	0.08192	89.93404	0.49486	0.00115	1.00000	-0.00079	-1.00000	0.00115	0.00143	0.00143	0.00079	1.00000	
1026.08226	-616.00479	379.51137	-0.03483	0.07438	89.96442	0.48180	0.00062	1.00000	-0.00061	-1.00000	0.00062	0.00130	0.00130	0.00061	1.00000	
1025.52247	-616.37398	380.02811	-0.04236	0.05981	89.94421	0.46164	0.00097	1.00000	-0.00074	-1.00000	0.00097	0.00104	0.00104	0.00074	1.00000	
1025.01174	-616.51100	380.08466	-0.04480	0.06788	89.93672	0.46300	0.00110	1.00000	-0.00078	-1.00000	0.00111	0.00118	0.00118	0.00078	1.00000	
1026.40910	-616.14335	380.33837	-0.04504	0.04923	89.96577	0.45260	0.00060	1.00000	-0.00079	-1.00000	0.00060	0.00086	0.00086	0.00079	1.00000	
1025.99294	-616.30953	380.40216	-0.04846	0.05381	89.95677	0.45894	0.00075	1.00000	-0.00085	-1.00000	0.00076	0.00094	0.00094	0.00085	1.00000	
1025.90913	-616.24356	379.97192	-0.03832	0.06131	89.95679	0.44986	0.00075	1.00000	-0.00067	-1.00000	0.00075	0.00107	0.00107	0.00067	1.00000	
1026.87374	-615.95170	380.05494	-0.03856	0.05728	89.97939	0.41115	0.00036	1.00000	-0.00067	-1.00000	0.00036	0.00100	0.00100	0.00067	1.00000	
1026.91569	-615.93490	379.85313	-0.03259	0.05595	89.97953	0.40455	0.00036	1.00000	-0.00057	-1.00000	0.00036	0.00098	0.00098	0.00057	1.00000	
1027.16466	-615.72614	379.61103	-0.02600	0.05757	89.98699	0.37819	0.00023	1.00000	-0.00045	-1.00000	0.00023	0.00100	0.00100	0.00045	1.00000	
1027.46866	-615.62285	379.32737	-0.02044	0.05724	89.99403	0.38456	0.00010	1.00000	-0.00036	-1.00000	0.00010	0.00100	0.00100	0.00036	1.00000	
1027.60755	-615.56029	379.16724	-0.01682	0.05527	89.99609	0.33209	0.00007	1.00000	-0.00029	-1.00000	0.00007	0.00096	0.00096	0.00029	1.00000	
1027.03584	-615.60994	378.67647	-0.00586	0.05734	89.98260	0.33114	0.00030	1.00000	-0.00010	-1.00000	0.00030	0.00100	0.00100	0.00010	1.00000	
1026.87866	-615.72526	378.99136	-0.01020	0.04535	89.97432	0.33240	0.00045	1.00000	-0.00018	-1.00000	0.00045	0.00079	0.00079	0.00018	1.00000	
1026.32276	-616.08999	379.68319	-0.02588	0.03944	89.95850	0.30862	0.00072	1.00000	-0.00045	-1.00000	0.00072	0.00069	0.00069	0.00045	1.00000	
1026.66538	-615.78119	379.08559	-0.00964	0.03229	89.96603	0.36898	0.00059	1.00000	-0.00017	-1.00000	0.00059	0.00056	0.00056	0.00017	1.00000	
1026.35566	-615.86937	379.24158	-0.01255	0.03380	89.95824	0.31892	0.00073	1.00000	-0.00022	-1.00000	0.00073	0.00059	0.00059	0.00022	1.00000	
1027.26773	-615.38123	378.67805	0.00149	0.03408	89.98129	0.34958	0.00033	1.00000	0.00003	-1.00000	0.00033	0.00059	0.00059	-0.00003	1.00000	
1027.08885	-615.33942	378.44800	0.00483	0.04650	89.98043	0.34697	0.00034	1.00000	0.00008	-1.00000	0.00034	0.00081	0.00081	-0.00008	1.00000	
1027.61285	-615.03485	378.24343	0.00975	0.04796	89.99544	0.32837	0.00008	1.00000	0.00017	-1.00000	0.00008	0.00084	0.00084	-0.00017	1.00000	
1027.66772	-614.83509	377.63984	0.01999	0.06330	90.00134	0.34653	-0.00002	1.00000	0.00035	-1.00000	-0.00002	0.00110	0.00110	-0.00035	1.00000	
1028.53287	-614.42607	377.48732	0.02664	0.05048	90.02183	0.32528	-0.00038	1.00000	0.00047	-1.00000	-0.00038	0.00088	0.00088	-0.00046	1.00000	
1028.18218	-614.75206	378.38973	0.00772	0.04324	90.01050	0.32279	-0.00018	1.00000	0.00013	-1.00000	-0.00018	0.00075	0.00075	-0.00013	1.00000	
1027.53422	-614.96894	378.28326	0.00892	0.04285	89.99277	0.38716	0.00013	1.00000	0.00016	-1.00000	0.00013	0.00075	0.00075	-0.00016	1.00000	
1026.82915	-615.38716	378.89284	-0.00584	0.04003	89.97346	0.37562	0.00046	1.00000	-0.00010	-1.00000	0.00046	0.00070	0.00070	0.00010	1.00000	
1027.06037	-615.24525	378.65595	-0.00182	0.04498	89.98035	0.41184	0.00034	1.00000	-0.00003	-1.00000	0.00034	0.00079	0.00079	0.00003	1.00000	
1026.77959	-615.32594	378.72834	-0.00703	0.05475	89.97573	0.43268	0.00042	1.00000	-0.00012	-1.00000	0.00042	0.00096	0.00096	0.00012	1.00000	
1026.52275	-615.48619	379.03671	-0.01893	0.06558	89.97150	0.42825	0.00050	1.00000	-0.00033	-1.00000	0.00050	0.00114	0.00114	0.00033	1.00000	
1026.59847	-615.42417	378.77186	-0.01185	0.05845	89.97207	0.41946	0.00049	1.00000	-0.00021	-1.00000	0.00049	0.00102	0.00102	0.00021	1.00000	
1027.97365	-614.80533	378.35435	0.00074	0.05499	90.00582	0.41312	-0.00010	1.00000	0.00001	-1.00000	-0.00010	0.00096	0.00096	-0.00001	1.00000	
1026.71147	-615.40717	378.91024	-0.01438	0.05941	89.97510	0.42801	0.00043	1.00000	-0.00025	-1.00000	0.00043	0.00104	0.00104	0.00025	1.00000	
1027.13747	-615.18932	378.40974	-0.00810	0.07527	89.98895	0.41283	0.00019	1.00000	-0.00014	-1.00000	0.00019	0.00131	0.00131	0.00014	1.00000	
1027.45114	-615.01527	377.74114	0.00505	0.08473	89.99772	0.40009	0.00004	1.00000	0.00009	-1.00000	0.00004	0.00148	0.00148	-0.00009	1.00000	
1027.73678	-614.85879	377.65933	0.00485	0.09078	90.00616	0.43095	-0.00011	1.00000	0.00008	-1.00000	-0.00011	0.00158	0.00158	-0.00008	1.00000	
1026.50483	-615.47060	378.27567	-0.01139	0.09027	89.97450	0.42461	0.00045	1.00000	-0.00020	-1.00000	0.00045	0.00158	0.00158	0.00020	1.00000	
1026.09547	-615.58949	378.05048	-0.00470	0.08577	89.96136	0.43258	0.00067	1.00000	-0.00008	-1.00000	0.00067	0.00150	0.00150	0.00008	1.00000	
1026.59449	-615.46564	378.04363	-0.00374	0.07981	89.97241	0.45841	0.00048	1.00000	-0.00007	-1.00000	0.00048	0.00139	0.00139	0.00007	1.00000	
1026.00449	-615.59139	378.24463	-0.00797	0.08221	89.95934	0.44141	0.00071	1.00000	-0.00014	-1.00000	0.00071	0.00143	0.00143	0.00014	1.00000	
1026.56648	-615.52953	378.67651	-0.01403	0.06320	89.96861	0.43696	0.00055	1.00000	-0.00025	-1.00000	0.00055	0.00110	0.00110	0.00024	1.00000	
1026.73407	-615.37506	378.60148	-0.01284	0.05853	89.97305	0.45861	0.00047	1.00000	-0.00022	-1.00000	0.00047	0.00102	0.00102	0.00022	1.00000	
1026.99845	-615.35428	378.94469	-0.02130	0.05461	89.97878	0.46385	0.00037	1.00000	-0.00037	-1.00000	0.00037	0.00095	0.00095	0.00037	1.00000	
1027.07950	-615.29415	378.95806	-0.02423	0.06665	89.98460	0.44607	0.00027	1.00000	-0.00042	-1.00000	0.00027	0.00116	0.00116	0.00042	1.00000	
1027.96146	-614.84201	378.38424	-0.00780	0.06460	90.00520	0.41599	-0.00009	1.00000	-0.00014	-1.00000	-0.00009	0.00113	0.00113	0.00014	1.00000	
1027.92496	-614.84613	378.24273	-0.00778	0.07480	90.00500	0.45781	-0.00009	1.00000	-0.00014	-1.00000	-0.00009	0.00131	0.00131	0.00014	1.00000	
1028.05000	-614.83937	378.37855	-0.01173	0.08108	90.01065	0.44600	-0.00019	1.00000	-0.00020	-1.00000	-0.00019	0.00142	0.00142	0.00020	1.00000	
1027.13679	-615.21107	378.55371	-0.01551	0.08334	89.98646	0.47068	0.00024	1.00000	-0.00027	-1.00000	0.00024	0.00145	0.00145	0.00027	1.00000	
1027.88475	-614.91955	378.29993	-0.00958	0.08139	90.00399	0.45074	-0.00007	1.00000	-0.00017	-1.00000	-0.00007	0.00142	0.00142	0.00017	1.00000	
1027.52847	-614.92660	377.93256	-0.00417	0.09140	89.99807	0.44307	0.00003	1.00000	-0.00007	-1.00000	0.00003	0.00160	0.00160	0.00007	1.00000	
1027.21539	-615.01903	377.72849	-0.00152	0.09572	89.99102	0.47409	0.00016	1.00000	-0.00003	-1.00000	0.00016	0.00167	0.00167	0.00003	1.00000	
1027.52783	-614.92105	377.87919	-0.00333	0.08811	89.99673	0.42621	0.00006	1.00000	-0.00006	-1.00000	0.00006	0.00154	0.00154	0.00006	1.00000	
1026.76786	-615.18834	378.09777	-0.00718	0.08429	89.97607	0.43346	0.00042	1.00000	-0.00013	-1.00000	0.00042	0.00147	0.00147	0.00013	1.00000	
1026.97273	-615.20700	378.43106	-0.01042	0.07288	89.97904	0.42549	0.00037	1.00000	-0.00018	-1.00000	0.00037	0.00127	0.00127	0.00018	1.00000	
1027.00439	-615.00878	377.87285	0.00205	0.07725	89.98208	0.38877	0.00031	1.00000	0.00004	-1.00000	0.00031	0.00135	0.00135	-0.00004	1.00000	
1027.26789	-614.95967	378.03586	0.00374	0.06439	89.98444	0.42036	0.00027	1.00000	0.00006	-1.00000	0.00027	0.00112	0.00112	-0.00007	1.00000	
1026.01832	-615.52279	378.73527	-0.01814	0.07445	89.95626	0.43188	0.00076	1.00000	-0.00032	-1.00000	0.00076	0.00130	0.00130	0.00032	1.00000	
1027.65643	-614.74563	378.03298	0.00214	0.06758	89.99727	0.42729	0.00005	1.00000	0.00004	-1.00000	0.00005	0.00118	0.00118	-0.00004	1.00000	
1027.10383	-614.95466	378.32911	-0.00390	0.06381	89.98133	0.45688	0.00033	1.00000	-0.00007	-1.00000	0.00033	0.00111	0.00111	0.00007	1.00000	
1026.83443	-615.09590	378.64762	-0.00875	0.05155	89.97413	0.45044	0.00045	1.00000	-0.00015	-1.00000	0.00045	0.00090	0.00090	0.00015	1.00000	
1027.74419	-614.59687	378.06801	0.00694	0.04957	89.99648	0.42925	0.00006	1.00000	0.00012	-1.00000	0.00006	0.00087	0.00087	-0.00012	1.00000	
1026.86674	-614.84657	378.23312	-0.00081	0.05991	89.97899	0.43616	0.00037	1.00000	-0.00001	-1.00000	0.00037	0.00105	0.00105	0.00001	1.00000	
1027.43396	-614.68927	378.55798	-0.00468	0.04782	89.98950	0.42200	0.00018	1.00000	-0.00008	-1.00000	0.00018	0.00083	0.00083	0.00008	1.00000	
1027.93363	-614.34603	377.86845	0.01028	0.05413	90.00389	0.44815	-0.00007	1.00000	0.00018	-1.00000	-0.00007	0.00094	0.00094	-0.00018	1.00000	
1028.03327	-614.39396	378.21211	0.00331	0.04871	90.00455	0.43199	-0.00008	1.00000	0.00006	-1.00000	-0.00008	0.00085	0.00085	-0.00006	1.00000	
1027.96625	-614.42468	378.20934	0.00123	0.05518	90.00499	0.39703	-0.00009	1.00000	0.00002	-1.00000	-0.00009	0.00096	0.00096	-0.00002	1.00000	
1026.41124	-615.04089	378.75041	-0.01416	0.06124	89.96655	0.42784	0.00058	1.00000	-0.00025	-1.00000	0.00058	0.00107	0.00107	0.00025	1.00000	
1026.73556	-614.85262	378.47866	-0.00750	0.06147	89.97598	0.45987	0.00042	1.00000	-0.00013	-1.00000	0.00042	0.00107	0.00107	0.00013	1.00000	
1027.15112	-614.75755	378.78965	-0.01198	0.05233	89.98415	0.43091	0.00028	1.00000	-0.00021	-1.00000	0.00028	0.00091	0.00091	0.00021	1.00000	
1026.68729	-614.91353	378.85528	-0.02024	0.07077	89.97776	0.46208	0.00039	1.00000	-0.00035	-1.00000	0.00039	0.00124	0.00124	0.00035	1.00000	
1027.25929	-614.59622	378.38644	-0.00725	0.06818	89.99159	0.42802	0.00015	1.00000	-0.00013	-1.00000	0.00015	0.00119	0.00119	0.00013	1.00000	
1027.41511	-614.56157	378.43824	-0.01113	0.07450	89.99715	0.46940	0.00005	1.00000	-0.00019	-1.00000	0.00005	0.00130	0.00130	0.00019	1.00000	
1027.25342	-614.75600	378.97497	-0.02543	0.07668	89.99365	0.45605	0.00011	1.00000	-0.00044	-1.00000	0.00011	0.00134	0.00134	0.00044	1.00000	
1026.96347	-614.76825	378.68341	-0.02514	0.09517	89.99019	0.45874	0.00017	1.00000	-0.00044	-1.00000	0.00017	0.00166	0.00166	0.00044	1.00000	
1027.46349	-614.58128	378.69656	-0.02651	0.09701	90.00204	0.45823	-0.00004	1.00000	-0.00046	-1.00000	-0.00003	0.00169	0.00169	0.00046	1.00000	
1026.71544	-614.79710	378.80107	-0.02482	0.08337	89.98116	0.47985	0.00033	1.00000	-0.00043	-1.00000	0.00033	0.00145	0.00146	0.00043	1.00000	
1026.63182	-614.76693	378.64407	-0.01780	0.07383	89.97562	0.44338	0.00043	1.00000	-0.00031	-1.00000	0.00043	0.00129	0.00129	0.00031	1.00000	
1026.96573	-614.74527	378.91988	-0.02145	0.06489	89.98124	0.44691	0.00033	1.00000	-0.00037	-1.00000	0.00033	0.00113	0.00113	0.00037	1.00000	
1026.86225	-614.81452	378.90356	-0.02150	0.06804	89.97841	0.43365	0.00038	1.00000	-0.00038	-1.00000	0.00038	0.00119	0.00119	0.00038	1.00000	
1026.70917	-614.88912	379.12831	-0.02506	0.06040	89.97218	0.45596	0.00049	1.00000	-0.00044	-1.00000	0.00049	0.00105	0.00105	0.00044	1.00000	
1027.02722	-614.64713	378.59007	-0.01200	0.06281	89.98127	0.44692	0.00033	1.00000	-0.00021	-1.00000	0.00033	0.00110	0.00110	0.00021	1.00000	
1027.24542	-614.54849	378.52276	-0.01186	0.06682	89.98736	0.47051	0.00022	1.00000	-0.00021	-1.00000	0.00022	0.00117	0.00117	0.00021	1.00000	
1027.42787	-614.60760	379.11020	-0.01946	0.04900	89.98644	0.50523	0.00024	1.00000	-0.00034	-1.00000	0.00024	0.00086	0.00086	0.00034	1.00000	
1027.17052	-614.63214	378.75661	-0.01080	0.04789	89.97911	0.48429	0.00036	1.00000	-0.00019	-1.00000	0.00036	0.00084	0.00084	0.00019	1.00000	
1026.63575	-614.83909	379.02202	-0.01676	0.04529	89.96601	0.46803	0.00059	1.00000	-0.00029	-1.00000	0.00059	0.00079	0.00079	0.00029	1.00000	
1026.49237	-614.88928	379.14085	-0.01511	0.03384	89.95840	0.47565	0.00073	1.00000	-0.00026	-1.00000	0.00073	0.00059	0.00059	0.00026	1.00000	
1026.91879	-614.71798	379.18610	-0.01919	0.04249	89.97115	0.51596	0.00050	1.00000	-0.00034	-1.00000	0.00050	0.00074	0.00074	0.00033	1.00000	
1026.82432	-614.78974	379.25237	-0.02245	0.04597	89.97057	0.50452	0.00051	1.00000	-0.00039	-1.00000	0.00051	0.00080	0.00080	0.00039	1.00000	
1026.70514	-614.72623	379.18128	-0.02189	0.05082	89.96968	0.46640	0.00053	1.00000	-0.00038	-1.00000	0.00053	0.00089	0.00089	0.00038	1.00000	
1026.70949	-614.73834	379.07220	-0.02364	0.06244	89.97298	0.46916	0.00047	1.00000	-0.00041	-1.00000	0.00047	0.00109	0.00109	0.00041	1.00000	
1026.52167	-614.76306	379.02347	-0.02354	0.06553	89.96769	0.48710	0.00056	1.00000	-0.00041	-1.00000	0.00056	0.00114	0.00114	0.00041	1.00000	
1027.81872	-614.22971	378.75591	-0.01224	0.05135	89.99867	0.49354	0.00002	1.00000	-0.00021	-1.00000	0.00002	0.00090	0.00090	0.00021	1.00000	
1026.70959	-614.70461	379.06416	-0.01660	0.04391	89.96689	0.48223	0.00058	1.00000	-0.00029	-1.00000	0.00058	0.00077	0.00077	0.00029	1.00000	
1027.67049	-614.17686	378.42540	-0.00006	0.04596	89.99211	0.48527	0.00014	1.00000	-0.00000	-1.00000	0.00014	0.00080	0.00080	0.00000	1.00000	
1027.61336	-614.23288	378.56515	-0.00335	0.04555	89.99062	0.48356	0.00016	1.00000	-0.00006	-1.00000	0.00016	0.00079	0.00079	0.00006	1.00000	
1027.38318	-614.27647	378.56369	-0.00513	0.04784	89.98642	0.47446	0.00024	1.00000	-0.00009	-1.00000	0.00024	0.00083	0.00084	0.00009	1.00000	
1026.94047	-614.31499	378.15709	-0.00572	0.07968	89.98313	0.44350	0.00029	1.00000	-0.00010	-1.00000	0.00029	0.00139	0.00139	0.00010	1.00000	
1027.79112	-613.98616	378.20111	-0.00148	0.06644	90.00237	0.44966	-0.00004	1.00000	-0.00003	-1.00000	-0.00004	0.00116	0.00116	0.00003	1.00000	
1027.14382	-614.26119	378.40088	-0.01218	0.08080	89.98952	0.49541	0.00018	1.00000	-0.00021	-1.00000	0.00018	0.00141	0.00141	0.00021	1.00000	
1027.31996	-614.17032	378.37254	-0.00681	0.07123	89.99107	0.48832	0.00016	1.00000	-0.00012	-1.00000	0.00016	0.00124	0.00124	0.00012	1.00000	
1026.92871	-614.27140	378.26900	-0.00667	0.07498	89.98128	0.46472	0.00033	1.00000	-0.00012	-1.00000	0.00033	0.00131	0.00131	0.00012	1.00000	
1027.48930	-614.02215	377.98683	0.00187	0.07342	89.99456	0.46545	0.00010	1.00000	0.00003	-1.00000	0.00009	0.00128	0.00128	-0.00003	1.00000	
1028.19891	-613.70651	377.76298	0.00183	0.09180	90.01834	0.46093	-0.00032	1.00000	0.00003	-1.00000	-0.00032	0.00160	0.00160	-0.00003	1.00000	
1026.65427	-614.32528	378.20266	-0.01289	0.10344	89.98159	0.45529	0.00032	1.00000	-0.00023	-1.00000	0.00032	0.00181	0.00181	0.00022	1.00000	
1027.26298	-613.97033	377.82747	-0.00332	0.10302	89.99755	0.49386	0.00004	1.00000	-0.00006	-1.00000	0.00004	0.00180	0.00180	0.00006	1.00000	
1027.34383	-613.99987	377.81299	-0.00094	0.09466	89.99673	0.49241	0.00006	1.00000	-0.00002	-1.00000	0.00006	0.00165	0.00165	0.00002	1.00000	
1027.34346	-613.90010	377.68418	0.00156	0.09810	89.99785	0.47777	0.00004	1.00000	0.00003	-1.00000	0.00004	0.00171	0.00171	-0.00003	1.00000	
1027.98278	-613.70255	377.67965	0.00702	0.08068	90.00856	0.48026	-0.00015	1.00000	0.00012	-1.00000	-0.00015	0.00141	0.00141	-0.00012	1.00000	
1026.49546	-614.29324	377.78703	-0.00673	0.11383	89.97769	0.47648	0.00039	1.00000	-0.00012	-1.00000	0.00039	0.00199	0.00199	0.00012	1.00000	
1027.06607	-613.95405	377.49559	0.00300	0.10843	89.99244	0.44747	0.00013	1.00000	0.00005	-1.00000	0.00013	0.00189	0.00189	-0.00005	1.00000	
1027.05467	-613.90701	377.13806	0.01033	0.11453	89.99272	0.44780	0.00013	1.00000	0.00018	-1.00000	0.00013	0.00200	0.00200	-0.00018	1.00000	
1026.99221	-614.02554	377.39740	0.00726	0.10747	89.98811	0.43818	0.00021	1.00000	0.00013	-1.00000	0.00021	0.00188	0.00188	-0.00013	1.00000	
1027.15355	-613.95196	377.37263	0.00768	0.11220	89.99353	0.45556	0.00011	1.00000	0.00013	-1.00000	0.00011	0.00196	0.00196	-0.00013	1.00000	
1027.15418	-613.99516	377.36819	0.00456	0.12188	89.99500	0.43592	0.00009	1.00000	0.00008	-1.00000	0.00009	0.00213	0.00213	-0.00008	1.00000	
1027.55473	-613.87516	377.46482	0.00715	0.10732	90.00095	0.46646	-0.00002	1.00000	0.00012	-1.00000	-0.00002	0.00187	0.00187	-0.00012	1.00000	
1028.05001	-613.67944	377.47867	0.01398	0.08721	90.00850	0.42763	-0.00015	1.00000	0.00024	-1.00000	-0.00015	0.00152	0.00152	-0.00024	1.00000	
1028.26404	-613.58713	377.42795	0.01858	0.07684	90.01078	0.42332	-0.00019	1.00000	0.00032	-1.00000	-0.00019	0.00134	0.00134	-0.00032	1.00000	
1028.48310	-613.56745	377.68395	0.01125	0.07584	90.01807	0.40880	-0.00032	1.00000	0.00020	-1.00000	-0.00032	0.00132	0.00132	-0.00020	1.00000	
1027.68477	-614.03617	378.09204	-0.00154	0.07876	89.99586	0.37725	0.00007	1.00000	-0.00003	-1.00000	0.00007	0.00137	0.00137	0.00003	1.00000	
1028.64659	-613.60973	377.91517	0.00754	0.06345	90.01647	0.39452	-0.00029	1.00000	0.00013	-1.00000	-0.00029	0.00111	0.00111	-0.00013	1.00000	
1028.13659	-614.05131	378.77754	-0.01651	0.06919	90.00385	0.40216	-0.00007	1.00000	-0.00029	-1.00000	-0.00007	0.00121	0.00121	0.00029	1.00000	
1028.35888	-613.85783	378.22504	-0.00493	0.07608	90.01083	0.37671	-0.00019	1.00000	-0.00009	-1.00000	-0.00019	0.00133	0.00133	0.00009	1.00000	
1028.85117	-613.71580	378.30199	-0.01077	0.08811	90.02512	0.40272	-0.00044	1.00000	-0.00019	-1.00000	-0.00044	0.00154	0.00154	0.00019	1.00000	
1029.02171	-613.53952	377.91347	0.00373	0.07648	90.02596	0.42317	-0.00045	1.00000	0.00007	-1.00000	-0.00045	0.00133	0.00133	-0.00007	1.00000	
1028.77236	-613.60863	377.87565	0.00320	0.08523	90.02081	0.42480	-0.00036	1.00000	0.00006	-1.00000	-0.00036	0.00149	0.00149	-0.00006	1.00000	
1028.80714	-613.61079	377.94924	0.00092	0.08395	90.02066	0.39166	-0.00036	1.00000	0.00002	-1.00000	-0.00036	0.00147	0.00147	-0.00002	1.00000	
1027.82357	-614.12688	378.93749	-0.02152	0.08010	89.99512	0.38857	0.00009	1.00000	-0.00038	-1.00000	0.00009	0.00140	0.00140	0.00038	1.00000	
1028.17553	-613.87968	378.39355	-0.00837	0.08336	90.00580	0.40477	-0.00010	1.00000	-0.00015	-1.00000	-0.00010	0.00145	0.00145	0.00015	1.00000	
1028.58921	-613.63964	378.05395	0.00398	0.06945	90.01318	0.41106	-0.00023	1.00000	0.00007	-1.00000	-0.00023	0.00121	0.00121	-0.00007	1.00000	
1028.43730	-613.73544	378.41840	-0.00169	0.06026	90.00793	0.40913	-0.00014	1.00000	-0.00003	-1.00000	-0.00014	0.00105	0.00105	0.00003	1.00000	
1028.21943	-613.77361	378.55062	-0.00669	0.06672	90.00581	0.36150	-0.00010	1.00000	-0.00012	-1.00000	-0.00010	0.00116	0.00116	0.00012	1.00000	
1028.65396	-613.49760	378.20600	0.00011	0.07372	90.02020	0.34450	-0.00035	1.00000	0.00000	-1.00000	-0.00035	0.00129	0.00129	-0.00000	1.00000	
1028.60110	-613.41357	378.15598	-0.00209	0.08590	90.02288	0.35365	-0.00040	1.00000	-0.00004	-1.00000	-0.00040	0.00150	0.00150	0.00004	1.00000	
1028.27998	-613.61710	378.68273	-0.01680	0.08951	90.01516	0.35265	-0.00026	1.00000	-0.00029	-1.00000	-0.00026	0.00156	0.00156	0.00029	1.00000	
1028.00594	-613.59310	378.50138	-0.01079	0.08420	90.00650	0.37157	-0.00011	1.00000	-0.00019	-1.00000	-0.00011	0.00147	0.00147	0.00019	1.00000	
1027.93484	-613.60073	378.37053	-0.00785	0.08631	90.00466	0.40228	-0.00008	1.00000	-0.00014	-1.00000	-0.00008	0.00151	0.00151	0.00014	1.00000	
1028.23459	-613.50271	378.47253	-0.01505	0.09926	90.01437	0.41081	-0.00025	1.00000	-0.00026	-1.00000	-0.00025	0.00173	0.00173	0.00026	1.00000	
1027.94168	-613.69647	379.01006	-0.02206	0.08220	90.00398	0.39927	-0.00007	1.00000	-0.00038	-1.00000	-0.00007	0.00143	0.00143	0.00039	1.00000	
1027.82892	-613.64437	378.60930	-0.01258	0.08146	89.99951	0.37718	0.00001	1.00000	-0.00022	-1.00000	0.00001	0.00142	0.00142	0.00022	1.00000	
1027.87315	-613.47887	378.17520	-0.00691	0.09641	90.00417	0.36976	-0.00007	1.00000	-0.00012	-1.00000	-0.00007	0.00168	0.00168	0.00012	1.00000	
1027.95258	-613.41097	378.09339	-0.00201	0.08298	90.00242	0.38273	-0.00004	1.00000	-0.00003	-1.00000	-0.00004	0.00145	0.00145	0.00004	1.00000	
1028.33341	-613.45263	378.61470	-0.01410	0.08004	90.00980	0.36204	-0.00017	1.00000	-0.00025	-1.00000	-0.00017	0.00140	0.00140	0.00025	1.00000	
1028.40750	-613.48922	378.80501	-0.01238	0.06339	90.00681	0.37269	-0.00012	1.00000	-0.00022	-1.00000	-0.00012	0.00111	0.00111	0.00022	1.00000	
1028.02149	-613.56822	378.73135	-0.01580	0.07926	90.00122	0.37810	-0.00002	1.00000	-0.00028	-1.00000	-0.00002	0.00138	0.00138	0.00028	1.00000	
1028.60219	-613.42493	378.88835	-0.01424	0.06573	90.01188	0.39188	-0.00021	1.00000	-0.00025	-1.00000	-0.00021	0.00115	0.00115	0.00025	1.00000	
1028.69179	-613.39158	378.72833	-0.01349	0.07432	90.01481	0.40766	-0.00026	1.00000	-0.00024	-1.00000	-0.00026	0.00130	0.00130	0.00024	1.00000	
1028.64499	-613.40717	378.73652	-0.01412	0.07629	90.01414	0.40416	-0.00025	1.00000	-0.00025	-1.00000	-0.00025	0.00133	0.00133	0.00025	1.00000	
1028.16695	-613.74413	379.06129	-0.01863	0.06174	89.99558	0.38215	0.00008	1.00000	-0.00033	-1.00000	0.00008	0.00108	0.00108	0.00033	1.00000	
1028.65366	-613.35796	378.01047	0.00126	0.08341	90.01152	0.41118	-0.00020	1.00000	0.00002	-1.00000	-0.00020	0.00146	0.00146	-0.00002	1.00000	
1028.06968	-613.72689	378.55294	-0.01086	0.08135	89.99492	0.43847	0.00009	1.00000	-0.00019	-1.00000	0.00009	0.00142	0.00142	0.00019	1.00000	
1028.98392	-613.52902	378.60829	-0.00975	0.07278	90.01387	0.44357	-0.00024	1.00000	-0.00017	-1.00000	-0.00024	0.00127	0.00127	0.00017	1.00000	
1028.37502	-613.76313	378.63067	-0.00930	0.07278	89.99683	0.43169	0.00006	1.00000	-0.00016	-1.00000	0.00006	0.00127	0.00127	0.00016	1.00000	
1028.51698	-613.80013	378.58985	-0.01177	0.08138	90.00053	0.42497	-0.00001	1.00000	-0.00021	-1.00000	-0.00001	0.00142	0.00142	0.00021	1.00000	
1028.80593	-613.79057	378.63004	-0.01287	0.08225	90.00549	0.44937	-0.00010	1.00000	-0.00022	-1.00000	-0.00010	0.00144	0.00144	0.00022	1.00000	
1028.86895	-613.94911	379.09699	-0.01986	0.06953	90.00204	0.49338	-0.00004	1.00000	-0.00035	-1.00000	-0.00004	0.00121	0.00121	0.00035	1.00000	
1028.35427	-614.08090	378.90296	-0.01700	0.07815	89.98885	0.53430	0.00019	1.00000	-0.00030	-1.00000	0.00019	0.00136	0.00136	0.00030	1.00000	
1027.84970	-614.33150	379.11727	-0.02198	0.07884	89.97459	0.53402	0.00044	1.00000	-0.00038	-1.00000	0.00044	0.00138	0.00138	0.00038	1.00000	
1027.64097	-614.48741	379.54140	-0.03022	0.07811	89.96910	0.52400	0.00054	1.00000	-0.00053	-1.00000	0.00054	0.00136	0.00136	0.00053	1.00000	
1027.31967	-614.53959	379.69259	-0.03180	0.07343	89.96030	0.48300	0.00069	1.00000	-0.00056	-1.00000	0.00069	0.00128	0.00128	0.00056	1.00000	
1027.76090	-614.29166	379.47045	-0.02676	0.07471	89.97296	0.51634	0.00047	1.00000	-0.00047	-1.00000	0.00047	0.00130	0.00130	0.00047	1.00000	
1027.27670	-614.34375	379.35154	-0.02730	0.08131	89.96266	0.54221	0.00065	1.00000	-0.00048	-1.00000	0.00065	0.00142	0.00142	0.00048	1.00000	
1027.22377	-614.13439	378.84133	-0.01759	0.08998	89.96529	0.51150	0.00061	1.00000	-0.00031	-1.00000	0.00061	0.00157	0.00157	0.00031	1.00000	
1027.81987	-613.96036	379.04691	-0.01814	0.07284	89.97891	0.46509	0.00037	1.00000	-0.00032	-1.00000	0.00037	0.00127	0.00127	0.00032	1.00000	
1028.34425	-613.52461	378.21204	-0.00291	0.08393	89.99678	0.49852	0.00006	1.00000	-0.00005	-1.00000	0.00006	0.00146	0.00146	0.00005	1.00000	
1027.83283	-613.78796	378.82085	-0.01693	0.08089	89.98314	0.48716	0.00029	1.00000	-0.00030	-1.00000	0.00029	0.00141	0.00141	0.00030	1.00000	
1026.96135	-614.18965	379.21868	-0.02407	0.06992	89.95807	0.53135	0.00073	1.00000	-0.00042	-1.00000	0.00073	0.00122	0.00122	0.00042	1.00000	
1027.10447	-613.91921	378.52650	-0.00962	0.07602	89.96393	0.56045	0.00063	1.00000	-0.00017	-1.00000	0.00063	0.00133	0.00133	0.00017	1.00000	
1026.00260	-614.57879	379.78267	-0.04120	0.07832	89.93690	0.56755	0.00110	1.00000	-0.00072	-1.00000	0.00110	0.00137	0.00137	0.00072	1.00000	
1026.08033	-614.51868	379.74543	-0.03990	0.07472	89.93954	0.51816	0.00106	1.00000	-0.00070	-1.00000	0.00106	0.00130	0.00130	0.00070	1.00000	
1026.33747	-614.40271	379.66139	-0.03724	0.07314	89.94526	0.50197	0.00096	1.00000	-0.00065	-1.00000	0.00096	0.00128	0.00128	0.00065	1.00000	
1026.81450	-614.18359	379.53421	-0.03506	0.07829	89.95779	0.49757	0.00074	1.00000	-0.00061	-1.00000	0.00074	0.00137	0.00137	0.00061	1.00000	
1027.39071	-613.94036	379.53295	-0.02929	0.06310	89.96964	0.47168	0.00053	1.00000	-0.00051	-1.00000	0.00053	0.00110	0.00110	0.00051	1.00000	
1027.08271	-613.97449	379.31716	-0.03030	0.07928	89.96482	0.44440	0.00061	1.00000	-0.00053	-1.00000	0.00061	0.00138	0.00138	0.00053	1.00000	
1026.77207	-614.17328	379.62788	-0.03344	0.06602	89.95430	0.44773	0.00080	1.00000	-0.00058	-1.00000	0.00080	0.00115	0.00115	0.00058	1.00000	
1026.53953	-614.34156	380.17566	-0.04632	0.06222	89.94795	0.45682	0.00091	1.00000	-0.00081	-1.00000	0.00091	0.00109	0.00109	0.00081	1.00000	
1026.97753	-614.13755	380.06600	-0.04290	0.06249	89.95973	0.45935	0.00070	1.00000	-0.00075	-1.00000	0.00070	0.00109	0.00109	0.00075	1.00000	
1025.96047	-614.49481	380.25557	-0.05117	0.07290	89.93827	0.48116	0.00108	1.00000	-0.00089	-1.00000	0.00108	0.00127	0.00127	0.00089	1.00000	
1026.59990	-614.16574	379.80083	-0.04226	0.08007	89.95644	0.51858	0.00076	1.00000	-0.00074	-1.00000	0.00076	0.00140	0.00140	0.00074	1.00000	
1025.98592	-614.45229	380.21488	-0.04851	0.06486	89.93836	0.50136	0.00108	1.00000	-0.00085	-1.00000	0.00108	0.00113	0.00113	0.00085	1.00000	
1026.53014	-614.08362	379.71991	-0.03699	0.06859	89.95370	0.48634	0.00081	1.00000	-0.00065	-1.00000	0.00081	0.00120	0.00120	0.00065	1.00000	
1026.98496	-613.83328	379.30658	-0.02748	0.07225	89.96681	0.47494	0.00058	1.00000	-0.00048	-1.00000	0.00058	0.00126	0.00126	0.00048	1.00000	
1025.74782	-614.46648	380.23715	-0.04931	0.06839	89.93513	0.46453	0.00113	1.00000	-0.00086	-1.00000	0.00113	0.00119	0.00119	0.00086	1.00000	
1026.31482	-614.19528	379.76381	-0.03435	0.05846	89.94554	0.47579	0.00095	1.00000	-0.00060	-1.00000	0.00095	0.00102	0.00102	0.00060	1.00000	
1026.45559	-614.16501	379.75271	-0.03704	0.06558	89.95004	0.49067	0.00087	1.00000	-0.00065	-1.00000	0.00087	0.00114	0.00114	0.00065	1.00000	
1026.59092	-614.13787	380.09667	-0.03830	0.04425	89.94784	0.45240	0.00091	1.00000	-0.00067	-1.00000	0.00091	0.00077	0.00077	0.00067	1.00000	
1027.27437	-613.85969	379.88571	-0.03764	0.05654	89.96838	0.44190	0.00055	1.00000	-0.00066	-1.00000	0.00055	0.00099	0.00099	0.00066	1.00000	
1027.74360	-613.61263	379.55693	-0.03179	0.06305	89.98164	0.41858	0.00032	1.00000	-0.00056	-1.00000	0.00032	0.00110	0.00110	0.00055	1.00000	
1027.14128	-613.70319	379.26803	-0.02888	0.07818	89.97209	0.46179	0.00049	1.00000	-0.00050	-1.00000	0.00049	0.00136	0.00136	0.00050	1.00000	
1026.92897	-613.94124	379.83243	-0.04192	0.07483	89.96526	0.43637	0.00061	1.00000	-0.00073	-1.00000	0.00061	0.00131	0.00131	0.00073	1.00000	
1028.20809	-613.25439	379.17540	-0.02184	0.06594	89.99629	0.48088	0.00006	1.00000	-0.00038	-1.00000	0.00007	0.00115	0.00115	0.00038	1.00000	
1027.97520	-613.38403	379.22259	-0.02384	0.06599	89.99028	0.41135	0.00017	1.00000	-0.00042	-1.00000	0.00017	0.00115	0.00115	0.00042	1.00000	
1027.29636	-613.56060	379.15917	-0.02449	0.07322	89.97491	0.42321	0.00044	1.00000	-0.00043	-1.00000	0.00044	0.00128	0.00128	0.00043	1.00000	
1028.21006	-613.22632	378.81434	-0.01576	0.06811	89.99570	0.42226	0.00008	1.00000	-0.00028	-1.00000	0.00008	0.00119	0.00119	0.00028	1.00000	
1028.48940	-613.01532	378.54531	-0.00748	0.06267	90.00213	0.42602	-0.00004	1.00000	-0.00013	-1.00000	-0.00004	0.00109	0.00109	0.00013	1.00000	
1026.71646	-613.67429	378.88311	-0.02107	0.07997	89.96245	0.41937	0.00066	1.00000	-0.00037	-1.00000	0.00066	0.00140	0.00140	0.00037	1.00000	
1028.11393	-613.06116	378.30932	-0.00608	0.07460	89.99611	0.45821	0.00007	1.00000	-0.00011	-1.00000	0.00007	0.00130	0.00130	0.00011	1.00000	
1028.15020	-612.98894	378.12800	-0.00037	0.07308	89.99631	0.45065	0.00006	1.00000	-0.00001	-1.00000	0.00006	0.00128	0.00128	0.00001	1.00000	
1027.32617	-613.25634	378.24963	-0.00566	0.08182	89.97764	0.45129	0.00039	1.00000	-0.00010	-1.00000	0.00039	0.00143	0.00143	0.00010	1.00000	
1026.83864	-613.61701	378.71403	-0.01707	0.07749	89.96240	0.45155	0.00066	1.00000	-0.00030	-1.00000	0.00066	0.00135	0.00135	0.00030	1.00000	
1027.29900	-613.42379	378.57077	-0.01435	0.07974	89.97292	0.47447	0.00047	1.00000	-0.00025	-1.00000	0.00047	0.00139	0.00139	0.00025	1.00000	
1027.16608	-613.56297	379.05534	-0.02529	0.07310	89.96742	0.45926	0.00057	1.00000	-0.00044	-1.00000	0.00057	0.00128	0.00128	0.00044	1.00000	
1027.47819	-613.48817	379.04041	-0.02339	0.07105	89.97366	0.51204	0.00046	1.00000	-0.00041	-1.00000	0.00046	0.00124	0.00124	0.00041	1.00000	
1027.32241	-613.48344	378.97050	-0.02287	0.07346	89.97144	0.50700	0.00050	1.00000	-0.00040	-1.00000	0.00050	0.00128	0.00128	0.00040	1.00000	
1027.73227	-613.39888	379.04098	-0.01838	0.05432	89.97523	0.49305	0.00043	1.00000	-0.00032	-1.00000	0.00043	0.00095	0.00095	0.00032	1.00000	
1027.54554	-613.40942	378.77740	-0.00935	0.04728	89.96781	0.45033	0.00056	1.00000	-0.00016	-1.00000	0.00056	0.00083	0.00083	0.00016	1.00000	
1028.05563	-613.26773	379.01292	-0.01949	0.05734	89.98305	0.47629	0.00030	1.00000	-0.00034	-1.00000	0.00030	0.00100	0.00100	0.00034	1.00000	
1027.97386	-613.26535	378.97632	-0.01887	0.05951	89.98075	0.47779	0.00034	1.00000	-0.00033	-1.00000	0.00034	0.00104	0.00104	0.00033	1.00000	
1027.00901	-613.67824	379.29494	-0.02810	0.06314	89.95752	0.48788	0.00074	1.00000	-0.00049	-1.00000	0.00074	0.00110	0.00110	0.00049	1.00000	
1027.72597	-613.39298	379.27743	-0.02980	0.06936	89.97698	0.47958	0.00040	1.00000	-0.00052	-1.00000	0.00040	0.00121	0.00121	0.00052	1.00000	
1027.40668	-613.37106	378.83433	-0.02293	0.08029	89.97231	0.47993	0.00048	1.00000	-0.00040	-1.00000	0.00048	0.00140	0.00140	0.00040	1.00000	
1027.82249	-613.28122	379.17012	-0.02760	0.07031	89.98031	0.50505	0.00034	1.00000	-0.00048	-1.00000	0.00034	0.00123	0.00123	0.00048	1.00000	
1027.51012	-613.41839	379.26655	-0.02930	0.06622	89.97134	0.50653	0.00050	1.00000	-0.00051	-1.00000	0.00050	0.00116	0.00116	0.00051	1.00000	
1028.15325	-613.18659	379.37649	-0.02982	0.06000	89.98723	0.50641	0.00022	1.00000	-0.00052	-1.00000	0.00022	0.00105	0.00105	0.00052	1.00000	
1027.67293	-613.32050	379.49045	-0.03493	0.06779	89.97771	0.44190	0.00039	1.00000	-0.00061	-1.00000	0.00039	0.00118	0.00118	0.00061	1.00000	
1027.86670	-613.21788	379.44656	-0.03410	0.06700	89.98247	0.45330	0.00031	1.00000	-0.00060	-1.00000	0.00031	0.00117	0.00117	0.00060	1.00000	
1027.74136	-613.32036	379.81698	-0.03896	0.05679	89.97543	0.44894	0.00043	1.00000	-0.00068	-1.00000	0.00043	0.00099	0.00099	0.00068	1.00000	
1026.84896	-613.69048	380.12479	-0.04878	0.05654	89.95275	0.46403	0.00082	1.00000	-0.00085	-1.00000	0.00083	0.00099	0.00099	0.00085	1.00000	
1027.76867	-613.27440	379.67649	-0.03760	0.05452	89.97553	0.48064	0.00043	1.00000	-0.00066	-1.00000	0.00043	0.00095	0.00095	0.00066	1.00000	
1027.73111	-613.24918	379.56239	-0.03537	0.05935	89.97596	0.47932	0.00042	1.00000	-0.00062	-1.00000	0.00042	0.00104	0.00104	0.00062	1.00000	
1028.07299	-612.95617	379.17456	-0.03027	0.07474	89.98836	0.49306	0.00020	1.00000	-0.00053	-1.00000	0.00020	0.00130	0.00130	0.00053	1.00000	
1028.28795	-613.05852	379.80223	-0.04134	0.06109	89.98932	0.47039	0.00019	1.00000	-0.00072	-1.00000	0.00019	0.00107	0.00107	0.00072	1.00000	
1027.07010	-613.49024	379.89142	-0.04531	0.06613	89.95969	0.46693	0.00070	1.00000	-0.00079	-1.00000	0.00070	0.00115	0.00115	0.00079	1.00000	
1027.65555	-613.38443	380.08868	-0.04982	0.06570	89.97330	0.49275	0.00047	1.00000	-0.00087	-1.00000	0.00047	0.00115	0.00115	0.00087	1.00000	
1027.70293	-613.29902	379.75806	-0.03766	0.05455	89.97243	0.51380	0.00048	1.00000	-0.00066	-1.00000	0.00048	0.00095	0.00095	0.00066	1.00000	
1027.43718	-613.49524	380.12846	-0.04898	0.05947	89.96735	0.51329	0.00057	1.00000	-0.00086	-1.00000	0.00057	0.00104	0.00104	0.00085	1.00000	
1027.35189	-613.52869	380.16481	-0.04936	0.05944	89.96524	0.51604	0.00061	1.00000	-0.00086	-1.00000	0.00061	0.00104	0.00104	0.00086	1.00000	
1028.05306	-613.17189	379.70672	-0.03463	0.05172	89.98119	0.50578	0.00033	1.00000	-0.00060	-1.00000	0.00033	0.00090	0.00090	0.00060	1.00000	
1027.27023	-613.51934	379.97965	-0.04057	0.04616	89.96008	0.51260	0.00070	1.00000	-0.00071	-1.00000	0.00070	0.00081	0.00081	0.00071	1.00000	
1026.98601	-613.53051	379.71962	-0.03640	0.05542	89.95482	0.49824	0.00079	1.00000	-0.00064	-1.00000	0.00079	0.00097	0.00097	0.00064	1.00000	
1027.08468	-613.40832	379.70156	-0.03736	0.06026	89.95943	0.53534	0.00071	1.00000	-0.00065	-1.00000	0.00071	0.00105	0.00105	0.00065	1.00000	
1026.40322	-613.84679	380.54055	-0.05748	0.05600	89.94048	0.53870	0.00104	1.00000	-0.00100	-1.00000	0.00104	0.00098	0.00098	0.00100	1.00000	
1027.09125	-613.42479	379.85952	-0.04274	0.06220	89.95866	0.54837	0.00072	1.00000	-0.00075	-1.00000	0.00072	0.00109	0.00109	0.00075	1.00000	
1027.43700	-613.12541	379.26576	-0.02981	0.06825	89.96918	0.50156	0.00054	1.00000	-0.00052	-1.00000	0.00054	0.00119	0.00119	0.00052	1.00000	
1027.36967	-613.30712	379.91836	-0.03548	0.03479	89.95966	0.49588	0.00070	1.00000	-0.00062	-1.00000	0.00070	0.00061	0.00061	0.00062	1.00000	
1027.28282	-613.21085	379.56710	-0.02942	0.04446	89.96011	0.47694	0.00070	1.00000	-0.00051	-1.00000	0.00070	0.00078	0.00078	0.00051	1.00000	
1027.64120	-613.00421	379.51316	-0.03057	0.05113	89.97215	0.48913	0.00049	1.00000	-0.00053	-1.00000	0.00049	0.00089	0.00089	0.00053	1.00000	
1027.81768	-612.86813	379.28490	-0.02688	0.05999	89.97853	0.45805	0.00037	1.00000	-0.00047	-1.00000	0.00038	0.00105	0.00105	0.00047	1.00000	
1027.57778	-613.01309	379.60164	-0.03045	0.04526	89.96910	0.46386	0.00054	1.00000	-0.00053	-1.00000	0.00054	0.00079	0.00079	0.00053	1.00000	
1027.45523	-613.09521	379.73920	-0.03546	0.05030	89.96765	0.47153	0.00056	1.00000	-0.00062	-1.00000	0.00057	0.00088	0.00088	0.00062	1.00000	
1028.25963	-612.73171	379.45361	-0.02774	0.05069	89.98755	0.45010	0.00022	1.00000	-0.00048	-1.00000	0.00022	0.00088	0.00088	0.00048	1.00000	
1027.93734	-612.86287	379.50274	-0.03150	0.05585	89.97917	0.49184	0.00036	1.00000	-0.00055	-1.00000	0.00036	0.00097	0.00097	0.00055	1.00000	
1027.10112	-613.10602	379.72905	-0.04114	0.06858	89.96162	0.49962	0.00067	1.00000	-0.00072	-1.00000	0.00067	0.00120	0.00120	0.00072	1.00000	
1027.91788	-612.99929	380.30794	-0.04665	0.04100	89.97595	0.46442	0.00042	1.00000	-0.00081	-1.00000	0.00042	0.00072	0.00072	0.00081	1.00000	
1027.81012	-612.84869	379.65869	-0.03546	0.05855	89.97562	0.46687	0.00043	1.00000	-0.00062	-1.00000	0.00043	0.00102	0.00102	0.00062	1.00000	
1027.53072	-613.01170	379.99111	-0.04052	0.04829	89.96821	0.44991	0.00055	1.00000	-0.00071	-1.00000	0.00056	0.00084	0.00084	0.00071	1.00000	
1028.09133	-612.82795	380.14534	-0.04266	0.04484	89.98174	0.42378	0.00032	1.00000	-0.00074	-1.00000	0.00032	0.00078	0.00078	0.00074	1.00000	
1027.53469	-613.16226	380.74950	-0.05251	0.03047	89.96375	0.42092	0.00063	1.00000	-0.00092	-1.00000	0.00063	0.00053	0.00053	0.00092	1.00000	
1027.96205	-612.78655	380.11571	-0.04376	0.04910	89.97881	0.41826	0.00037	1.00000	-0.00076	-1.00000	0.00037	0.00086	0.00086	0.00076	1.00000	
1028.02274	-612.81446	380.08117	-0.04135	0.04301	89.97808	0.44278	0.00038	1.00000	-0.00072	-1.00000	0.00038	0.00075	0.00075	0.00072	1.00000	
1028.09626	-612.80373	380.31911	-0.04486	0.03485	89.97699	0.46467	0.00040	1.00000	-0.00078	-1.00000	0.00040	0.00061	0.00061	0.00078	1.00000	
1027.94565	-612.80791	380.18674	-0.03961	0.02828	89.97069	0.48252	0.00051	1.00000	-0.00069	-1.00000	0.00051	0.00049	0.00049	0.00069	1.00000	
1028.38527	-612.62482	380.09841	-0.03811	0.02888	89.98112	0.44502	0.00033	1.00000	-0.00067	-1.00000	0.00033	0.00050	0.00050	0.00067	1.00000	
1028.35139	-612.63914	380.15621	-0.03994	0.03055	89.98344	0.43201	0.00029	1.00000	-0.00070	-1.00000	0.00029	0.00053	0.00053	0.00070	1.00000	
1027.44654	-612.96722	380.20762	-0.04346	0.03922	89.96363	0.42859	0.00063	1.00000	-0.00076	-1.00000	0.00064	0.00068	0.00068	0.00076	1.00000	
1028.37576	-612.74706	380.62890	-0.05018	0.02981	89.98433	0.39938	0.00027	1.00000	-0.00088	-1.00000	0.00027	0.00052	0.00052	0.00088	1.00000	
1027.41382	-613.06539	380.64656	-0.05393	0.04133	89.96275	0.38378	0.00065	1.00000	-0.00094	-1.00000	0.00065	0.00072	0.00072	0.00094	1.00000	
1028.32103	-612.58711	379.99700	-0.04128	0.05483	89.98944	0.39643	0.00018	1.00000	-0.00072	-1.00000	0.00018	0.00096	0.00096	0.00072	1.00000	
1028.56192	-612.56127	380.41445	-0.04711	0.03959	89.99042	0.35910	0.00017	1.00000	-0.00082	-1.00000	0.00017	0.00069	0.00069	0.00082	1.00000	
1029.41142	-612.12183	379.76615	-0.03127	0.04211	90.01188	0.35795	-0.00021	1.00000	-0.00055	-1.00000	-0.00021	0.00074	0.00073	0.00055	1.00000	
1029.32873	-612.18340	379.91493	-0.03548	0.04440	90.01031	0.34864	-0.00018	1.00000	-0.00062	-1.00000	-0.00018	0.00078	0.00077	0.00062	1.00000	
1028.54851	-612.38643	379.98870	-0.03608	0.04238	89.98969	0.38752	0.00018	1.00000	-0.00063	-1.00000	0.00018	0.00074	0.00074	0.00063	1.00000	
1028.44265	-612.48995	380.26084	-0.04196	0.04041	89.98653	0.38956	0.00024	1.00000	-0.00073	-1.00000	0.00024	0.00071	0.00071	0.00073	1.00000	
1027.66920	-612.69116	380.19097	-0.03958	0.03916	89.96795	0.39883	0.00056	1.00000	-0.00069	-1.00000	0.00056	0.00068	0.00068	0.00069	1.00000	
1027.69496	-612.71799	380.03689	-0.03715	0.04025	89.96715	0.42989	0.00057	1.00000	-0.00065	-1.00000	0.00057	0.00070	0.00070	0.00065	1.00000	
1026.42453	-613.23287	380.73306	-0.05665	0.04764	89.93913	0.46227	0.00106	1.00000	-0.00099	-1.00000	0.00106	0.00083	0.00083	0.00099	1.00000	
1027.24039	-612.88940	380.65606	-0.05042	0.03679	89.95816	0.42955	0.00073	1.00000	-0.00088	-1.00000	0.00073	0.00064	0.00064	0.00088	1.00000	
1026.52645	-613.18725	380.91485	-0.05709	0.03456	89.93859	0.47513	0.00107	1.00000	-0.00100	-1.00000	0.00107	0.00060	0.00060	0.00100	1.00000	
1026.42494	-613.06749	380.41017	-0.04621	0.04030	89.93805	0.48741	0.00108	1.00000	-0.00081	-1.00000	0.00108	0.00070	0.00070	0.00081	1.00000	
1027.02564	-612.88506	380.57830	-0.05018	0.04029	89.95383	0.47894	0.00081	1.00000	-0.00088	-1.00000	0.00081	0.00070	0.00070	0.00088	1.00000	
1027.59125	-612.58481	380.24758	-0.04047	0.03541	89.96720	0.46985	0.00057	1.00000	-0.00071	-1.00000	0.00057	0.00062	0.00062	0.00071	1.00000	
1027.00662	-612.86023	380.56951	-0.05048	0.04197	89.95403	0.41920	0.00080	1.00000	-0.00088	-1.00000	0.00080	0.00073	0.00073	0.00088	1.00000	
1027.26789	-612.52962	379.77110	-0.03102	0.04226	89.96188	0.39601	0.00067	1.00000	-0.00054	-1.00000	0.00067	0.00074	0.00074	0.00054	1.00000	
1027.17273	-612.58859	379.92863	-0.03742	0.05110	89.96139	0.40433	0.00067	1.00000	-0.00065	-1.00000	0.00067	0.00089	0.00089	0.00065	1.00000	
1027.58085	-612.45558	380.01466	-0.03536	0.03862	89.96760	0.37715	0.00057	1.00000	-0.00062	-1.00000	0.00057	0.00067	0.00067	0.00062	1.00000	
1026.61213	-612.84569	380.26617	-0.03776	0.02602	89.93958	0.34518	0.00105	1.00000	-0.00066	-1.00000	0.00105	0.00045	0.00045	0.00066	1.00000	
1026.66839	-612.80395	380.19527	-0.04110	0.03916	89.94545	0.39413	0.00095	1.00000	-0.00072	-1.00000	0.00095	0.00068	0.00068	0.00072	1.00000	
1026.50986	-612.90941	380.41111	-0.04665	0.04010	89.94160	0.42349	0.00102	1.00000	-0.00081	-1.00000	0.00102	0.00070	0.00070	0.00081	1.00000	
1026.86860	-612.80448	380.37826	-0.04634	0.04187	89.95078	0.47104	0.00086	1.00000	-0.00081	-1.00000	0.00086	0.00073	0.00073	0.00081	1.00000	
1026.72139	-612.84579	380.29760	-0.04089	0.03190	89.94511	0.47479	0.00096	1.00000	-0.00071	-1.00000	0.00096	0.00056	0.00056	0.00071	1.00000	
1026.50380	-612.87364	379.97535	-0.03738	0.04420	89.94276	0.44989	0.00100	1.00000	-0.00065	-1.00000	0.00100	0.00077	0.00077	0.00065	1.00000	
1027.22001	-612.70430	380.15582	-0.03755	0.03346	89.95811	0.39331	0.00073	1.00000	-0.00066	-1.00000	0.00073	0.00058	0.00058	0.00066	1.00000	
1026.78925	-612.77000	379.95080	-0.03670	0.04735	89.95132	0.42570	0.00085	1.00000	-0.00064	-1.00000	0.00085	0.00083	0.00083	0.00064	1.00000	
1027.12024	-612.80371	380.39106	-0.04390	0.03530	89.95640	0.40675	0.00076	1.00000	-0.00077	-1.00000	0.00076	0.00062	0.00062	0.00077	1.00000	
1026.77729	-612.81330	380.11141	-0.03898	0.04242	89.94968	0.38692	0.00088	1.00000	-0.00068	-1.00000	0.00088	0.00074	0.00074	0.00068	1.00000	
1027.53271	-612.53870	380.22632	-0.04144	0.04083	89.96913	0.40222	0.00054	1.00000	-0.00072	-1.00000	0.00054	0.00071	0.00071	0.00072	1.00000	
1027.34431	-612.69152	380.56062	-0.04595	0.03041	89.96201	0.42045	0.00066	1.00000	-0.00080	-1.00000	0.00066	0.00053	0.00053	0.00080	1.00000	
1026.62641	-612.87756	380.39233	-0.04205	0.03208	89.94377	0.40986	0.00098	1.00000	-0.00073	-1.00000	0.00098	0.00056	0.00056	0.00073	1.00000	
1027.25739	-612.49664	380.01298	-0.03195	0.03151	89.95958	0.36400	0.00071	1.00000	-0.00056	-1.00000	0.00071	0.00055	0.00055	0.00056	1.00000	
1027.46665	-612.55640	380.61034	-0.04357	0.02052	89.96072	0.37864	0.00069	1.00000	-0.00076	-1.00000	0.00069	0.00036	0.00036	0.00076	1.00000	
1027.42596	-612.50889	380.39347	-0.04103	0.02519	89.95997	0.42007	0.00070	1.00000	-0.00072	-1.00000	0.00070	0.00044	0.00044	0.00072	1.00000	
1027.02215	-612.73697	381.08110	-0.05495	0.01741	89.94719	0.42532	0.00092	1.00000	-0.00096	-1.00000	0.00092	0.00030	0.00030	0.00096	1.00000	
1026.39128	-612.90195	380.89502	-0.05541	0.03057	89.93591	0.41254	0.00112	1.00000	-0.00097	-1.00000	0.00112	0.00053	0.00053	0.00097	1.00000	
1027.24647	-612.47752	380.21809	-0.03664	0.02796	89.95756	0.40153	0.00074	1.00000	-0.00064	-1.00000	0.00074	0.00049	0.00049	0.00064	1.00000	
1027.90756	-612.21987	380.08655	-0.03652	0.03486	89.97561	0.37039	0.00043	1.00000	-0.00064	-1.00000	0.00043	0.00061	0.00061	0.00064	1.00000	
1027.46420	-612.47497	380.60940	-0.04938	0.03364	89.96258	0.37283	0.00065	1.00000	-0.00086	-1.00000	0.00065	0.00059	0.00059	0.00086	1.00000	
1028.17507	-612.22978	380.55790	-0.04540	0.02807	89.97829	0.40506	0.00038	1.00000	-0.00079	-1.00000	0.00038	0.00049	0.00049	0.00079	1.00000	
1027.40021	-612.47259	380.71329	-0.05337	0.04439	89.96243	0.42407	0.00066	1.00000	-0.00093	-1.00000	0.00066	0.00077	0.00077	0.00093	1.00000	
1026.91000	-612.76615	380.95466	-0.05753	0.03690	89.94775	0.46283	0.00091	1.00000	-0.00100	-1.00000	0.00091	0.00064	0.00064	0.00100	1.00000	
1026.32463	-613.01505	381.27876	-0.06745	0.04307	89.93640	0.49047	0.00111	1.00000	-0.00118	-1.00000	0.00111	0.00075	0.00075	0.00118	1.00000	
1025.98418	-613.13685	381.32026	-0.06925	0.04312	89.92724	0.50831	0.00127	1.00000	-0.00121	-1.00000	0.00127	0.00075	0.00075	0.00121	1.00000	
1026.00398	-613.01637	380.84095	-0.05737	0.04466	89.92715	0.49701	0.00127	1.00000	-0.00100	-1.00000	0.00127	0.00078	0.00078	0.00100	1.00000	
1026.44553	-613.04144	381.22966	-0.06638	0.04148	89.93767	0.46363	0.00109	1.00000	-0.00116	-1.00000	0.00109	0.00072	0.00072	0.00116	1.00000	
1027.01663	-612.76626	380.92828	-0.06026	0.04427	89.95395	0.44515	0.00080	1.00000	-0.00105	-1.00000	0.00080	0.00077	0.00077	0.00105	1.00000	
1026.45943	-612.97027	380.71289	-0.05872	0.05259	89.94170	0.44020	0.00102	1.00000	-0.00103	-1.00000	0.00102	0.00092	0.00092	0.00102	1.00000	
1027.11736	-612.71222	380.55199	-0.04918	0.03517	89.95389	0.46154	0.00080	1.00000	-0.00086	-1.00000	0.00081	0.00061	0.00061	0.00086	1.00000	
1026.85335	-612.79307	380.41744	-0.04897	0.04359	89.94888	0.45734	0.00089	1.00000	-0.00086	-1.00000	0.00089	0.00076	0.00076	0.00085	1.00000	
1026.75718	-612.84762	380.43088	-0.05304	0.05122	89.94875	0.46365	0.00089	1.00000	-0.00093	-1.00000	0.00090	0.00089	0.00089	0.00093	1.00000	
1026.90936	-612.87006	380.69055	-0.05359	0.03309	89.94655	0.47946	0.00093	1.00000	-0.00094	-1.00000	0.00093	0.00058	0.00058	0.00094	1.00000	
1026.59371	-612.99260	380.79499	-0.05632	0.03348	89.93816	0.49771	0.00108	1.00000	-0.00098	-1.00000	0.00108	0.00058	0.00058	0.00098	1.00000	
1026.60889	-612.94811	380.55492	-0.05348	0.04059	89.93945	0.48193	0.00106	1.00000	-0.00093	-1.00000	0.00106	0.00071	0.00071	0.00093	1.00000	
1026.56100	-612.96892	380.61552	-0.05789	0.04853	89.93805	0.47957	0.00108	1.00000	-0.00101	-1.00000	0.00108	0.00085	0.00085	0.00101	1.00000	
1026.75422	-612.93649	380.66607	-0.06071	0.05377	89.94375	0.46587	0.00098	1.00000	-0.00106	-1.00000	0.00098	0.00094	0.00094	0.00106	1.00000	
1026.59550	-612.88371	380.23246	-0.05299	0.06427	89.94290	0.44977	0.00100	1.00000	-0.00093	-1.00000	0.00100	0.00112	0.00112	0.00092	1.00000	
1027.18603	-612.75044	380.41037	-0.05489	0.05808	89.95423	0.43830	0.00080	1.00000	-0.00096	-1.00000	0.00080	0.00101	0.00101	0.00096	1.00000	
1027.01052	-612.72434	380.21640	-0.04700	0.05172	89.94847	0.40964	0.00090	1.00000	-0.00082	-1.00000	0.00090	0.00090	0.00090	0.00082	1.00000	
1026.87522	-612.78961	380.45745	-0.05166	0.04859	89.94558	0.42092	0.00095	1.00000	-0.00090	-1.00000	0.00095	0.00085	0.00085	0.00090	1.00000	
1026.42439	-613.08598	381.08851	-0.06264	0.03628	89.93049	0.40266	0.00121	1.00000	-0.00109	-1.00000	0.00121	0.00063	0.00063	0.00109	1.00000	
1026.94309	-612.85720	381.02243	-0.06346	0.04562	89.94619	0.44779	0.00094	1.00000	-0.00111	-1.00000	0.00094	0.00080	0.00080	0.00111	1.00000	
1026.30453	-612.99113	380.85907	-0.06304	0.05705	89.93439	0.46929	0.00115	1.00000	-0.00110	-1.00000	0.00115	0.00099	0.00100	0.00110	1.00000	
1025.97432	-613.18005	381.27758	-0.07247	0.05574	89.92620	0.50090	0.00129	1.00000	-0.00127	-1.00000	0.00129	0.00097	0.00097	0.00126	1.00000	
1024.91540	-613.54502	381.21566	-0.07114	0.05396	89.89812	0.54017	0.00178	1.00000	-0.00124	-1.00000	0.00178	0.00094	0.00094	0.00124	1.00000	
1025.80194	-613.23984	381.33405	-0.07120	0.04548	89.91816	0.50660	0.00143	1.00000	-0.00124	-1.00000	0.00143	0.00079	0.00079	0.00124	1.00000	
1025.32636	-613.44511	381.62057	-0.07616	0.03815	89.90434	0.49041	0.00167	1.00000	-0.00133	-1.00000	0.00167	0.00066	0.00067	0.00133	1.00000	
1025.67610	-613.28587	381.49801	-0.07324	0.03745	89.91393	0.50440	0.00150	1.00000	-0.00128	-1.00000	0.00150	0.00065	0.00065	0.00128	1.00000	
1025.68414	-613.26686	381.52241	-0.07956	0.05350	89.91702	0.51128	0.00145	1.00000	-0.00139	-1.00000	0.00145	0.00093	0.00093	0.00139	1.00000	
1026.59567	-612.89382	381.22104	-0.06508	0.03074	89.93434	0.50658	0.00115	1.00000	-0.00114	-1.00000	0.00115	0.00054	0.00054	0.00114	1.00000	
1026.63561	-612.85901	380.96434	-0.06242	0.04226	89.93734	0.49901	0.00109	1.00000	-0.00109	-1.00000	0.00109	0.00074	0.00074	0.00109	1.00000	
1025.40156	-613.22749	380.87732	-0.06522	0.05895	89.90959	0.50726	0.00158	1.00000	-0.00114	-1.00000	0.00158	0.00103	0.00103	0.00114	1.00000	
1026.42817	-613.00823	381.13412	-0.07132	0.05470	89.93363	0.46437	0.00116	1.00000	-0.00125	-1.00000	0.00116	0.00095	0.00095	0.00124	1.00000	
1026.98681	-612.72000	380.76530	-0.05938	0.04835	89.94614	0.43507	0.00094	1.00000	-0.00104	-1.00000	0.00094	0.00084	0.00084	0.00104	1.00000	
1026.87716	-612.74270	380.66005	-0.05686	0.04764	89.94362	0.46026	0.00098	1.00000	-0.00099	-1.00000	0.00098	0.00083	0.00083	0.00099	1.00000	
1026.65467	-612.84808	380.76182	-0.05777	0.04361	89.93731	0.43299	0.00109	1.00000	-0.00101	-1.00000	0.00109	0.00076	0.00076	0.00101	1.00000	
1026.11967	-613.10354	381.08417	-0.06828	0.05184	89.92574	0.49432	0.00130	1.00000	-0.00119	-1.00000	0.00130	0.00090	0.00090	0.00119	1.00000	
1026.09666	-613.06110	380.87845	-0.06051	0.04346	89.92301	0.46730	0.00134	1.00000	-0.00106	-1.00000	0.00134	0.00076	0.00076	0.00106	1.00000	
1026.16055	-613.00889	380.76262	-0.05822	0.04573	89.92523	0.46655	0.00130	1.00000	-0.00102	-1.00000	0.00131	0.00080	0.00080	0.00102	1.00000	
1026.14280	-612.91657	380.48123	-0.05608	0.05578	89.92859	0.46740	0.00125	1.00000	-0.00098	-1.00000	0.00125	0.00097	0.00097	0.00098	1.00000	
1026.21236	-612.91039	380.73939	-0.05666	0.03962	89.92722	0.48282	0.00127	1.00000	-0.00099	-1.00000	0.00127	0.00069	0.00069	0.00099	1.00000	
1026.07389	-613.02429	381.00229	-0.06633	0.04877	89.92608	0.46673	0.00129	1.00000	-0.00116	-1.00000	0.00129	0.00085	0.00085	0.00116	1.00000	
1026.10479	-612.98680	380.84997	-0.06161	0.04505	89.92629	0.49357	0.00129	1.00000	-0.00108	-1.00000	0.00129	0.00078	0.00079	0.00108	1.00000	
1026.02731	-612.98130	380.98347	-0.06531	0.04596	89.92618	0.45740	0.00129	1.00000	-0.00114	-1.00000	0.00129	0.00080	0.00080	0.00114	1.00000	
1026.90661	-612.65127	380.55971	-0.05652	0.05027	89.94812	0.46614	0.00091	1.00000	-0.00099	-1.00000	0.00091	0.00088	0.00088	0.00099	1.00000	
1026.84999	-612.70484	380.72808	-0.06261	0.05365	89.94676	0.45888	0.00093	1.00000	-0.00109	-1.00000	0.00093	0.00094	0.00094	0.00109	1.00000	
1027.32133	-612.43038	380.36054	-0.05579	0.06163	89.95988	0.45829	0.00070	1.00000	-0.00097	-1.00000	0.00070	0.00107	0.00108	0.00097	1.00000	
1027.77660	-612.28575	380.32611	-0.05233	0.05356	89.96848	0.45301	0.00055	1.00000	-0.00091	-1.00000	0.00055	0.00093	0.00093	0.00091	1.00000	
1027.73957	-612.33952	380.48724	-0.05936	0.05989	89.96873	0.46154	0.00055	1.00000	-0.00104	-1.00000	0.00055	0.00104	0.00105	0.00104	1.00000	
1026.69283	-612.81423	381.07799	-0.07177	0.05395	89.94107	0.45109	0.00103	1.00000	-0.00125	-1.00000	0.00103	0.00094	0.00094	0.00125	1.00000	
1026.60729	-612.62934	380.45137	-0.05663	0.05769	89.94092	0.50075	0.00103	1.00000	-0.00099	-1.00000	0.00103	0.00101	0.00101	0.00099	1.00000	
1027.06667	-612.48767	380.56821	-0.05781	0.04921	89.95052	0.49245	0.00086	1.00000	-0.00101	-1.00000	0.00086	0.00086	0.00086	0.00101	1.00000	
1026.85783	-612.72453	381.17898	-0.06989	0.04185	89.94420	0.43028	0.00097	1.00000	-0.00122	-1.00000	0.00097	0.00073	0.00073	0.00122	1.00000	
1026.90787	-612.48424	380.18484	-0.05179	0.06000	89.94973	0.44291	0.00088	1.00000	-0.00090	-1.00000	0.00088	0.00105	0.00105	0.00090	1.00000	
1027.25940	-612.53543	380.78284	-0.06440	0.05449	89.95664	0.43083	0.00076	1.00000	-0.00112	-1.00000	0.00076	0.00095	0.00095	0.00112	1.00000	
1027.33120	-612.43200	380.46498	-0.05531	0.04972	89.95867	0.41827	0.00072	1.00000	-0.00097	-1.00000	0.00072	0.00087	0.00087	0.00097	1.00000	
1027.08035	-612.52231	380.36109	-0.05804	0.06401	89.95410	0.39113	0.00080	1.00000	-0.00101	-1.00000	0.00080	0.00112	0.00112	0.00101	1.00000	
1026.69219	-612.73069	380.56729	-0.06264	0.06165	89.94475	0.43933	0.00096	1.00000	-0.00109	-1.00000	0.00097	0.00107	0.00108	0.00109	1.00000	
1026.66072	-612.67740	380.50348	-0.06039	0.06076	89.94480	0.45377	0.00096	1.00000	-0.00105	-1.00000	0.00096	0.00106	0.00106	0.00105	1.00000	
1026.81245	-612.62786	380.57062	-0.06301	0.06299	89.95158	0.45837	0.00085	1.00000	-0.00110	-1.00000	0.00085	0.00110	0.00110	0.00110	1.00000	
1027.32766	-612.36634	380.37431	-0.05168	0.04691	89.96075	0.42864	0.00068	1.00000	-0.00090	-1.00000	0.00069	0.00082	0.00082	0.00090	1.00000	
1027.23853	-612.35194	380.14821	-0.04573	0.04585	89.95722	0.41259	0.00075	1.00000	-0.00080	-1.00000	0.00075	0.00080	0.00080	0.00080	1.00000	
1026.84822	-612.59513	380.55573	-0.05483	0.04209	89.94664	0.41970	0.00093	1.00000	-0.00096	-1.00000	0.00093	0.00073	0.00073	0.00096	1.00000	
1026.73309	-612.61480	380.62149	-0.05178	0.03139	89.94141	0.42933	0.00102	1.00000	-0.00090	-1.00000	0.00102	0.00055	0.00055	0.00090	1.00000	
1027.08055	-612.48817	380.70112	-0.05269	0.02976	89.94858	0.41631	0.00090	1.00000	-0.00092	-1.00000	0.00090	0.00052	0.00052	0.00092	1.00000	
1027.45705	-612.45214	380.80870	-0.05596	0.03100	89.95821	0.43914	0.00073	1.00000	-0.00098	-1.00000	0.00073	0.00054	0.00054	0.00098	1.00000	
1026.92650	-612.68193	381.16999	-0.06487	0.03256	89.94514	0.44999	0.00096	1.00000	-0.00113	-1.00000	0.00096	0.00057	0.00057	0.00113	1.00000	
1027.56896	-612.41889	380.74706	-0.05545	0.03826	89.96144	0.45350	0.00067	1.00000	-0.00097	-1.00000	0.00067	0.00067	0.00067	0.00097	1.00000	
1027.68098	-612.36789	380.54427	-0.05283	0.04341	89.96549	0.42714	0.00060	1.00000	-0.00092	-1.00000	0.00060	0.00076	0.00076	0.00092	1.00000	
1028.04262	-612.33849	380.73155	-0.05342	0.03696	89.97130	0.42559	0.00050	1.00000	-0.00093	-1.00000	0.00050	0.00064	0.00064	0.00093	1.00000	
1027.62883	-612.31879	380.09306	-0.04261	0.05081	89.96438	0.43060	0.00062	1.00000	-0.00074	-1.00000	0.00062	0.00089	0.00089	0.00074	1.00000	
1027.89241	-612.31419	380.43998	-0.05113	0.05512	89.97118	0.42925	0.00050	1.00000	-0.00089	-1.00000	0.00050	0.00096	0.00096	0.00089	1.00000	
1028.60346	-612.03639	380.33415	-0.04015	0.03322	89.98183	0.41272	0.00032	1.00000	-0.00070	-1.00000	0.00032	0.00058	0.00058	0.00070	1.00000	
1028.94553	-611.79897	380.08552	-0.03849	0.04616	89.99414	0.40415	0.00010	1.00000	-0.00067	-1.00000	0.00010	0.00081	0.00081	0.00067	1.00000	
1028.63179	-611.90926	379.93500	-0.03562	0.04631	89.98627	0.39031	0.00024	1.00000	-0.00062	-1.00000	0.00024	0.00081	0.00081	0.00062	1.00000	
1027.81006	-612.20500	380.35945	-0.04613	0.04728	89.96636	0.43535	0.00059	1.00000	-0.00081	-1.00000	0.00059	0.00082	0.00083	0.00081	1.00000	
1027.45279	-612.43131	380.85054	-0.06280	0.05741	89.95849	0.46894	0.00072	1.00000	-0.00110	-1.00000	0.00073	0.00100	0.00100	0.00110	1.00000	
1027.81533	-612.22581	380.75599	-0.06124	0.05922	89.97005	0.47764	0.00052	1.00000	-0.00107	-1.00000	0.00052	0.00103	0.00103	0.00107	1.00000	
1027.70614	-612.25203	380.64742	-0.05896	0.05825	89.96747	0.50408	0.00057	1.00000	-0.00103	-1.00000	0.00057	0.00102	0.00102	0.00103	1.00000	
1028.00384	-612.19325	380.91985	-0.06158	0.04492	89.97488	0.50444	0.00044	1.00000	-0.00108	-1.00000	0.00044	0.00078	0.00078	0.00107	1.00000	
1027.48144	-612.30835	380.58065	-0.05495	0.04885	89.96206	0.50548	0.00066	1.00000	-0.00096	-1.00000	0.00066	0.00085	0.00085	0.00096	1.00000	
1027.05609	-612.55833	380.84145	-0.05932	0.04196	89.94974	0.46590	0.00088	1.00000	-0.00104	-1.00000	0.00088	0.00073	0.00073	0.00104	1.00000	
1027.07060	-612.58822	380.83837	-0.06128	0.04693	89.95132	0.47492	0.00085	1.00000	-0.00107	-1.00000	0.00085	0.00082	0.00082	0.00107	1.00000	
1027.38949	-612.37344	380.23139	-0.04989	0.05774	89.96125	0.48056	0.00068	1.00000	-0.00087	-1.00000	0.00068	0.00101	0.00101	0.00087	1.00000	
1027.03530	-612.65503	380.93638	-0.06182	0.04036	89.95003	0.45807	0.00087	1.00000	-0.00108	-1.00000	0.00087	0.00070	0.00070	0.00108	1.00000	
1026.49967	-612.66981	380.40707	-0.05198	0.05036	89.93919	0.48981	0.00106	1.00000	-0.00091	-1.00000	0.00106	0.00088	0.00088	0.00091	1.00000	
1027.53965	-612.35245	380.46160	-0.04853	0.03584	89.96100	0.44473	0.00068	1.00000	-0.00085	-1.00000	0.00068	0.00063	0.00063	0.00085	1.00000	
1028.19020	-612.00477	380.03892	-0.03666	0.03295	89.97752	0.41803	0.00039	1.00000	-0.00064	-1.00000	0.00039	0.00057	0.00058	0.00064	1.00000	
1027.43259	-612.34579	380.43928	-0.04701	0.03782	89.95784	0.43964	0.00074	1.00000	-0.00082	-1.00000	0.00074	0.00066	0.00066	0.00082	1.00000	
1027.32112	-612.51953	381.09502	-0.06223	0.03403	89.95405	0.49362	0.00080	1.00000	-0.00109	-1.00000	0.00080	0.00059	0.00059	0.00109	1.00000	
1026.83800	-612.68107	381.20941	-0.06605	0.03916	89.94369	0.52938	0.00098	1.00000	-0.00115	-1.00000	0.00098	0.00068	0.00068	0.00115	1.00000	
1026.37131	-612.82727	381.11032	-0.06493	0.04238	89.93165	0.51047	0.00119	1.00000	-0.00113	-1.00000	0.00119	0.00074	0.00074	0.00113	1.00000	
1026.92205	-612.56454	380.77967	-0.05421	0.03765	89.94356	0.50323	0.00099	1.00000	-0.00095	-1.00000	0.00099	0.00066	0.00066	0.00095	1.00000	
1026.65320	-612.60944	380.51720	-0.05277	0.05232	89.93990	0.52672	0.00105	1.00000	-0.00092	-1.00000	0.00105	0.00091	0.00091	0.00092	1.00000	
1026.74010	-612.60953	380.58890	-0.05327	0.05238	89.94171	0.53939	0.00102	1.00000	-0.00093	-1.00000	0.00102	0.00091	0.00091	0.00093	1.00000	
1027.26502	-612.41793	380.32077	-0.04748	0.05542	89.95525	0.51573	0.00078	1.00000	-0.00083	-1.00000	0.00078	0.00097	0.00097	0.00083	1.00000	
1027.46862	-612.29733	380.26928	-0.04861	0.06153	89.96316	0.47138	0.00064	1.00000	-0.00085	-1.00000	0.00064	0.00107	0.00107	0.00085	1.00000	
1027.46046	-612.36839	380.59889	-0.05689	0.06327	89.96290	0.48083	0.00065	1.00000	-0.00099	-1.00000	0.00065	0.00110	0.00110	0.00099	1.00000	
1027.89555	-612.22071	380.56485	-0.05436	0.05527	89.97332	0.48884	0.00047	1.00000	-0.00095	-1.00000	0.00047	0.00096	0.00096	0.00095	1.00000	
1027.80146	-612.28024	380.84864	-0.06187	0.05733	89.97104	0.48460	0.00051	1.00000	-0.00108	-1.00000	0.00051	0.00100	0.00100	0.00108	1.00000	
1027.48270	-612.36145	380.68207	-0.05614	0.05094	89.96181	0.47253	0.00067	1.00000	-0.00098	-1.00000	0.00067	0.00089	0.00089	0.00098	1.00000	
1027.90595	-612.17603	380.56547	-0.05439	0.05207	89.97342	0.46527	0.00046	1.00000	-0.00095	-1.00000	0.00046	0.00091	0.00091	0.00095	1.00000	
1027.71805	-612.29395	380.67035	-0.05620	0.05101	89.96833	0.41265	0.00055	1.00000	-0.00098	-1.00000	0.00055	0.00089	0.00089	0.00098	1.00000	
1028.57530	-611.88610	380.19591	-0.04632	0.05336	89.99177	0.38947	0.00014	1.00000	-0.00081	-1.00000	0.00014	0.00093	0.00093	0.00081	1.00000	
1028.14353	-612.11711	380.46356	-0.05156	0.04547	89.97730	0.40923	0.00040	1.00000	-0.00090	-1.00000	0.00040	0.00079	0.00079	0.00090	1.00000	
1028.02301	-612.11749	380.54862	-0.05118	0.04107	89.97384	0.47892	0.00046	1.00000	-0.00089	-1.00000	0.00046	0.00072	0.00072	0.00089	1.00000	
1027.77232	-612.27444	380.80504	-0.05900	0.04282	89.96785	0.46362	0.00056	1.00000	-0.00103	-1.00000	0.00056	0.00075	0.00075	0.00103	1.00000	
1028.20760	-611.94256	380.36524	-0.04913	0.04891	89.98227	0.47174	0.00031	1.00000	-0.00086	-1.00000	0.00031	0.00085	0.00085	0.00086	1.00000	
1027.62310	-612.21559	380.63954	-0.05368	0.04387	89.96513	0.45680	0.00061	1.00000	-0.00094	-1.00000	0.00061	0.00077	0.00077	0.00094	1.00000	
1026.99214	-612.41599	380.73987	-0.05362	0.03550	89.94661	0.42303	0.00093	1.00000	-0.00094	-1.00000	0.00093	0.00062	0.00062	0.00094	1.00000	
1027.36785	-612.16758	380.57235	-0.04891	0.03695	89.95808	0.46117	0.00073	1.00000	-0.00085	-1.00000	0.00073	0.00064	0.00064	0.00085	1.00000	
1026.73229	-612.29857	380.54849	-0.05592	0.05724	89.94634	0.48280	0.00094	1.00000	-0.00098	-1.00000	0.00094	0.00100	0.00100	0.00098	1.00000	
1026.73185	-612.33265	380.69069	-0.05371	0.03934	89.94305	0.49825	0.00099	1.00000	-0.00094	-1.00000	0.00099	0.00069	0.00069	0.00094	1.00000	
1025.71915	-612.74899	380.79263	-0.05873	0.04959	89.91978	0.48971	0.00140	1.00000	-0.00103	-1.00000	0.00140	0.00086	0.00087	0.00103	1.00000	
1026.82538	-612.40662	380.66982	-0.05072	0.03547	89.94397	0.45853	0.00098	1.00000	-0.00089	-1.00000	0.00098	0.00062	0.00062	0.00089	1.00000	
1026.54710	-612.48926	380.38547	-0.04773	0.04916	89.93890	0.50032	0.00107	1.00000	-0.00083	-1.00000	0.00107	0.00086	0.00086	0.00083	1.00000	
1025.77080	-612.90662	380.91061	-0.06147	0.05177	89.92113	0.50046	0.00138	1.00000	-0.00107	-1.00000	0.00138	0.00090	0.00090	0.00107	1.00000	
1027.14068	-612.40710	380.54787	-0.04898	0.04269	89.95307	0.45783	0.00082	1.00000	-0.00086	-1.00000	0.00082	0.00074	0.00075	0.00085	1.00000	
1026.64496	-612.63475	380.71549	-0.05639	0.05387	89.94132	0.44413	0.00102	1.00000	-0.00099	-1.00000	0.00102	0.00094	0.00094	0.00098	1.00000	
1026.79894	-612.51689	380.42299	-0.05281	0.05836	89.94566	0.44951	0.00095	1.00000	-0.00092	-1.00000	0.00095	0.00102	0.00102	0.00092	1.00000	
1027.23348	-612.20108	379.67709	-0.03672	0.06215	89.95805	0.46947	0.00073	1.00000	-0.00064	-1.00000	0.00073	0.00108	0.00108	0.00064	1.00000	
1027.04640	-612.21961	379.46805	-0.03661	0.07373	89.95449	0.49806	0.00079	1.00000	-0.00064	-1.00000	0.00080	0.00129	0.00129	0.00064	1.00000	
1025.70979	-612.91050	380.44747	-0.06112	0.06939	89.91991	0.52923	0.00140	1.00000	-0.00107	-1.00000	0.00140	0.00121	0.00121	0.00107	1.00000	
1027.03560	-612.38340	380.08713	-0.04656	0.05170	89.94759	0.54806	0.00091	1.00000	-0.00081	-1.00000	0.00092	0.00090	0.00090	0.00081	1.00000	
1026.25411	-612.69955	380.22261	-0.05029	0.05546	89.92854	0.51580	0.00125	1.00000	-0.00088	-1.00000	0.00125	0.00097	0.00097	0.00088	1.00000	
1027.23705	-612.43592	380.34712	-0.04964	0.04703	89.95181	0.48080	0.00084	1.00000	-0.00087	-1.00000	0.00084	0.00082	0.00082	0.00087	1.00000	
1027.29119	-612.25901	379.58784	-0.03565	0.06318	89.95773	0.43319	0.00074	1.00000	-0.00062	-1.00000	0.00074	0.00110	0.00110	0.00062	1.00000	
1027.31391	-612.21118	379.49813	-0.03209	0.05740	89.95560	0.43214	0.00078	1.00000	-0.00056	-1.00000	0.00078	0.00100	0.00100	0.00056	1.00000	
1027.00479	-612.51818	380.04802	-0.04610	0.05463	89.94621	0.44117	0.00094	1.00000	-0.00081	-1.00000	0.00094	0.00095	0.00095	0.00080	1.00000	
1027.40414	-612.25392	379.70389	-0.04044	0.06108	89.95879	0.46397	0.00072	1.00000	-0.00071	-1.00000	0.00072	0.00107	0.00107	0.00071	1.00000	
1026.84002	-612.67348	380.40740	-0.05902	0.06165	89.94342	0.48426	0.00099	1.00000	-0.00103	-1.00000	0.00099	0.00107	0.00108	0.00103	1.00000	
1026.71442	-612.68760	380.20027	-0.05512	0.06478	89.94051	0.48593	0.00104	1.00000	-0.00096	-1.00000	0.00104	0.00113	0.00113	0.00096	1.00000	
1027.50815	-612.45156	380.22730	-0.05109	0.04981	89.95451	0.48058	0.00079	1.00000	-0.00089	-1.00000	0.00079	0.00087	0.00087	0.00089	1.00000	
1027.12298	-612.59794	380.10985	-0.05209	0.05837	89.94708	0.51094	0.00092	1.00000	-0.00091	-1.00000	0.00092	0.00102	0.00102	0.00091	1.00000	
1027.07991	-612.69301	380.57653	-0.06159	0.05144	89.94381	0.50615	0.00098	1.00000	-0.00108	-1.00000	0.00098	0.00090	0.00090	0.00107	1.00000	
1027.16746	-612.60000	380.24561	-0.04915	0.03776	89.94327	0.52893	0.00099	1.00000	-0.00086	-1.00000	0.00099	0.00066	0.00066	0.00086	1.00000	
1026.65663	-612.85090	380.45826	-0.05407	0.03605	89.92938	0.53469	0.00123	1.00000	-0.00094	-1.00000	0.00123	0.00063	0.00063	0.00094	1.00000	
1027.57402	-612.48866	380.25768	-0.05228	0.04861	89.95794	0.50136	0.00073	1.00000	-0.00091	-1.00000	0.00073	0.00085	0.00085	0.00091	1.00000	
1027.46117	-612.54794	380.43526	-0.05141	0.03427	89.95365	0.48490	0.00081	1.00000	-0.00090	-1.00000	0.00081	0.00060	0.00060	0.00090	1.00000	
1027.46339	-612.68907	380.64203	-0.05592	0.03192	89.95092	0.48322	0.00086	1.00000	-0.00098	-1.00000	0.00086	0.00056	0.00056	0.00098	1.00000	
1027.27245	-612.73205	380.60911	-0.05727	0.04239	89.94891	0.47595	0.00089	1.00000	-0.00100	-1.00000	0.00089	0.00074	0.00074	0.00100	1.00000	
1028.05424	-612.43290	380.35496	-0.04634	0.02891	89.96667	0.47684	0.00058	1.00000	-0.00081	-1.00000	0.00058	0.00050	0.00050	0.00081	1.00000	
1028.12585	-612.38756	380.05912	-0.04251	0.04076	89.96957	0.44544	0.00053	1.00000	-0.00074	-1.00000	0.00053	0.00071	0.00071	0.00074	1.00000	
1027.66997	-612.49594	380.11210	-0.04379	0.03837	89.95900	0.46065	0.00072	1.00000	-0.00076	-1.00000	0.00072	0.00067	0.00067	0.00076	1.00000	
1028.16805	-612.32514	379.82718	-0.03704	0.04283	89.97194	0.48602	0.00049	1.00000	-0.00065	-1.00000	0.00049	0.00075	0.00075	0.00065	1.00000	
1027.96812	-612.41023	379.97821	-0.04182	0.04677	89.97028	0.45936	0.00052	1.00000	-0.00073	-1.00000	0.00052	0.00082	0.00082	0.00073	1.00000	
1027.76598	-612.62768	380.45579	-0.05508	0.04881	89.96505	0.49002	0.00061	1.00000	-0.00096	-1.00000	0.00061	0.00085	0.00085	0.00096	1.00000	
1027.44580	-612.68851	380.19741	-0.04983	0.05171	89.95852	0.48659	0.00072	1.00000	-0.00087	-1.00000	0.00072	0.00090	0.00090	0.00087	1.00000	
1028.14747	-612.51089	380.43828	-0.05832	0.06065	89.97878	0.50503	0.00037	1.00000	-0.00102	-1.00000	0.00037	0.00106	0.00106	0.00102	1.00000	
1027.38152	-612.69812	380.21240	-0.05036	0.05676	89.95827	0.52635	0.00073	1.00000	-0.00088	-1.00000	0.00073	0.00099	0.00099	0.00088	1.00000	
1027.32846	-612.62098	379.87797	-0.04536	0.06622	89.96043	0.51099	0.00069	1.00000	-0.00079	-1.00000	0.00069	0.00116	0.00116	0.00079	1.00000	
1028.68741	-612.09328	379.76584	-0.03325	0.04240	89.98898	0.46417	0.00019	1.00000	-0.00058	-1.00000	0.00019	0.00074	0.00074	0.00058	1.00000	
1027.74597	-612.52644	380.42658	-0.04808	0.03546	89.96520	0.47842	0.00061	1.00000	-0.00084	-1.00000	0.00061	0.00062	0.00062	0.00084	1.00000	
1026.75545	-612.68217	379.91289	-0.04034	0.05449	89.94511	0.45386	0.00096	1.00000	-0.00070	-1.00000	0.00096	0.00095	0.00095	0.00070	1.00000	
1026.83256	-612.73624	380.26974	-0.04465	0.03972	89.94410	0.43116	0.00098	1.00000	-0.00078	-1.00000	0.00098	0.00069	0.00069	0.00078	1.00000	
1027.14255	-612.52702	380.02996	-0.04206	0.04768	89.95475	0.45272	0.00079	1.00000	-0.00073	-1.00000	0.00079	0.00083	0.00083	0.00073	1.00000	
1026.86444	-612.69102	380.41975	-0.04991	0.04147	89.94619	0.47124	0.00094	1.00000	-0.00087	-1.00000	0.00094	0.00072	0.00072	0.00087	1.00000	
1026.82810	-612.73814	380.54814	-0.05601	0.04703	89.94626	0.48289	0.00094	1.00000	-0.00098	-1.00000	0.00094	0.00082	0.00082	0.00098	1.00000	
1026.16380	-612.99795	380.62988	-0.05751	0.04692	89.92878	0.48550	0.00124	1.00000	-0.00100	-1.00000	0.00124	0.00082	0.00082	0.00100	1.00000	
1026.34188	-612.97266	380.82835	-0.05949	0.04029	89.93119	0.50275	0.00120	1.00000	-0.00104	-1.00000	0.00120	0.00070	0.00070	0.00104	1.00000	
1026.57464	-612.77686	380.26431	-0.04555	0.03903	89.93613	0.48050	0.00111	1.00000	-0.00080	-1.00000	0.00112	0.00068	0.00068	0.00079	1.00000	
1025.91471	-613.22584	381.03088	-0.06128	0.02361	89.91439	0.49983	0.00149	1.00000	-0.00107	-1.00000	0.00149	0.00041	0.00041	0.00107	1.00000	
1027.04120	-612.72747	380.46471	-0.04819	0.02686	89.94338	0.46754	0.00099	1.00000	-0.00084	-1.00000	0.00099	0.00047	0.00047	0.00084	1.00000	
1027.65751	-612.55037	380.76804	-0.05707	0.03143	89.96124	0.48474	0.00068	1.00000	-0.00100	-1.00000	0.00068	0.00055	0.00055	0.00100	1.00000	
1026.90993	-612.84406	380.70200	-0.05656	0.03577	89.94323	0.49513	0.00099	1.00000	-0.00099	-1.00000	0.00099	0.00062	0.00062	0.00099	1.00000	
1027.27821	-612.69650	380.53868	-0.05234	0.03373	89.95263	0.48959	0.00083	1.00000	-0.00091	-1.00000	0.00083	0.00059	0.00059	0.00091	1.00000	
1027.22221	-612.82279	380.87868	-0.05902	0.02531	89.94789	0.49830	0.00091	1.00000	-0.00103	-1.00000	0.00091	0.00044	0.00044	0.00103	1.00000	
1027.49535	-612.70452	380.82611	-0.05351	0.01483	89.95177	0.50183	0.00084	1.00000	-0.00093	-1.00000	0.00084	0.00026	0.00026	0.00093	1.00000	
1027.28606	-612.65721	380.53464	-0.04919	0.02743	89.94993	0.48356	0.00087	1.00000	-0.00086	-1.00000	0.00087	0.00048	0.00048	0.00086	1.00000	
1027.99034	-612.50681	380.82073	-0.05559	0.02341	89.96710	0.48540	0.00057	1.00000	-0.00097	-1.00000	0.00057	0.00041	0.00041	0.00097	1.00000	
1027.76701	-612.52671	380.69647	-0.05059	0.01909	89.96100	0.46777	0.00068	1.00000	-0.00088	-1.00000	0.00068	0.00033	0.00033	0.00088	1.00000	
1028.39878	-612.27539	380.64251	-0.05099	0.02717	89.98005	0.46690	0.00035	1.00000	-0.00089	-1.00000	0.00035	0.00047	0.00047	0.00089	1.00000	
1027.95152	-612.46223	380.76374	-0.05696	0.03359	89.97021	0.48692	0.00052	1.00000	-0.00099	-1.00000	0.00052	0.00059	0.00059	0.00099	1.00000	
1028.33929	-612.27956	380.42535	-0.05164	0.04028	89.98139	0.46550	0.00032	1.00000	-0.00090	-1.00000	0.00033	0.00070	0.00070	0.00090	1.00000	
1027.02171	-612.83056	380.89975	-0.06480	0.04255	89.94926	0.51203	0.00089	1.00000	-0.00113	-1.00000	0.00089	0.00074	0.00074	0.00113	1.00000	
1027.12612	-612.74660	380.72736	-0.05899	0.03874	89.95244	0.50724	0.00083	1.00000	-0.00103	-1.00000	0.00083	0.00068	0.00068	0.00103	1.00000	
1026.95379	-612.79523	380.67316	-0.05437	0.03153	89.94686	0.50429	0.00093	1.00000	-0.00095	-1.00000	0.00093	0.00055	0.00055	0.00095	1.00000	
1027.39188	-612.62390	380.70975	-0.05708	0.03881	89.96019	0.47767	0.00069	1.00000	-0.00100	-1.00000	0.00070	0.00068	0.00068	0.00100	1.00000	
1027.29560	-612.70264	380.72602	-0.05850	0.04128	89.95874	0.44619	0.00072	1.00000	-0.00102	-1.00000	0.00072	0.00072	0.00072	0.00102	1.00000	
1027.30487	-612.73248	381.01932	-0.05967	0.03137	89.95747	0.47094	0.00074	1.00000	-0.00104	-1.00000	0.00074	0.00055	0.00055	0.00104	1.00000	
1026.31243	-613.04826	381.00383	-0.06598	0.04993	89.93624	0.49194	0.00111	1.00000	-0.00115	-1.00000	0.00111	0.00087	0.00087	0.00115	1.00000	
1027.43376	-612.67057	380.99207	-0.06332	0.04292	89.96297	0.46137	0.00065	1.00000	-0.00111	-1.00000	0.00065	0.00075	0.00075	0.00111	1.00000	
1027.32357	-612.64537	380.65500	-0.05767	0.05091	89.96175	0.46298	0.00067	1.00000	-0.00101	-1.00000	0.00067	0.00089	0.00089	0.00101	1.00000	
1026.97545	-612.84621	381.09600	-0.06892	0.05404	89.95275	0.48916	0.00082	1.00000	-0.00120	-1.00000	0.00083	0.00094	0.00094	0.00120	1.00000	
1026.84884	-612.75527	380.44486	-0.05525	0.06159	89.95148	0.51918	0.00085	1.00000	-0.00097	-1.00000	0.00085	0.00107	0.00108	0.00096	1.00000	
1026.32807	-613.03754	380.82176	-0.06502	0.06159	89.93862	0.48081	0.00107	1.00000	-0.00114	-1.00000	0.00107	0.00107	0.00107	0.00113	1.00000	
1026.86384	-612.91387	380.69006	-0.05442	0.03930	89.94582	0.47091	0.00095	1.00000	-0.00095	-1.00000	0.00095	0.00068	0.00069	0.00095	1.00000	
1025.61082	-613.45696	380.89447	-0.06723	0.05853	89.91861	0.47977	0.00142	1.00000	-0.00117	-1.00000	0.00142	0.00102	0.00102	0.00117	1.00000	
1026.09340	-613.14394	380.20593	-0.04987	0.06157	89.93022	0.47627	0.00122	1.00000	-0.00087	-1.00000	0.00122	0.00107	0.00107	0.00087	1.00000	
1026.37125	-613.12339	380.28881	-0.05436	0.06804	89.93970	0.44190	0.00105	1.00000	-0.00095	-1.00000	0.00105	0.00119	0.00119	0.00095	1.00000	
1026.22704	-613.04549	379.87220	-0.04511	0.07254	89.93642	0.45043	0.00111	1.00000	-0.00079	-1.00000	0.00111	0.00127	0.00127	0.00079	1.00000	
1027.48217	-612.64320	379.69892	-0.04153	0.07260	89.96776	0.42772	0.00056	1.00000	-0.00073	-1.00000	0.00056	0.00127	0.00127	0.00072	1.00000	
1026.47308	-613.00718	379.77107	-0.04317	0.06962	89.94127	0.39740	0.00103	1.00000	-0.00075	-1.00000	0.00103	0.00121	0.00122	0.00075	1.00000	
1027.13119	-612.75759	379.67390	-0.03916	0.06337	89.95589	0.46126	0.00077	1.00000	-0.00068	-1.00000	0.00077	0.00111	0.00111	0.00068	1.00000	
1026.84501	-612.85869	379.44714	-0.03651	0.07072	89.95174	0.45580	0.00084	1.00000	-0.00064	-1.00000	0.00084	0.00123	0.00123	0.00064	1.00000	
1027.10409	-612.71080	379.23542	-0.03290	0.07549	89.95918	0.43369	0.00071	1.00000	-0.00058	-1.00000	0.00071	0.00132	0.00132	0.00057	1.00000	
1027.03717	-612.89108	379.67729	-0.03964	0.06368	89.95516	0.45904	0.00078	1.00000	-0.00069	-1.00000	0.00078	0.00111	0.00111	0.00069	1.00000	
1026.57208	-613.16876	380.05632	-0.04758	0.05816	89.94132	0.45799	0.00102	1.00000	-0.00083	-1.00000	0.00102	0.00101	0.00102	0.00083	1.00000	
1027.12369	-612.91456	379.71388	-0.03782	0.05478	89.95541	0.46256	0.00078	1.00000	-0.00066	-1.00000	0.00078	0.00096	0.00096	0.00066	1.00000	
1026.44450	-613.13567	379.88955	-0.04637	0.06846	89.94267	0.48878	0.00100	1.00000	-0.00081	-1.00000	0.00100	0.00119	0.00119	0.00081	1.00000	
1026.90572	-612.92928	379.68791	-0.03993	0.07072	89.95448	0.49146	0.00079	1.00000	-0.00070	-1.00000	0.00080	0.00123	0.00123	0.00070	1.00000	
1026.60009	-613.05924	379.95672	-0.04650	0.07237	89.94711	0.50264	0.00092	1.00000	-0.00081	-1.00000	0.00092	0.00126	0.00126	0.00081	1.00000	
1026.66079	-613.12262	380.37157	-0.05446	0.06558	89.94748	0.49876	0.00092	1.00000	-0.00095	-1.00000	0.00092	0.00114	0.00114	0.00095	1.00000	
1026.46418	-613.11447	380.02099	-0.03981	0.05265	89.93908	0.46741	0.00106	1.00000	-0.00070	-1.00000	0.00106	0.00092	0.00092	0.00069	1.00000	
1026.33736	-613.29492	380.67944	-0.05546	0.05003	89.93525	0.52112	0.00113	1.00000	-0.00097	-1.00000	0.00113	0.00087	0.00087	0.00097	1.00000	
1025.76057	-613.38294	380.38669	-0.04961	0.05259	89.92271	0.45925	0.00135	1.00000	-0.00087	-1.00000	0.00135	0.00092	0.00092	0.00087	1.00000	
1026.58921	-613.19853	380.69804	-0.05327	0.03799	89.93858	0.46603	0.00107	1.00000	-0.00093	-1.00000	0.00107	0.00066	0.00066	0.00093	1.00000	
1026.02856	-613.35438	380.57033	-0.05242	0.04467	89.92606	0.46153	0.00129	1.00000	-0.00092	-1.00000	0.00129	0.00078	0.00078	0.00091	1.00000	
1025.83728	-613.39634	380.45729	-0.05364	0.05430	89.92365	0.48680	0.00133	1.00000	-0.00094	-1.00000	0.00133	0.00095	0.00095	0.00094	1.00000	
1026.19839	-613.25155	380.29575	-0.05131	0.05972	89.93512	0.48264	0.00113	1.00000	-0.00090	-1.00000	0.00113	0.00104	0.00104	0.00090	1.00000	
1026.58474	-612.92758	379.31523	-0.02974	0.06478	89.94513	0.50104	0.00096	1.00000	-0.00052	-1.00000	0.00096	0.00113	0.00113	0.00052	1.00000	
1027.11185	-612.79302	379.48278	-0.03093	0.05785	89.95541	0.50737	0.00078	1.00000	-0.00054	-1.00000	0.00078	0.00101	0.00101	0.00054	1.00000	
1026.98963	-612.77913	379.13979	-0.02560	0.06804	89.95342	0.52201	0.00081	1.00000	-0.00045	-1.00000	0.00081	0.00119	0.00119	0.00045	1.00000	
1026.51578	-613.10019	379.48907	-0.03393	0.06291	89.93804	0.51161	0.00108	1.00000	-0.00059	-1.00000	0.00108	0.00110	0.00110	0.00059	1.00000	
1027.40912	-612.72178	379.05970	-0.02107	0.05531	89.95841	0.45241	0.00073	1.00000	-0.00037	-1.00000	0.00073	0.00097	0.00097	0.00037	1.00000	
1026.86266	-612.96203	379.38689	-0.02936	0.06054	89.94543	0.42381	0.00095	1.00000	-0.00051	-1.00000	0.00095	0.00106	0.00106	0.00051	1.00000	
1028.03339	-612.34191	378.41255	-0.00483	0.05791	89.97359	0.42803	0.00046	1.00000	-0.00008	-1.00000	0.00046	0.00101	0.00101	0.00008	1.00000	
1027.53935	-612.70758	379.26679	-0.02687	0.06059	89.96255	0.49828	0.00065	1.00000	-0.00047	-1.00000	0.00065	0.00106	0.00106	0.00047	1.00000	
1027.79220	-612.76654	379.78030	-0.03798	0.05663	89.96713	0.47049	0.00057	1.00000	-0.00066	-1.00000	0.00057	0.00099	0.00099	0.00066	1.00000	
1027.87522	-612.71942	379.70233	-0.03610	0.05630	89.96910	0.47028	0.00054	1.00000	-0.00063	-1.00000	0.00054	0.00098	0.00098	0.00063	1.00000	
1027.58934	-612.73899	379.53186	-0.03653	0.07062	89.96565	0.48262	0.00060	1.00000	-0.00064	-1.00000	0.00060	0.00123	0.00123	0.00064	1.00000	
1027.25235	-612.94761	379.92834	-0.04308	0.05729	89.95602	0.46290	0.00077	1.00000	-0.00075	-1.00000	0.00077	0.00100	0.00100	0.00075	1.00000	
1026.75378	-613.04836	379.76191	-0.04275	0.06976	89.94724	0.45935	0.00092	1.00000	-0.00075	-1.00000	0.00092	0.00122	0.00122	0.00075	1.00000	
1028.00898	-612.61785	379.65905	-0.03463	0.05128	89.97476	0.45832	0.00044	1.00000	-0.00060	-1.00000	0.00044	0.00089	0.00090	0.00060	1.00000	
1027.57273	-612.85105	379.84349	-0.04075	0.05424	89.96609	0.48452	0.00059	1.00000	-0.00071	-1.00000	0.00059	0.00095	0.00095	0.00071	1.00000	
1027.57687	-612.69244	379.16028	-0.02778	0.06326	89.97046	0.47124	0.00052	1.00000	-0.00049	-1.00000	0.00052	0.00110	0.00110	0.00048	1.00000	
1027.62439	-612.69311	379.37732	-0.03125	0.06187	89.97182	0.46146	0.00049	1.00000	-0.00055	-1.00000	0.00049	0.00108	0.00108	0.00055	1.00000	
1027.07116	-613.02770	380.01098	-0.04625	0.05940	89.95808	0.47691	0.00073	1.00000	-0.00081	-1.00000	0.00073	0.00104	0.00104	0.00081	1.00000	
1026.94054	-613.00824	379.52087	-0.03570	0.06389	89.95400	0.47045	0.00080	1.00000	-0.00062	-1.00000	0.00080	0.00111	0.00112	0.00062	1.00000	
1027.98311	-612.68791	379.49912	-0.03152	0.05455	89.97679	0.46960	0.00041	1.00000	-0.00055	-1.00000	0.00041	0.00095	0.00095	0.00055	1.00000	
1028.26353	-612.62907	379.38912	-0.02967	0.05681	89.98430	0.46593	0.00027	1.00000	-0.00052	-1.00000	0.00027	0.00099	0.00099	0.00052	1.00000	
1027.11886	-613.18360	380.04151	-0.04550	0.05771	89.95440	0.46872	0.00080	1.00000	-0.00079	-1.00000	0.00080	0.00101	0.00101	0.00079	1.00000	
1028.25164	-612.53925	379.08579	-0.02385	0.06673	89.98662	0.47063	0.00023	1.00000	-0.00042	-1.00000	0.00023	0.00116	0.00116	0.00042	1.00000	
1028.20736	-612.58727	379.03216	-0.02201	0.06191	89.98268	0.49363	0.00030	1.00000	-0.00038	-1.00000	0.00030	0.00108	0.00108	0.00038	1.00000	
1027.39305	-613.07678	379.64444	-0.03716	0.05365	89.95972	0.51972	0.00070	1.00000	-0.00065	-1.00000	0.00070	0.00094	0.00094	0.00065	1.00000	
1028.23313	-612.68114	379.25539	-0.02882	0.05286	89.98093	0.50629	0.00033	1.00000	-0.00050	-1.00000	0.00033	0.00092	0.00092	0.00050	1.00000	
1028.08718	-612.78443	379.38824	-0.03416	0.05307	89.97720	0.50103	0.00040	1.00000	-0.00060	-1.00000	0.00040	0.00093	0.00093	0.00060	1.00000	
1026.72472	-613.37404	379.78682	-0.04394	0.04785	89.94193	0.48740	0.00101	1.00000	-0.00077	-1.00000	0.00101	0.00083	0.00084	0.00077	1.00000	
1027.80113	-612.94144	379.35631	-0.03432	0.05504	89.96880	0.49535	0.00054	1.00000	-0.00060	-1.00000	0.00055	0.00096	0.00096	0.00060	1.00000	
1027.28891	-613.36330	380.11861	-0.05355	0.05433	89.95483	0.48926	0.00079	1.00000	-0.00094	-1.00000	0.00079	0.00095	0.00095	0.00093	1.00000	
1027.95123	-612.95735	379.36636	-0.03214	0.05330	89.97143	0.48133	0.00050	1.00000	-0.00056	-1.00000	0.00050	0.00093	0.00093	0.00056	1.00000	
1027.63304	-613.00055	379.15698	-0.02991	0.07341	89.96848	0.48973	0.00055	1.00000	-0.00052	-1.00000	0.00055	0.00128	0.00128	0.00052	1.00000	
1027.71796	-612.98659	379.27298	-0.03003	0.06876	89.96932	0.48879	0.00054	1.00000	-0.00052	-1.00000	0.00054	0.00120	0.00120	0.00052	1.00000	
1027.19491	-613.30120	379.77094	-0.03573	0.05062	89.95222	0.50017	0.00083	1.00000	-0.00062	-1.00000	0.00083	0.00088	0.00088	0.00062	1.00000	
1027.78544	-613.02660	379.50955	-0.02930	0.05544	89.97045	0.47757	0.00052	1.00000	-0.00051	-1.00000	0.00052	0.00097	0.00097	0.00051	1.00000	
1027.16571	-613.27822	379.54384	-0.03090	0.05588	89.95459	0.49288	0.00079	1.00000	-0.00054	-1.00000	0.00079	0.00097	0.00098	0.00054	1.00000	
1027.86245	-613.04664	379.62346	-0.03181	0.05178	89.97179	0.45244	0.00049	1.00000	-0.00056	-1.00000	0.00049	0.00090	0.00090	0.00056	1.00000	
1028.14717	-612.87579	379.40316	-0.02703	0.05440	89.98212	0.43504	0.00031	1.00000	-0.00047	-1.00000	0.00031	0.00095	0.00095	0.00047	1.00000	
1027.83271	-613.09691	379.84126	-0.03838	0.05208	89.97305	0.44039	0.00047	1.00000	-0.00067	-1.00000	0.00047	0.00091	0.00091	0.00067	1.00000	
1027.40907	-613.12201	379.36590	-0.03084	0.06284	89.96657	0.44668	0.00058	1.00000	-0.00054	-1.00000	0.00058	0.00110	0.00110	0.00054	1.00000	
1027.96823	-612.94962	379.46526	-0.03186	0.06130	89.98036	0.44993	0.00034	1.00000	-0.00056	-1.00000	0.00034	0.00107	0.00107	0.00056	1.00000	
1027.99993	-612.97817	379.54330	-0.03222	0.05627	89.97751	0.43760	0.00039	1.00000	-0.00056	-1.00000	0.00039	0.00098	0.00098	0.00056	1.00000	
1027.27656	-613.37866	380.09451	-0.04657	0.06157	89.96033	0.48600	0.00069	1.00000	-0.00081	-1.00000	0.00069	0.00107	0.00107	0.00081	1.00000	
1027.75564	-613.15771	379.95770	-0.03790	0.04381	89.96954	0.48258	0.00053	1.00000	-0.00066	-1.00000	0.00053	0.00076	0.00076	0.00066	1.00000	
1027.64221	-613.17595	379.96902	-0.03853	0.04559	89.96615	0.47487	0.00059	1.00000	-0.00067	-1.00000	0.00059	0.00080	0.00080	0.00067	1.00000	
1027.28706	-613.11334	379.18985	-0.02534	0.06300	89.96071	0.49973	0.00069	1.00000	-0.00044	-1.00000	0.00069	0.00110	0.00110	0.00044	1.00000	
1026.66731	-613.44369	379.80521	-0.04145	0.06367	89.94478	0.48755	0.00096	1.00000	-0.00072	-1.00000	0.00096	0.00111	0.00111	0.00072	1.00000	
1026.73896	-613.38232	379.58639	-0.03499	0.06006	89.94646	0.49313	0.00093	1.00000	-0.00061	-1.00000	0.00094	0.00105	0.00105	0.00061	1.00000	
1026.42055	-613.34341	379.00378	-0.02552	0.07310	89.94321	0.53797	0.00099	1.00000	-0.00045	-1.00000	0.00099	0.00128	0.00128	0.00045	1.00000	
1026.09840	-613.51132	379.25939	-0.03282	0.07148	89.93517	0.49266	0.00113	1.00000	-0.00057	-1.00000	0.00113	0.00125	0.00125	0.00057	1.00000	
1026.81518	-613.30060	379.26382	-0.03156	0.06711	89.95358	0.46580	0.00081	1.00000	-0.00055	-1.00000	0.00081	0.00117	0.00117	0.00055	1.00000	
1027.25107	-613.17792	379.12992	-0.02548	0.06027	89.96268	0.43379	0.00065	1.00000	-0.00045	-1.00000	0.00065	0.00105	0.00105	0.00044	1.00000	
1026.80618	-613.39930	379.40333	-0.03694	0.07140	89.95391	0.48533	0.00080	1.00000	-0.00065	-1.00000	0.00081	0.00125	0.00125	0.00064	1.00000	
1027.53883	-613.22013	379.43441	-0.03404	0.05853	89.96846	0.50841	0.00055	1.00000	-0.00059	-1.00000	0.00055	0.00102	0.00102	0.00059	1.00000	
1027.32096	-613.25106	379.11567	-0.03032	0.07208	89.96532	0.45997	0.00061	1.00000	-0.00053	-1.00000	0.00061	0.00126	0.00126	0.00053	1.00000	
1027.14279	-613.38994	379.13960	-0.02986	0.06592	89.95899	0.46788	0.00072	1.00000	-0.00052	-1.00000	0.00072	0.00115	0.00115	0.00052	1.00000	
1027.41113	-613.31939	379.05404	-0.02629	0.05961	89.96420	0.45836	0.00062	1.00000	-0.00046	-1.00000	0.00063	0.00104	0.00104	0.00046	1.00000	
1027.49900	-613.21469	378.71980	-0.01692	0.05953	89.96582	0.47630	0.00060	1.00000	-0.00030	-1.00000	0.00060	0.00104	0.00104	0.00030	1.00000	
1027.29041	-613.31340	378.80910	-0.01879	0.05866	89.96062	0.48987	0.00069	1.00000	-0.00033	-1.00000	0.00069	0.00102	0.00102	0.00033	1.00000	
1026.90223	-613.59773	379.25432	-0.03077	0.06124	89.95178	0.48336	0.00084	1.00000	-0.00054	-1.00000	0.00084	0.00107	0.00107	0.00054	1.00000	
1027.43270	-613.36277	378.94786	-0.02366	0.06455	89.96748	0.50067	0.00057	1.00000	-0.00041	-1.00000	0.00057	0.00113	0.00113	0.00041	1.00000	
1026.96334	-613.55188	378.88890	-0.02612	0.07628	89.95930	0.49454	0.00071	1.00000	-0.00046	-1.00000	0.00071	0.00133	0.00133	0.00046	1.00000	
1027.10288	-613.41239	378.61505	-0.01357	0.06588	89.96021	0.47445	0.00069	1.00000	-0.00024	-1.00000	0.00069	0.00115	0.00115	0.00024	1.00000	
1027.27921	-613.63051	379.50828	-0.03048	0.05254	89.95920	0.49347	0.00071	1.00000	-0.00053	-1.00000	0.00071	0.00092	0.00092	0.00053	1.00000	
1027.50188	-613.69617	379.40112	-0.02460	0.04752	89.95959	0.52057	0.00071	1.00000	-0.00043	-1.00000	0.00071	0.00083	0.00083	0.00043	1.00000	
1027.15982	-613.94018	379.54148	-0.03049	0.06151	89.95225	0.52959	0.00083	1.00000	-0.00053	-1.00000	0.00083	0.00107	0.00107	0.00053	1.00000	
1027.91262	-613.48902	378.47818	-0.00134	0.05884	89.96869	0.52980	0.00055	1.00000	-0.00002	-1.00000	0.00055	0.00103	0.00103	0.00002	1.00000	
1028.20182	-613.46949	378.66076	-0.00698	0.06244	89.97692	0.54459	0.00040	1.00000	-0.00012	-1.00000	0.00040	0.00109	0.00109	0.00012	1.00000	
1027.46402	-613.72668	378.51038	-0.00709	0.07309	89.95989	0.53708	0.00070	1.00000	-0.00012	-1.00000	0.00070	0.00128	0.00128	0.00012	1.00000	
1028.43620	-613.41474	378.64814	-0.00904	0.06753	89.98513	0.53503	0.00026	1.00000	-0.00016	-1.00000	0.00026	0.00118	0.00118	0.00016	1.00000	
1027.58385	-613.75178	379.01921	-0.01776	0.06238	89.96420	0.51081	0.00062	1.00000	-0.00031	-1.00000	0.00063	0.00109	0.00109	0.00031	1.00000	
1027.60074	-613.60448	378.78620	-0.01347	0.06480	89.96737	0.50768	0.00057	1.00000	-0.00024	-1.00000	0.00057	0.00113	0.00113	0.00024	1.00000	
1028.06143	-613.48765	379.10016	-0.01862	0.05472	89.97721	0.53301	0.00040	1.00000	-0.00033	-1.00000	0.00040	0.00095	0.00096	0.00032	1.00000	
1027.74933	-613.61213	379.40634	-0.02607	0.05018	89.97102	0.53002	0.00051	1.00000	-0.00046	-1.00000	0.00051	0.00088	0.00088	0.00045	1.00000	
1027.31203	-613.54270	378.81108	-0.01979	0.07634	89.96695	0.50975	0.00058	1.00000	-0.00035	-1.00000	0.00058	0.00133	0.00133	0.00035	1.00000	
1027.78367	-613.28959	378.47293	-0.01130	0.07451	89.97939	0.53524	0.00036	1.00000	-0.00020	-1.00000	0.00036	0.00130	0.00130	0.00020	1.00000	
1027.11355	-613.47097	378.38977	-0.01501	0.09166	89.96735	0.51473	0.00057	1.00000	-0.00026	-1.00000	0.00057	0.00160	0.00160	0.00026	1.00000	
1027.01586	-613.48470	378.25682	-0.00993	0.08296	89.96273	0.49247	0.00065	1.00000	-0.00017	-1.00000	0.00065	0.00145	0.00145	0.00017	1.00000	
1027.48404	-613.34396	378.40277	-0.01459	0.08528	89.97405	0.48138	0.00045	1.00000	-0.00026	-1.00000	0.00045	0.00149	0.00149	0.00025	1.00000	
1027.76311	-613.20608	378.15288	-0.00655	0.08106	89.97958	0.48741	0.00036	1.00000	-0.00011	-1.00000	0.00036	0.00141	0.00141	0.00011	1.00000	
1028.15713	-613.13315	378.41051	-0.01204	0.07428	89.98842	0.48780	0.00020	1.00000	-0.00021	-1.00000	0.00020	0.00130	0.00130	0.00021	1.00000	
1028.15160	-613.16990	378.64279	-0.01348	0.06326	89.98615	0.47677	0.00024	1.00000	-0.00024	-1.00000	0.00024	0.00110	0.00110	0.00024	1.00000	
1028.30278	-613.11423	378.48535	-0.01059	0.06912	89.99048	0.51584	0.00017	1.00000	-0.00019	-1.00000	0.00017	0.00121	0.00121	0.00018	1.00000	
1029.00118	-612.80134	378.15422	0.00146	0.06263	90.00610	0.48777	-0.00011	1.00000	0.00003	-1.00000	-0.00011	0.00109	0.00109	-0.00003	1.00000	
1028.83065	-612.80008	377.88133	0.00575	0.07277	90.00381	0.48642	-0.00007	1.00000	0.00010	-1.00000	-0.00007	0.00127	0.00127	-0.00010	1.00000	
1027.87901	-613.23030	378.21396	-0.00439	0.08020	89.97992	0.48661	0.00035	1.00000	-0.00008	-1.00000	0.00035	0.00140	0.00140	0.00008	1.00000	
1027.95979	-613.33361	378.56841	-0.01283	0.07227	89.97905	0.46817	0.00037	1.00000	-0.00022	-1.00000	0.00037	0.00126	0.00126	0.00022	1.00000	
1028.31777	-613.14784	378.31503	-0.00792	0.07678	89.98935	0.46822	0.00019	1.00000	-0.00014	-1.00000	0.00019	0.00134	0.00134	0.00014	1.00000	
1027.81482	-613.38536	378.67190	-0.01742	0.07636	89.97820	0.49072	0.00038	1.00000	-0.00030	-1.00000	0.00038	0.00133	0.00133	0.00030	1.00000	
1027.74073	-613.52102	379.16598	-0.03022	0.07831	89.97777	0.48717	0.00039	1.00000	-0.00053	-1.00000	0.00039	0.00137	0.00137	0.00053	1.00000	
1028.04527	-613.32806	378.90196	-0.02384	0.08170	89.98737	0.50418	0.00022	1.00000	-0.00042	-1.00000	0.00022	0.00143	0.00143	0.00042	1.00000	
1027.78292	-613.58791	379.46542	-0.03741	0.07882	89.97943	0.45773	0.00036	1.00000	-0.00065	-1.00000	0.00036	0.00138	0.00138	0.00065	1.00000	
1027.58029	-613.40367	378.54557	-0.01724	0.08905	89.97649	0.45678	0.00041	1.00000	-0.00030	-1.00000	0.00041	0.00155	0.00155	0.00030	1.00000	
1028.67141	-613.09354	378.61843	-0.01517	0.07618	90.00084	0.43723	-0.00001	1.00000	-0.00026	-1.00000	-0.00001	0.00133	0.00133	0.00026	1.00000	
1027.90570	-613.48841	378.84665	-0.02501	0.08565	89.98397	0.44312	0.00028	1.00000	-0.00044	-1.00000	0.00028	0.00149	0.00149	0.00044	1.00000	
1028.02816	-613.50662	378.90652	-0.02560	0.08141	89.98461	0.43551	0.00027	1.00000	-0.00045	-1.00000	0.00027	0.00142	0.00142	0.00045	1.00000	
1027.90810	-613.66056	378.93780	-0.02715	0.08374	89.98085	0.47248	0.00033	1.00000	-0.00047	-1.00000	0.00033	0.00146	0.00146	0.00047	1.00000	
1028.14221	-613.65660	378.77359	-0.02442	0.08746	89.98693	0.44874	0.00023	1.00000	-0.00043	-1.00000	0.00023	0.00153	0.00153	0.00043	1.00000	
1027.49103	-613.94199	378.85060	-0.02747	0.09118	89.97210	0.46577	0.00049	1.00000	-0.00048	-1.00000	0.00049	0.00159	0.00159	0.00048	1.00000	
1027.93361	-613.73726	378.61735	-0.02016	0.08887	89.98168	0.43925	0.00032	1.00000	-0.00035	-1.00000	0.00032	0.00155	0.00155	0.00035	1.00000	
1027.53987	-613.92412	378.67755	-0.01846	0.07732	89.96858	0.43731	0.00055	1.00000	-0.00032	-1.00000	0.00055	0.00135	0.00135	0.00032	1.00000	
1028.03900	-613.82139	378.97681	-0.02221	0.06643	89.97790	0.45632	0.00039	1.00000	-0.00039	-1.00000	0.00039	0.00116	0.00116	0.00039	1.00000	
1027.97931	-613.72489	378.51783	-0.01689	0.08386	89.98244	0.45184	0.00031	1.00000	-0.00030	-1.00000	0.00031	0.00146	0.00146	0.00029	1.00000	
1028.96199	-613.36623	378.54334	-0.01098	0.06474	90.00400	0.44890	-0.00007	1.00000	-0.00019	-1.00000	-0.00007	0.00113	0.00113	0.00019	1.00000	
1028.10515	-613.78109	379.15750	-0.02532	0.06359	89.98238	0.48547	0.00031	1.00000	-0.00044	-1.00000	0.00031	0.00111	0.00111	0.00044	1.00000	
1028.40662	-613.65549	378.99352	-0.02300	0.06968	89.99100	0.46631	0.00016	1.00000	-0.00040	-1.00000	0.00016	0.00122	0.00122	0.00040	1.00000	
1028.40816	-613.62606	378.85495	-0.01804	0.06517	89.99181	0.46701	0.00014	1.00000	-0.00031	-1.00000	0.00014	0.00114	0.00114	0.00031	1.00000	
1028.15697	-613.72116	378.88228	-0.01917	0.06694	89.98618	0.47253	0.00024	1.00000	-0.00033	-1.00000	0.00024	0.00117	0.00117	0.00033	1.00000	
1028.30325	-613.70304	379.02606	-0.02243	0.06536	89.98908	0.45688	0.00019	1.00000	-0.00039	-1.00000	0.00019	0.00114	0.00114	0.00039	1.00000	
1027.93832	-613.89014	379.18219	-0.02964	0.07267	89.98249	0.47815	0.00031	1.00000	-0.00052	-1.00000	0.00031	0.00127	0.00127	0.00052	1.00000	
1028.24914	-613.71621	378.93310	-0.02174	0.06456	89.98909	0.46351	0.00019	1.00000	-0.00038	-1.00000	0.00019	0.00113	0.00113	0.00038	1.00000	
1028.00109	-613.75680	378.90825	-0.02134	0.06722	89.98531	0.48828	0.00026	1.00000	-0.00037	-1.00000	0.00026	0.00117	0.00117	0.00037	1.00000	
1027.93437	-613.90395	379.16077	-0.02532	0.06065	89.98166	0.48372	0.00032	1.00000	-0.00044	-1.00000	0.00032	0.00106	0.00106	0.00044	1.00000	
1027.44566	-614.03507	379.13264	-0.02466	0.06336	89.97237	0.47228	0.00048	1.00000	-0.00043	-1.00000	0.00048	0.00111	0.00111	0.00043	1.00000	
1028.02549	-613.60507	378.34833	-0.00981	0.08076	89.99220	0.50499	0.00014	1.00000	-0.00017	-1.00000	0.00014	0.00141	0.00141	0.00017	1.00000	
1027.66160	-613.78789	378.70849	-0.01771	0.07513	89.98113	0.46854	0.00033	1.00000	-0.00031	-1.00000	0.00033	0.00131	0.00131	0.00031	1.00000	
1027.65455	-613.73886	378.48281	-0.01581	0.08630	89.98422	0.47256	0.00028	1.00000	-0.00028	-1.00000	0.00028	0.00151	0.00151	0.00028	1.00000	
1027.20047	-613.88398	378.52026	-0.01326	0.07495	89.97033	0.45401	0.00052	1.00000	-0.00023	-1.00000	0.00052	0.00131	0.00131	0.00023	1.00000	
1028.26728	-613.53001	378.80992	-0.01671	0.06308	89.99567	0.47537	0.00008	1.00000	-0.00029	-1.00000	0.00008	0.00110	0.00110	0.00029	1.00000	
1027.47040	-613.72138	378.49145	-0.01238	0.07506	89.97903	0.45550	0.00037	1.00000	-0.00022	-1.00000	0.00037	0.00131	0.00131	0.00022	1.00000	
1027.60510	-613.73080	378.96023	-0.02102	0.06451	89.97946	0.44078	0.00036	1.00000	-0.00037	-1.00000	0.00036	0.00113	0.00113	0.00037	1.00000	
1028.61940	-613.33294	378.52944	-0.01259	0.07225	90.00677	0.46606	-0.00012	1.00000	-0.00022	-1.00000	-0.00012	0.00126	0.00126	0.00022	1.00000	
1027.78047	-613.61652	378.76774	-0.01476	0.06357	89.98560	0.46642	0.00025	1.00000	-0.00026	-1.00000	0.00025	0.00111	0.00111	0.00026	1.00000	
1027.70093	-613.72382	379.16458	-0.02519	0.06522	89.98460	0.47392	0.00027	1.00000	-0.00044	-1.00000	0.00027	0.00114	0.00114	0.00044	1.00000	
1027.92327	-613.49797	378.68964	-0.01758	0.07961	89.99452	0.49840	0.00010	1.00000	-0.00031	-1.00000	0.00010	0.00139	0.00139	0.00031	1.00000	
1027.29234	-613.97564	379.54485	-0.03151	0.06098	89.97332	0.49631	0.00047	1.00000	-0.00055	-1.00000	0.00047	0.00106	0.00106	0.00055	1.00000	
1027.17678	-614.04047	379.61767	-0.03184	0.05968	89.97095	0.49925	0.00051	1.00000	-0.00056	-1.00000	0.00051	0.00104	0.00104	0.00056	1.00000	
1027.29894	-613.93494	379.42047	-0.02926	0.06828	89.97592	0.47403	0.00042	1.00000	-0.00051	-1.00000	0.00042	0.00119	0.00119	0.00051	1.00000	
1027.32278	-614.10299	379.88044	-0.03544	0.05361	89.97251	0.47752	0.00048	1.00000	-0.00062	-1.00000	0.00048	0.00094	0.00094	0.00062	1.00000	
1026.95261	-614.13972	379.36607	-0.02516	0.06250	89.96619	0.46490	0.00059	1.00000	-0.00044	-1.00000	0.00059	0.00109	0.00109	0.00044	1.00000	
1026.75849	-614.22514	379.47274	-0.02457	0.05500	89.95935	0.47038	0.00071	1.00000	-0.00043	-1.00000	0.00071	0.00096	0.00096	0.00043	1.00000	
1027.20221	-614.07613	379.29359	-0.02239	0.06251	89.97334	0.47359	0.00047	1.00000	-0.00039	-1.00000	0.00047	0.00109	0.00109	0.00039	1.00000	
1026.44780	-614.46345	379.65560	-0.02986	0.05473	89.95200	0.45826	0.00084	1.00000	-0.00052	-1.00000	0.00084	0.00095	0.00096	0.00052	1.00000	
1027.25738	-613.95447	378.53990	-0.00699	0.07204	89.97662	0.44026	0.00041	1.00000	-0.00012	-1.00000	0.00041	0.00126	0.00126	0.00012	1.00000	
1027.11298	-614.19617	379.30304	-0.02068	0.05231	89.96867	0.46235	0.00055	1.00000	-0.00036	-1.00000	0.00055	0.00091	0.00091	0.00036	1.00000	
1026.89158	-614.20561	378.91788	-0.01608	0.06410	89.96557	0.46168	0.00060	1.00000	-0.00028	-1.00000	0.00060	0.00112	0.00112	0.00028	1.00000	
1027.25321	-614.20947	379.11829	-0.01568	0.04686	89.97043	0.45823	0.00052	1.00000	-0.00027	-1.00000	0.00052	0.00082	0.00082	0.00027	1.00000	
1027.43269	-614.09517	378.74245	-0.00947	0.05718	89.97663	0.45320	0.00041	1.00000	-0.00017	-1.00000	0.00041	0.00100	0.00100	0.00017	1.00000	
1027.60140	-614.07578	378.77488	-0.00999	0.05276	89.98056	0.45480	0.00034	1.00000	-0.00017	-1.00000	0.00034	0.00092	0.00092	0.00017	1.00000	
1027.48378	-614.30342	379.10086	-0.02003	0.05646	89.97681	0.47077	0.00040	1.00000	-0.00035	-1.00000	0.00041	0.00099	0.00099	0.00035	1.00000	
1027.36495	-614.39241	379.26537	-0.02034	0.04576	89.97145	0.45696	0.00050	1.00000	-0.00036	-1.00000	0.00050	0.00080	0.00080	0.00036	1.00000	
1026.68736	-614.56449	378.81194	-0.01698	0.06924	89.96005	0.49315	0.00070	1.00000	-0.00030	-1.00000	0.00070	0.00121	0.00121	0.00030	1.00000	
1027.25777	-614.41819	378.92768	-0.01467	0.05207	89.97054	0.47511	0.00051	1.00000	-0.00026	-1.00000	0.00051	0.00091	0.00091	0.00026	1.00000	
1027.04794	-614.42520	378.55669	-0.00753	0.06089	89.96788	0.52642	0.00056	1.00000	-0.00013	-1.00000	0.00056	0.00106	0.00106	0.00013	1.00000	
1026.71270	-614.49990	378.61688	-0.01143	0.06551	89.96077	0.55554	0.00068	1.00000	-0.00020	-1.00000	0.00068	0.00114	0.00114	0.00020	1.00000	
1026.70941	-614.51799	378.46058	-0.00745	0.06496	89.96003	0.54542	0.00070	1.00000	-0.00013	-1.00000	0.00070	0.00113	0.00113	0.00013	1.00000	
1027.19650	-614.38453	378.62343	-0.01330	0.06778	89.97375	0.52828	0.00046	1.00000	-0.00023	-1.00000	0.00046	0.00118	0.00118	0.00023	1.00000	
1025.90623	-614.91280	378.97966	-0.02428	0.07379	89.94107	0.53432	0.00103	1.00000	-0.00043	-1.00000	0.00103	0.00129	0.00129	0.00042	1.00000	
1027.06315	-614.36774	378.36433	-0.00671	0.06771	89.96900	0.49568	0.00054	1.00000	-0.00012	-1.00000	0.00054	0.00118	0.00118	0.00012	1.00000	
1026.53440	-614.58743	378.58907	-0.01320	0.07194	89.95620	0.50212	0.00076	1.00000	-0.00023	-1.00000	0.00076	0.00126	0.00126	0.00023	1.00000	
1026.72435	-614.62279	379.04841	-0.02496	0.07138	89.96133	0.52505	0.00068	1.00000	-0.00044	-1.00000	0.00068	0.00125	0.00125	0.00044	1.00000	
1026.50790	-614.61885	378.73066	-0.01876	0.07908	89.95689	0.50852	0.00075	1.00000	-0.00033	-1.00000	0.00075	0.00138	0.00138	0.00033	1.00000	
1026.07701	-614.83087	378.97816	-0.02657	0.08217	89.94667	0.53912	0.00093	1.00000	-0.00047	-1.00000	0.00093	0.00143	0.00143	0.00046	1.00000	
1027.05383	-614.31755	378.28794	-0.01115	0.08466	89.97279	0.51120	0.00047	1.00000	-0.00020	-1.00000	0.00048	0.00148	0.00148	0.00019	1.00000	
1026.39054	-614.62895	378.55981	-0.01992	0.08749	89.95709	0.56586	0.00075	1.00000	-0.00035	-1.00000	0.00075	0.00153	0.00153	0.00035	1.00000	
1026.27791	-614.71056	378.76026	-0.02355	0.08190	89.95374	0.51251	0.00081	1.00000	-0.00041	-1.00000	0.00081	0.00143	0.00143	0.00041	1.00000	
1026.68226	-614.63141	378.93622	-0.02474	0.06855	89.96204	0.51698	0.00066	1.00000	-0.00043	-1.00000	0.00066	0.00120	0.00120	0.00043	1.00000	
1026.70364	-614.58017	378.61005	-0.01877	0.07488	89.96450	0.52375	0.00062	1.00000	-0.00033	-1.00000	0.00062	0.00131	0.00131	0.00033	1.00000	
1026.60781	-614.84800	379.41184	-0.03061	0.05042	89.95553	0.49930	0.00078	1.00000	-0.00053	-1.00000	0.00078	0.00088	0.00088	0.00053	1.00000	
1027.74441	-614.38127	378.87399	-0.01833	0.05205	89.98386	0.51380	0.00028	1.00000	-0.00032	-1.00000	0.00028	0.00091	0.00091	0.00032	1.00000	
1027.39993	-614.54421	379.01221	-0.01929	0.04516	89.97234	0.54832	0.00048	1.00000	-0.00034	-1.00000	0.00048	0.00079	0.00079	0.00034	1.00000	
1027.00394	-614.60978	378.69212	-0.01559	0.06012	89.96569	0.49542	0.00060	1.00000	-0.00027	-1.00000	0.00060	0.00105	0.00105	0.00027	1.00000	
1026.71566	-614.90769	379.26324	-0.02893	0.05655	89.95673	0.50149	0.00076	1.00000	-0.00051	-1.00000	0.00076	0.00099	0.00099	0.00050	1.00000	
1027.27195	-614.71170	379.10540	-0.02489	0.05656	89.97082	0.52620	0.00051	1.00000	-0.00043	-1.00000	0.00051	0.00099	0.00099	0.00043	1.00000	
1026.73442	-614.87379	378.86826	-0.02427	0.06830	89.95999	0.53547	0.00070	1.00000	-0.00042	-1.00000	0.00070	0.00119	0.00119	0.00042	1.00000	
1026.76465	-615.13226	379.78836	-0.04326	0.05635	89.95761	0.50082	0.00074	1.00000	-0.00076	-1.00000	0.00074	0.00098	0.00098	0.00076	1.00000	
1026.96895	-614.97914	379.27798	-0.03068	0.05573	89.96307	0.48541	0.00064	1.00000	-0.00054	-1.00000	0.00065	0.00097	0.00097	0.00054	1.00000	
1028.53541	-614.27563	378.61693	-0.01070	0.04745	90.00231	0.45684	-0.00004	1.00000	-0.00019	-1.00000	-0.00004	0.00083	0.00083	0.00019	1.00000	
1026.72996	-615.09642	379.22891	-0.02842	0.05445	89.95618	0.46437	0.00076	1.00000	-0.00050	-1.00000	0.00077	0.00095	0.00095	0.00050	1.00000	
1027.13255	-614.86920	379.13557	-0.02394	0.05246	89.96655	0.45574	0.00058	1.00000	-0.00042	-1.00000	0.00058	0.00092	0.00092	0.00042	1.00000	
1026.82243	-615.04091	379.40578	-0.03043	0.05373	89.95930	0.51037	0.00071	1.00000	-0.00053	-1.00000	0.00071	0.00094	0.00094	0.00053	1.00000	
1026.73877	-615.00275	379.21715	-0.02220	0.04423	89.95399	0.49377	0.00080	1.00000	-0.00039	-1.00000	0.00080	0.00077	0.00077	0.00039	1.00000	
1026.62479	-614.93724	378.90320	-0.01853	0.05396	89.95364	0.50937	0.00081	1.00000	-0.00032	-1.00000	0.00081	0.00094	0.00094	0.00032	1.00000	
1026.77890	-614.88300	379.13490	-0.02337	0.05029	89.95829	0.50462	0.00073	1.00000	-0.00041	-1.00000	0.00073	0.00088	0.00088	0.00041	1.00000	
1027.16521	-614.78746	379.20977	-0.02599	0.05244	89.96775	0.47523	0.00056	1.00000	-0.00045	-1.00000	0.00056	0.00091	0.00092	0.00045	1.00000	
1026.26419	-615.06637	379.11776	-0.02532	0.05617	89.94892	0.49219	0.00089	1.00000	-0.00044	-1.00000	0.00089	0.00098	0.00098	0.00044	1.00000	
1026.78712	-614.90689	379.22078	-0.02715	0.05555	89.96342	0.47714	0.00064	1.00000	-0.00047	-1.00000	0.00064	0.00097	0.00097	0.00047	1.00000	
1026.18548	-615.26522	379.53563	-0.03329	0.05056	89.94569	0.46155	0.00095	1.00000	-0.00058	-1.00000	0.00095	0.00088	0.00088	0.00058	1.00000	
1026.39104	-615.17291	379.43600	-0.02943	0.04557	89.94956	0.46986	0.00088	1.00000	-0.00051	-1.00000	0.00088	0.00079	0.00080	0.00051	1.00000	
1026.90558	-615.00063	379.28420	-0.02822	0.05377	89.96192	0.48971	0.00066	1.00000	-0.00049	-1.00000	0.00066	0.00094	0.00094	0.00049	1.00000	
1026.17357	-615.17728	379.07376	-0.02839	0.06838	89.94614	0.47206	0.00094	1.00000	-0.00050	-1.00000	0.00094	0.00119	0.00119	0.00050	1.00000	
1027.03210	-614.88258	379.07048	-0.02457	0.05970	89.96581	0.48567	0.00060	1.00000	-0.00043	-1.00000	0.00060	0.00104	0.00104	0.00043	1.00000	
1027.84792	-614.56929	378.80737	-0.01769	0.05975	89.98646	0.46493	0.00024	1.00000	-0.00031	-1.00000	0.00024	0.00104	0.00104	0.00031	1.00000	
1026.83830	-615.05174	379.35070	-0.02999	0.05522	89.95971	0.47517	0.00070	1.00000	-0.00052	-1.00000	0.00070	0.00096	0.00096	0.00052	1.00000	
1027.17682	-614.79706	378.75124	-0.01677	0.06244	89.96954	0.51666	0.00053	1.00000	-0.00029	-1.00000	0.00053	0.00109	0.00109	0.00029	1.00000	
1026.87196	-614.97194	379.10382	-0.02507	0.06227	89.96273	0.50085	0.00065	1.00000	-0.00044	-1.00000	0.00065	0.00109	0.00109	0.00044	1.00000	
1026.29580	-615.21787	379.13833	-0.03062	0.07282	89.95078	0.50132	0.00086	1.00000	-0.00054	-1.00000	0.00086	0.00127	0.00127	0.00053	1.00000	
1027.02067	-614.96250	379.12495	-0.02627	0.06330	89.96669	0.49558	0.00058	1.00000	-0.00046	-1.00000	0.00058	0.00110	0.00110	0.00046	1.00000	
1027.19849	-614.91226	379.10038	-0.02372	0.05839	89.97086	0.46034	0.00051	1.00000	-0.00041	-1.00000	0.00051	0.00102	0.00102	0.00041	1.00000	
1027.26520	-614.82725	378.87469	-0.01994	0.06411	89.97544	0.46981	0.00043	1.00000	-0.00035	-1.00000	0.00043	0.00112	0.00112	0.00035	1.00000	
1027.14053	-614.98205	379.23117	-0.02818	0.06144	89.97253	0.42118	0.00048	1.00000	-0.00049	-1.00000	0.00048	0.00107	0.00107	0.00049	1.00000	
1026.82600	-615.09098	379.50561	-0.03006	0.04966	89.96198	0.44614	0.00066	1.00000	-0.00053	-1.00000	0.00066	0.00087	0.00087	0.00052	1.00000	
1027.46656	-614.70698	378.73905	-0.01317	0.05568	89.97942	0.46149	0.00036	1.00000	-0.00023	-1.00000	0.00036	0.00097	0.00097	0.00023	1.00000	
1027.76884	-614.51974	378.46612	-0.00607	0.05769	89.98736	0.45368	0.00022	1.00000	-0.00011	-1.00000	0.00022	0.00101	0.00101	0.00011	1.00000	
1027.11013	-614.65155	378.43175	-0.00731	0.06512	89.97371	0.47044	0.00046	1.00000	-0.00013	-1.00000	0.00046	0.00114	0.00114	0.00013	1.00000	
1027.69960	-614.60381	378.80876	-0.01199	0.05068	89.98425	0.48287	0.00027	1.00000	-0.00021	-1.00000	0.00028	0.00088	0.00088	0.00021	1.00000	
1027.33005	-614.58703	378.25109	-0.00553	0.07521	89.98177	0.45649	0.00032	1.00000	-0.00010	-1.00000	0.00032	0.00131	0.00131	0.00010	1.00000	
1027.44385	-614.66346	378.50397	-0.00592	0.05549	89.97998	0.47675	0.00035	1.00000	-0.00010	-1.00000	0.00035	0.00097	0.00097	0.00010	1.00000	
1027.34824	-614.78424	378.86082	-0.01404	0.05571	89.97791	0.48421	0.00039	1.00000	-0.00025	-1.00000	0.00039	0.00097	0.00097	0.00024	1.00000	
1026.94090	-615.01137	379.21980	-0.02222	0.05323	89.96684	0.46720	0.00058	1.00000	-0.00039	-1.00000	0.00058	0.00093	0.00093	0.00039	1.00000	
1027.19909	-614.86649	378.83597	-0.01059	0.05180	89.97254	0.46483	0.00048	1.00000	-0.00019	-1.00000	0.00048	0.00090	0.00090	0.00018	1.00000	
1027.10349	-615.07320	379.35230	-0.02271	0.04854	89.96957	0.49325	0.00053	1.00000	-0.00040	-1.00000	0.00053	0.00085	0.00085	0.00040	1.00000	
1026.62276	-615.23987	379.24558	-0.02320	0.05892	89.95856	0.47395	0.00072	1.00000	-0.00041	-1.00000	0.00072	0.00103	0.00103	0.00040	1.00000	
1027.24002	-615.03583	379.14617	-0.02169	0.06320	89.97537	0.49280	0.00043	1.00000	-0.00038	-1.00000	0.00043	0.00110	0.00110	0.00038	1.00000	
1028.48533	-614.53107	378.58238	-0.00423	0.05005	90.00262	0.47522	-0.00005	1.00000	-0.00007	-1.00000	-0.00005	0.00087	0.00087	0.00007	1.00000	
1027.13869	-614.98939	378.61023	-0.01162	0.06822	89.97441	0.50526	0.00045	1.00000	-0.00020	-1.00000	0.00045	0.00119	0.00119	0.00020	1.00000	
1028.08848	-614.67882	378.56407	-0.00886	0.06064	89.99706	0.48264	0.00005	1.00000	-0.00015	-1.00000	0.00005	0.00106	0.00106	0.00015	1.00000	
1027.96447	-614.80442	378.92047	-0.01479	0.05132	89.99100	0.46358	0.00016	1.00000	-0.00026	-1.00000	0.00016	0.00090	0.00090	0.00026	1.00000	
1027.78863	-614.85536	378.95838	-0.02015	0.06217	89.98811	0.47506	0.00021	1.00000	-0.00035	-1.00000	0.00021	0.00109	0.00109	0.00035	1.00000	
1027.39163	-614.93821	378.85541	-0.01881	0.06371	89.97848	0.45156	0.00038	1.00000	-0.00033	-1.00000	0.00038	0.00111	0.00111	0.00033	1.00000	
1027.18395	-615.01748	378.83496	-0.02028	0.07379	89.97565	0.46896	0.00043	1.00000	-0.00035	-1.00000	0.00043	0.00129	0.00129	0.00035	1.00000	
1027.03243	-615.10077	378.79192	-0.02134	0.08027	89.97241	0.50941	0.00048	1.00000	-0.00037	-1.00000	0.00048	0.00140	0.00140	0.00037	1.00000	
1026.89680	-615.20435	378.86043	-0.02360	0.07993	89.97053	0.50189	0.00051	1.00000	-0.00041	-1.00000	0.00052	0.00139	0.00140	0.00041	1.00000	
1026.93884	-615.20495	378.56532	-0.01530	0.07659	89.96855	0.50876	0.00055	1.00000	-0.00027	-1.00000	0.00055	0.00134	0.00134	0.00027	1.00000	
1026.71541	-615.40425	378.88030	-0.02285	0.07461	89.96265	0.46027	0.00065	1.00000	-0.00040	-1.00000	0.00065	0.00130	0.00130	0.00040	1.00000	
1026.52446	-615.32796	378.38963	-0.01311	0.08497	89.95871	0.49554	0.00072	1.00000	-0.00023	-1.00000	0.00072	0.00148	0.00148	0.00023	1.00000	
1025.86090	-615.69191	378.85851	-0.02398	0.08318	89.94092	0.49512	0.00103	1.00000	-0.00042	-1.00000	0.00103	0.00145	0.00145	0.00042	1.00000	
1026.22880	-615.63146	379.03078	-0.02413	0.06976	89.94588	0.48836	0.00094	1.00000	-0.00042	-1.00000	0.00095	0.00122	0.00122	0.00042	1.00000	
1025.97066	-615.48093	378.30740	-0.01071	0.08897	89.94438	0.50848	0.00097	1.00000	-0.00019	-1.00000	0.00097	0.00155	0.00155	0.00019	1.00000	
1025.28741	-615.86824	378.78900	-0.02378	0.09069	89.92734	0.51726	0.00127	1.00000	-0.00042	-1.00000	0.00127	0.00158	0.00158	0.00042	1.00000	
1025.84076	-615.69877	378.79238	-0.01939	0.07990	89.93813	0.53641	0.00108	1.00000	-0.00034	-1.00000	0.00108	0.00139	0.00139	0.00034	1.00000	
1027.02385	-615.21314	378.33925	-0.00804	0.07758	89.96851	0.54325	0.00055	1.00000	-0.00014	-1.00000	0.00055	0.00135	0.00135	0.00014	1.00000	
1026.08809	-615.58435	378.75478	-0.01872	0.07848	89.94745	0.52569	0.00092	1.00000	-0.00033	-1.00000	0.00092	0.00137	0.00137	0.00033	1.00000	
1025.90690	-615.71804	378.92108	-0.02200	0.07611	89.94212	0.46251	0.00101	1.00000	-0.00039	-1.00000	0.00101	0.00133	0.00133	0.00038	1.00000	
1025.57579	-615.83573	378.87883	-0.02000	0.07319	89.93379	0.50531	0.00116	1.00000	-0.00035	-1.00000	0.00116	0.00128	0.00128	0.00035	1.00000	
1026.23411	-615.59792	378.73295	-0.01639	0.07305	89.95142	0.47482	0.00085	1.00000	-0.00029	-1.00000	0.00085	0.00127	0.00127	0.00029	1.00000	
1025.78806	-615.81046	378.92546	-0.02275	0.07634	89.94138	0.48316	0.00102	1.00000	-0.00040	-1.00000	0.00102	0.00133	0.00133	0.00040	1.00000	
1027.02984	-615.37547	378.56336	-0.01153	0.06794	89.97076	0.45530	0.00051	1.00000	-0.00020	-1.00000	0.00051	0.00119	0.00119	0.00020	1.00000	
1025.89226	-615.88555	379.14089	-0.02546	0.06702	89.94076	0.45892	0.00103	1.00000	-0.00045	-1.00000	0.00103	0.00117	0.00117	0.00044	1.00000	
1026.07205	-615.74873	378.68370	-0.01679	0.07372	89.94555	0.43341	0.00095	1.00000	-0.00029	-1.00000	0.00095	0.00129	0.00129	0.00029	1.00000	
1025.59154	-616.00483	378.95774	-0.02655	0.08020	89.93586	0.45500	0.00112	1.00000	-0.00047	-1.00000	0.00112	0.00140	0.00140	0.00046	1.00000	
1026.19522	-615.93802	379.22522	-0.02923	0.06638	89.94563	0.44518	0.00095	1.00000	-0.00051	-1.00000	0.00095	0.00116	0.00116	0.00051	1.00000	
1026.27616	-615.81823	378.87545	-0.01887	0.06444	89.94756	0.47526	0.00092	1.00000	-0.00033	-1.00000	0.00092	0.00112	0.00112	0.00033	1.00000	
1026.42400	-615.86113	378.97897	-0.02492	0.07519	89.95257	0.45686	0.00083	1.00000	-0.00044	-1.00000	0.00083	0.00131	0.00131	0.00043	1.00000	
1025.98401	-616.04647	379.04780	-0.02658	0.07545	89.94090	0.45807	0.00103	1.00000	-0.00047	-1.00000	0.00103	0.00132	0.00132	0.00046	1.00000	
1025.48271	-616.25876	379.04405	-0.02938	0.08120	89.92813	0.44056	0.00125	1.00000	-0.00051	-1.00000	0.00126	0.00142	0.00142	0.00051	1.00000	
1026.10788	-616.12111	379.18925	-0.03163	0.07983	89.94257	0.47104	0.00100	1.00000	-0.00055	-1.00000	0.00100	0.00139	0.00139	0.00055	1.00000	
1026.11832	-616.13885	379.26011	-0.03303	0.07815	89.94244	0.47265	0.00100	1.00000	-0.00058	-1.00000	0.00101	0.00136	0.00136	0.00058	1.00000	
1025.65234	-616.24716	379.19164	-0.03384	0.08820	89.93382	0.46505	0.00116	1.00000	-0.00059	-1.00000	0.00116	0.00154	0.00154	0.00059	1.00000	
1026.26872	-616.04415	379.02815	-0.02706	0.07921	89.94758	0.44342	0.00091	1.00000	-0.00047	-1.00000	0.00092	0.00138	0.00138	0.00047	1.00000	
1026.13000	-616.23115	379.54485	-0.03891	0.07635	89.94375	0.45611	0.00098	1.00000	-0.00068	-1.00000	0.00098	0.00133	0.00133	0.00068	1.00000	
1026.17094	-616.17517	379.42510	-0.03510	0.07428	89.94374	0.43543	0.00098	1.00000	-0.00061	-1.00000	0.00098	0.00130	0.00130	0.00061	1.00000	
1025.76639	-616.42371	379.81028	-0.04449	0.07251	89.93354	0.44668	0.00116	1.00000	-0.00078	-1.00000	0.00116	0.00126	0.00127	0.00078	1.00000	
1025.53422	-616.47723	380.09280	-0.04736	0.06153	89.92682	0.44913	0.00128	1.00000	-0.00083	-1.00000	0.00128	0.00107	0.00107	0.00083	1.00000	
1026.06996	-616.12389	379.42921	-0.03627	0.07999	89.94540	0.45584	0.00095	1.00000	-0.00063	-1.00000	0.00095	0.00140	0.00140	0.00063	1.00000	
1026.51681	-615.93836	379.23132	-0.03066	0.07635	89.95627	0.44786	0.00076	1.00000	-0.00054	-1.00000	0.00076	0.00133	0.00133	0.00054	1.00000	
1026.21557	-615.96728	379.29050	-0.03203	0.07806	89.95162	0.46102	0.00084	1.00000	-0.00056	-1.00000	0.00085	0.00136	0.00136	0.00056	1.00000	
1026.47744	-615.82451	379.13156	-0.02799	0.07902	89.95804	0.44152	0.00073	1.00000	-0.00049	-1.00000	0.00073	0.00138	0.00138	0.00049	1.00000	
1026.44219	-615.88956	379.37901	-0.03215	0.07239	89.95645	0.45891	0.00076	1.00000	-0.00056	-1.00000	0.00076	0.00126	0.00126	0.00056	1.00000	
1025.46864	-616.16553	379.31087	-0.03271	0.08194	89.93471	0.47223	0.00114	1.00000	-0.00057	-1.00000	0.00114	0.00143	0.00143	0.00057	1.00000	
1026.60126	-615.62869	378.66491	-0.01712	0.08129	89.96333	0.47936	0.00064	1.00000	-0.00030	-1.00000	0.00064	0.00142	0.00142	0.00030	1.00000	
1026.12512	-615.81167	378.81634	-0.01854	0.07443	89.95034	0.46295	0.00087	1.00000	-0.00032	-1.00000	0.00087	0.00130	0.00130	0.00032	1.00000	
1025.51454	-616.14092	379.22023	-0.03185	0.08276	89.93784	0.47962	0.00109	1.00000	-0.00056	-1.00000	0.00109	0.00144	0.00144	0.00056	1.00000	
1026.06906	-615.83333	378.71677	-0.01503	0.07106	89.94940	0.44954	0.00088	1.00000	-0.00026	-1.00000	0.00088	0.00124	0.00124	0.00026	1.00000	
1026.25305	-615.67149	378.40058	-0.00631	0.07038	89.95491	0.47180	0.00079	1.00000	-0.00011	-1.00000	0.00079	0.00123	0.00123	0.00011	1.00000	
1027.36046	-615.20771	378.03252	0.00568	0.06252	89.98116	0.42402	0.00033	1.00000	0.00010	-1.00000	0.00033	0.00109	0.00109	-0.00010	1.00000	
1026.33223	-615.69337	378.48423	-0.00726	0.06401	89.95441	0.42521	0.00080	1.00000	-0.00013	-1.00000	0.00080	0.00112	0.00112	0.00013	1.00000	
1026.29392	-615.64893	378.39450	-0.00887	0.07936	89.95806	0.42649	0.00073	1.00000	-0.00016	-1.00000	0.00073	0.00139	0.00139	0.00015	1.00000	
1027.05939	-615.34438	378.22994	-0.00175	0.06983	89.97466	0.45783	0.00044	1.00000	-0.00003	-1.00000	0.00044	0.00122	0.00122	0.00003	1.00000	
1027.67035	-615.21101	378.46863	-0.00362	0.05830	89.98620	0.45172	0.00024	1.00000	-0.00006	-1.00000	0.00024	0.00102	0.00102	0.00006	1.00000	
1026.66650	-615.59607	378.54087	-0.01074	0.07406	89.96462	0.42598	0.00062	1.00000	-0.00019	-1.00000	0.00062	0.00129	0.00129	0.00019	1.00000	
1026.76100	-615.64268	378.78067	-0.00981	0.05499	89.96152	0.44137	0.00067	1.00000	-0.00017	-1.00000	0.00067	0.00096	0.00096	0.00017	1.00000	
1026.75451	-615.62821	378.74036	-0.01258	0.06503	89.96346	0.44991	0.00064	1.00000	-0.00022	-1.00000	0.00064	0.00113	0.00113	0.00022	1.00000	
1026.52755	-615.93717	379.56124	-0.03129	0.05865	89.95692	0.43382	0.00075	1.00000	-0.00055	-1.00000	0.00075	0.00102	0.00102	0.00055	1.00000	
1026.82215	-615.72432	379.18592	-0.02056	0.05277	89.96331	0.44315	0.00064	1.00000	-0.00036	-1.00000	0.00064	0.00092	0.00092	0.00036	1.00000	
1027.18014	-615.56442	379.02004	-0.01610	0.05440	89.97342	0.42740	0.00046	1.00000	-0.00028	-1.00000	0.00046	0.00095	0.00095	0.00028	1.00000	
1025.99726	-616.07443	379.40527	-0.02573	0.05218	89.94311	0.45138	0.00099	1.00000	-0.00045	-1.00000	0.00099	0.00091	0.00091	0.00045	1.00000	
1025.58489	-616.14973	379.25693	-0.02404	0.05693	89.93404	0.42718	0.00115	1.00000	-0.00042	-1.00000	0.00115	0.00099	0.00099	0.00042	1.00000	
1025.80743	-616.20836	379.56411	-0.02900	0.04459	89.93679	0.43151	0.00110	1.00000	-0.00051	-1.00000	0.00110	0.00078	0.00078	0.00051	1.00000	
1026.02716	-616.11058	379.48342	-0.02935	0.05421	89.94676	0.42733	0.00093	1.00000	-0.00051	-1.00000	0.00093	0.00095	0.00095	0.00051	1.00000	
1025.53552	-616.26127	379.39628	-0.02879	0.05665	89.93487	0.44517	0.00114	1.00000	-0.00050	-1.00000	0.00114	0.00099	0.00099	0.00050	1.00000	
1026.58370	-615.76921	378.88155	-0.01411	0.05185	89.95997	0.43948	0.00070	1.00000	-0.00025	-1.00000	0.00070	0.00090	0.00090	0.00025	1.00000	
1025.43025	-616.36441	379.44792	-0.02950	0.05498	89.93124	0.42395	0.00120	1.00000	-0.00052	-1.00000	0.00120	0.00096	0.00096	0.00051	1.00000	
1025.94926	-616.14737	379.14052	-0.02124	0.05251	89.94378	0.41746	0.00098	1.00000	-0.00037	-1.00000	0.00098	0.00092	0.00092	0.00037	1.00000	
1026.26284	-616.01821	379.07483	-0.01962	0.05191	89.95110	0.39726	0.00085	1.00000	-0.00034	-1.00000	0.00085	0.00091	0.00091	0.00034	1.00000	
1025.85971	-616.15098	378.93831	-0.02214	0.06748	89.94289	0.44913	0.00100	1.00000	-0.00039	-1.00000	0.00100	0.00118	0.00118	0.00039	1.00000	
1025.42402	-616.43310	379.62082	-0.04017	0.07070	89.93245	0.40927	0.00118	1.00000	-0.00070	-1.00000	0.00118	0.00123	0.00123	0.00070	1.00000	
1025.94835	-616.11759	379.06909	-0.02501	0.06662	89.94643	0.43769	0.00094	1.00000	-0.00044	-1.00000	0.00094	0.00116	0.00116	0.00044	1.00000	
1027.11114	-615.66043	378.83003	-0.01865	0.06174	89.97534	0.46466	0.00043	1.00000	-0.00033	-1.00000	0.00043	0.00108	0.00108	0.00033	1.00000	
1025.84160	-616.19558	379.42561	-0.03178	0.05757	89.94171	0.45412	0.00102	1.00000	-0.00056	-1.00000	0.00102	0.00100	0.00100	0.00055	1.00000	
1026.51586	-615.88418	379.24284	-0.02775	0.06127	89.95989	0.47627	0.00070	1.00000	-0.00049	-1.00000	0.00070	0.00107	0.00107	0.00048	1.00000	
1026.18286	-616.06047	379.64557	-0.03661	0.05996	89.95122	0.46316	0.00085	1.00000	-0.00064	-1.00000	0.00085	0.00105	0.00105	0.00064	1.00000	
1026.02945	-616.14432	379.66002	-0.03719	0.06152	89.94764	0.45084	0.00091	1.00000	-0.00065	-1.00000	0.00091	0.00107	0.00107	0.00065	1.00000	
1026.45658	-615.92371	379.33114	-0.03101	0.06720	89.96025	0.48112	0.00069	1.00000	-0.00054	-1.00000	0.00069	0.00117	0.00117	0.00054	1.00000	
1025.74332	-616.23135	379.43485	-0.03490	0.07474	89.94355	0.46223	0.00099	1.00000	-0.00061	-1.00000	0.00099	0.00130	0.00130	0.00061	1.00000	
1025.23738	-616.59214	379.92513	-0.04680	0.07225	89.92979	0.49327	0.00123	1.00000	-0.00082	-1.00000	0.00123	0.00126	0.00126	0.00082	1.00000	
1025.84134	-616.28175	379.41999	-0.03447	0.07452	89.94376	0.50899	0.00098	1.00000	-0.00060	-1.00000	0.00098	0.00130	0.00130	0.00060	1.00000	
1025.65984	-616.40456	379.40911	-0.03344	0.07344	89.93900	0.47142	0.00106	1.00000	-0.00059	-1.00000	0.00107	0.00128	0.00128	0.00058	1.00000	
1026.31113	-616.14557	379.30567	-0.03309	0.07841	89.95747	0.46993	0.00074	1.00000	-0.00058	-1.00000	0.00074	0.00137	0.00137	0.00058	1.00000	
1026.23156	-616.06589	378.71990	-0.01671	0.08029	89.95613	0.49307	0.00077	1.00000	-0.00029	-1.00000	0.00077	0.00140	0.00140	0.00029	1.00000	
1025.82677	-616.44155	379.57677	-0.03637	0.07549	89.94403	0.44635	0.00098	1.00000	-0.00064	-1.00000	0.00098	0.00132	0.00132	0.00063	1.00000	
1025.84220	-616.35921	379.28467	-0.02334	0.05669	89.93910	0.45684	0.00106	1.00000	-0.00041	-1.00000	0.00106	0.00099	0.00099	0.00041	1.00000	
1026.27303	-616.22092	379.43279	-0.02571	0.05294	89.94917	0.47662	0.00089	1.00000	-0.00045	-1.00000	0.00089	0.00092	0.00092	0.00045	1.00000	
1026.13991	-616.11672	378.95398	-0.01441	0.05560	89.94858	0.48282	0.00090	1.00000	-0.00025	-1.00000	0.00090	0.00097	0.00097	0.00025	1.00000	
1026.69294	-615.90224	378.96276	-0.01534	0.05762	89.96323	0.45423	0.00064	1.00000	-0.00027	-1.00000	0.00064	0.00101	0.00101	0.00027	1.00000	
1026.53971	-615.89843	378.82255	-0.01481	0.06433	89.96302	0.49654	0.00065	1.00000	-0.00026	-1.00000	0.00065	0.00112	0.00112	0.00026	1.00000	
1026.43716	-615.87476	378.79605	-0.01257	0.05955	89.95989	0.47604	0.00070	1.00000	-0.00022	-1.00000	0.00070	0.00104	0.00104	0.00022	1.00000	
1027.09370	-615.56675	378.48627	-0.00547	0.05780	89.97668	0.48779	0.00041	1.00000	-0.00010	-1.00000	0.00041	0.00101	0.00101	0.00010	1.00000	
1026.87331	-615.65157	378.67501	-0.00876	0.05548	89.97060	0.48108	0.00051	1.00000	-0.00015	-1.00000	0.00051	0.00097	0.00097	0.00015	1.00000	
1026.85550	-615.69483	378.80536	-0.01139	0.05258	89.96938	0.48424	0.00053	1.00000	-0.00020	-1.00000	0.00053	0.00092	0.00092	0.00020	1.00000	
1025.93462	-616.11627	379.20300	-0.02075	0.05165	89.94481	0.49746	0.00096	1.00000	-0.00036	-1.00000	0.00096	0.00090	0.00090	0.00036	1.00000	
1026.09913	-616.06503	379.15352	-0.02315	0.06231	89.95254	0.47803	0.00083	1.00000	-0.00040	-1.00000	0.00083	0.00109	0.00109	0.00040	1.00000	
1025.80457	-616.21176	379.27065	-0.02349	0.05573	89.94278	0.49303	0.00100	1.00000	-0.00041	-1.00000	0.00100	0.00097	0.00097	0.00041	1.00000	
1026.29507	-616.00809	379.07093	-0.02190	0.06486	89.95644	0.48696	0.00076	1.00000	-0.00038	-1.00000	0.00076	0.00113	0.00113	0.00038	1.00000	
1025.49068	-616.31069	379.13150	-0.02430	0.06566	89.93672	0.48698	0.00110	1.00000	-0.00043	-1.00000	0.00110	0.00115	0.00115	0.00042	1.00000	
1025.13787	-616.64653	379.83492	-0.04222	0.06637	89.92649	0.49609	0.00128	1.00000	-0.00074	-1.00000	0.00128	0.00116	0.00116	0.00074	1.00000	
1026.50036	-615.96298	378.97766	-0.01850	0.06241	89.96021	0.47092	0.00069	1.00000	-0.00032	-1.00000	0.00069	0.00109	0.00109	0.00032	1.00000	
1026.99802	-615.70915	378.70900	-0.01207	0.05984	89.97235	0.45982	0.00048	1.00000	-0.00021	-1.00000	0.00048	0.00104	0.00104	0.00021	1.00000	
1026.18807	-616.17289	379.55151	-0.03362	0.06129	89.95258	0.48114	0.00083	1.00000	-0.00059	-1.00000	0.00083	0.00107	0.00107	0.00059	1.00000	
1026.47462	-616.00318	379.10014	-0.02534	0.07098	89.96133	0.47916	0.00067	1.00000	-0.00044	-1.00000	0.00068	0.00124	0.00124	0.00044	1.00000	
1025.44448	-616.36531	379.16656	-0.02771	0.07495	89.93650	0.49097	0.00111	1.00000	-0.00049	-1.00000	0.00111	0.00131	0.00131	0.00048	1.00000	
1026.50257	-616.02098	379.12299	-0.02699	0.07557	89.96452	0.49088	0.00062	1.00000	-0.00047	-1.00000	0.00062	0.00132	0.00132	0.00047	1.00000	
1027.02496	-615.74458	378.78505	-0.01674	0.07051	89.97744	0.47853	0.00039	1.00000	-0.00029	-1.00000	0.00039	0.00123	0.00123	0.00029	1.00000	
1027.26943	-615.75225	378.94588	-0.01836	0.06429	89.98132	0.46291	0.00033	1.00000	-0.00032	-1.00000	0.00033	0.00112	0.00112	0.00032	1.00000	
1026.99548	-615.94938	379.14737	-0.02460	0.06542	89.97359	0.44313	0.00046	1.00000	-0.00043	-1.00000	0.00046	0.00114	0.00114	0.00043	1.00000	
1026.71644	-616.02512	379.01645	-0.02406	0.07598	89.96883	0.44883	0.00054	1.00000	-0.00042	-1.00000	0.00054	0.00133	0.00133	0.00042	1.00000	
1025.51325	-616.58817	379.53533	-0.03677	0.07314	89.93684	0.47238	0.00110	1.00000	-0.00064	-1.00000	0.00110	0.00128	0.00128	0.00064	1.00000	
1025.75229	-616.74734	380.17490	-0.04687	0.05389	89.93643	0.49313	0.00111	1.00000	-0.00082	-1.00000	0.00111	0.00094	0.00094	0.00082	1.00000	
1025.09078	-616.98013	380.16256	-0.05046	0.06402	89.92268	0.46884	0.00135	1.00000	-0.00088	-1.00000	0.00135	0.00112	0.00112	0.00088	1.00000	
1026.04326	-616.62769	379.82855	-0.03739	0.04983	89.94249	0.45418	0.00100	1.00000	-0.00065	-1.00000	0.00100	0.00087	0.00087	0.00065	1.00000	
1026.19109	-616.37842	378.94803	-0.02309	0.06950	89.95044	0.43345	0.00087	1.00000	-0.00040	-1.00000	0.00087	0.00121	0.00121	0.00040	1.00000	
1025.40897	-616.77713	379.61800	-0.04011	0.06866	89.92993	0.46628	0.00122	1.00000	-0.00070	-1.00000	0.00122	0.00120	0.00120	0.00070	1.00000	
1026.53140	-616.39946	379.36960	-0.02885	0.05533	89.95347	0.46938	0.00081	1.00000	-0.00050	-1.00000	0.00081	0.00097	0.00097	0.00050	1.00000	
1026.20645	-616.41358	379.16359	-0.02557	0.05798	89.94655	0.47390	0.00093	1.00000	-0.00045	-1.00000	0.00093	0.00101	0.00101	0.00045	1.00000	
1025.79579	-616.60492	379.30306	-0.03081	0.06061	89.93724	0.47862	0.00110	1.00000	-0.00054	-1.00000	0.00110	0.00106	0.00106	0.00054	1.00000	
1025.82584	-616.50388	379.18194	-0.02827	0.06640	89.94061	0.47912	0.00104	1.00000	-0.00049	-1.00000	0.00104	0.00116	0.00116	0.00049	1.00000	
1025.90743	-616.40970	379.09624	-0.02773	0.06488	89.94385	0.51500	0.00098	1.00000	-0.00049	-1.00000	0.00098	0.00113	0.00113	0.00048	1.00000	
1026.45808	-616.26377	379.46013	-0.03800	0.07091	89.96043	0.52738	0.00069	1.00000	-0.00066	-1.00000	0.00069	0.00124	0.00124	0.00066	1.00000	
1026.25360	-616.29498	379.33931	-0.03077	0.05445	89.95155	0.52152	0.00085	1.00000	-0.00054	-1.00000	0.00085	0.00095	0.00095	0.00054	1.00000	
1026.25020	-616.25884	379.31999	-0.03197	0.05915	89.95428	0.48767	0.00080	1.00000	-0.00056	-1.00000	0.00080	0.00103	0.00103	0.00056	1.00000	
1025.39866	-616.52436	379.41038	-0.03704	0.07034	89.93562	0.49385	0.00112	1.00000	-0.00065	-1.00000	0.00112	0.00123	0.00123	0.00065	1.00000	
1026.02565	-616.28796	379.27031	-0.03366	0.06864	89.95118	0.51387	0.00085	1.00000	-0.00059	-1.00000	0.00085	0.00120	0.00120	0.00059	1.00000	
1025.16589	-616.58654	379.39432	-0.03601	0.06909	89.92892	0.51507	0.00124	1.00000	-0.00063	-1.00000	0.00124	0.00121	0.00121	0.00063	1.00000	
1025.48030	-616.43582	379.19903	-0.03030	0.06633	89.93636	0.48558	0.00111	1.00000	-0.00053	-1.00000	0.00111	0.00116	0.00116	0.00053	1.00000	
1025.33517	-616.52937	379.33251	-0.03302	0.06147	89.93139	0.53833	0.00120	1.00000	-0.00058	-1.00000	0.00120	0.00107	0.00107	0.00058	1.00000	
1026.21799	-616.18725	379.22628	-0.02730	0.05115	89.95160	0.50682	0.00084	1.00000	-0.00048	-1.00000	0.00085	0.00089	0.00089	0.00048	1.00000	
1025.25543	-616.65119	379.67169	-0.03642	0.04559	89.92550	0.52498	0.00130	1.00000	-0.00064	-1.00000	0.00130	0.00079	0.00080	0.00064	1.00000	
1025.55289	-616.53720	379.58005	-0.03411	0.04573	89.93356	0.50757	0.00116	1.00000	-0.00060	-1.00000	0.00116	0.00080	0.00080	0.00060	1.00000	
1025.69678	-616.36492	379.17416	-0.02897	0.05890	89.94261	0.49412	0.00100	1.00000	-0.00051	-1.00000	0.00100	0.00103	0.00103	0.00051	1.00000	
1025.83237	-616.43120	379.48511	-0.03281	0.04696	89.94286	0.47486	0.00100	1.00000	-0.00057	-1.00000	0.00100	0.00082	0.00082	0.00057	1.00000	
1025.98343	-616.17666	378.92510	-0.02124	0.05154	89.94771	0.46427	0.00091	1.00000	-0.00037	-1.00000	0.00091	0.00090	0.00090	0.00037	1.00000	
1025.55144	-616.34720	378.93183	-0.02094	0.05324	89.93893	0.46131	0.00107	1.00000	-0.00037	-1.00000	0.00107	0.00093	0.00093	0.00037	1.00000	
1025.85266	-616.23079	378.63779	-0.01764	0.06477	89.94753	0.48103	0.00092	1.00000	-0.00031	-1.00000	0.00092	0.00113	0.00113	0.00031	1.00000	
1025.78673	-616.23554	378.61968	-0.01679	0.06428	89.94523	0.45021	0.00096	1.00000	-0.00029	-1.00000	0.00096	0.00112	0.00112	0.00029	1.00000	
1026.08200	-616.08581	378.54385	-0.01665	0.07467	89.95647	0.46282	0.00076	1.00000	-0.00029	-1.00000	0.00076	0.00130	0.00130	0.00029	1.00000	
1026.76302	-615.79735	378.26207	-0.00981	0.07365	89.97215	0.45985	0.00049	1.00000	-0.00017	-1.00000	0.00049	0.00129	0.00129	0.00017	1.00000	
1025.87750	-616.20875	378.60582	-0.02287	0.08885	89.95361	0.45041	0.00081	1.00000	-0.00040	-1.00000	0.00081	0.00155	0.00155	0.00040	1.00000	
1026.34891	-616.06198	378.62897	-0.01894	0.07688	89.96138	0.43875	0.00067	1.00000	-0.00033	-1.00000	0.00067	0.00134	0.00134	0.00033	1.00000	
1025.75312	-616.39374	379.15924	-0.02982	0.07089	89.94465	0.46384	0.00097	1.00000	-0.00052	-1.00000	0.00097	0.00124	0.00124	0.00052	1.00000	
1025.87221	-616.43718	379.64350	-0.04041	0.06383	89.94826	0.44798	0.00090	1.00000	-0.00071	-1.00000	0.00090	0.00111	0.00111	0.00071	1.00000	
1026.66828	-616.02163	379.18949	-0.02618	0.05119	89.96449	0.45875	0.00062	1.00000	-0.00046	-1.00000	0.00062	0.00089	0.00089	0.00046	1.00000	
1025.61883	-616.50945	379.80142	-0.04196	0.05195	89.94015	0.51055	0.00104	1.00000	-0.00073	-1.00000	0.00105	0.00091	0.00091	0.00073	1.00000	
1025.96689	-616.30186	379.61999	-0.03625	0.05376	89.94986	0.45007	0.00088	1.00000	-0.00063	-1.00000	0.00088	0.00094	0.00094	0.00063	1.00000	
1026.07694	-616.17343	379.25433	-0.02863	0.05842	89.95398	0.45690	0.00080	1.00000	-0.00050	-1.00000	0.00080	0.00102	0.00102	0.00050	1.00000	
1025.84990	-616.34841	379.65934	-0.03509	0.04658	89.94470	0.48567	0.00097	1.00000	-0.00061	-1.00000	0.00097	0.00081	0.00081	0.00061	1.00000	
1025.69342	-616.39209	379.56424	-0.03655	0.05692	89.94237	0.51187	0.00101	1.00000	-0.00064	-1.00000	0.00101	0.00099	0.00099	0.00064	1.00000	
1025.69017	-616.35914	379.42998	-0.03395	0.05938	89.94299	0.51379	0.00100	1.00000	-0.00059	-1.00000	0.00100	0.00104	0.00104	0.00059	1.00000	
1025.16641	-616.63011	379.85318	-0.04096	0.04916	89.92647	0.52019	0.00128	1.00000	-0.00072	-1.00000	0.00128	0.00086	0.00086	0.00071	1.00000	
1024.78279	-616.55258	379.16029	-0.03098	0.06939	89.92197	0.53059	0.00136	1.00000	-0.00054	-1.00000	0.00136	0.00121	0.00121	0.00054	1.00000	
1025.20096	-616.63843	380.06857	-0.05276	0.06401	89.93040	0.50849	0.00121	1.00000	-0.00092	-1.00000	0.00122	0.00112	0.00112	0.00092	1.00000	
1026.05642	-616.14451	379.42338	-0.03616	0.06440	89.95370	0.56016	0.00081	1.00000	-0.00063	-1.00000	0.00081	0.00112	0.00112	0.00063	1.00000	
1025.33341	-616.36874	379.15747	-0.03470	0.07805	89.93779	0.55377	0.00109	1.00000	-0.00061	-1.00000	0.00109	0.00136	0.00136	0.00061	1.00000	
1025.94757	-616.11235	379.16014	-0.02912	0.06681	89.95220	0.54088	0.00083	1.00000	-0.00051	-1.00000	0.00083	0.00117	0.00117	0.00051	1.00000	
1026.25455	-616.02108	379.22517	-0.03209	0.06807	89.95958	0.55186	0.00071	1.00000	-0.00056	-1.00000	0.00071	0.00119	0.00119	0.00056	1.00000	
1025.50996	-616.29542	379.25196	-0.03375	0.07392	89.94197	0.50448	0.00101	1.00000	-0.00059	-1.00000	0.00101	0.00129	0.00129	0.00059	1.00000	
1026.33704	-615.85231	378.76468	-0.01844	0.07046	89.96274	0.52728	0.00065	1.00000	-0.00032	-1.00000	0.00065	0.00123	0.00123	0.00032	1.00000	
1025.73925	-615.99395	378.68353	-0.01630	0.06550	89.94682	0.53075	0.00093	1.00000	-0.00029	-1.00000	0.00093	0.00114	0.00114	0.00028	1.00000	
1026.39214	-615.89468	379.07409	-0.02377	0.05949	89.96134	0.50260	0.00067	1.00000	-0.00042	-1.00000	0.00068	0.00104	0.00104	0.00041	1.00000	
1026.16304	-615.94215	378.96775	-0.02417	0.06931	89.95972	0.50939	0.00070	1.00000	-0.00042	-1.00000	0.00070	0.00121	0.00121	0.00042	1.00000	
1025.43480	-616.19409	379.14097	-0.02696	0.06386	89.93949	0.51949	0.00106	1.00000	-0.00047	-1.00000	0.00106	0.00111	0.00111	0.00047	1.00000	
1026.07740	-615.94185	378.86368	-0.01901	0.05736	89.95354	0.52603	0.00081	1.00000	-0.00033	-1.00000	0.00081	0.00100	0.00100	0.00033	1.00000	
1025.35171	-616.18633	378.87128	-0.01951	0.06061	89.93633	0.51268	0.00111	1.00000	-0.00034	-1.00000	0.00111	0.00106	0.00106	0.00034	1.00000	
1026.01397	-616.02853	379.01603	-0.02272	0.06228	89.95216	0.47329	0.00083	1.00000	-0.00040	-1.00000	0.00084	0.00109	0.00109	0.00040	1.00000	
1025.55071	-616.27165	379.16470	-0.02414	0.05022	89.93716	0.46532	0.00110	1.00000	-0.00042	-1.00000	0.00110	0.00088	0.00088	0.00042	1.00000	
1025.48989	-616.25823	379.05288	-0.02272	0.05571	89.93705	0.46037	0.00110	1.00000	-0.00040	-1.00000	0.00110	0.00097	0.00097	0.00040	1.00000	
1025.70276	-616.20580	379.10189	-0.02143	0.04600	89.93982	0.47012	0.00105	1.00000	-0.00037	-1.00000	0.00105	0.00080	0.00080	0.00037	1.00000	
1026.45372	-615.95987	378.89646	-0.01530	0.04361	89.95800	0.50317	0.00073	1.00000	-0.00027	-1.00000	0.00073	0.00076	0.00076	0.00027	1.00000	
1026.89071	-615.89682	379.16907	-0.01862	0.03176	89.96478	0.47616	0.00061	1.00000	-0.00033	-1.00000	0.00061	0.00055	0.00055	0.00033	1.00000	
1026.00316	-616.20926	379.49188	-0.02572	0.02887	89.94305	0.47051	0.00099	1.00000	-0.00045	-1.00000	0.00099	0.00050	0.00050	0.00045	1.00000	
1025.88252	-616.15229	379.15015	-0.02157	0.04565	89.94454	0.51392	0.00097	1.00000	-0.00038	-1.00000	0.00097	0.00080	0.00080	0.00038	1.00000	
1026.27937	-615.85871	378.63051	-0.00975	0.04955	89.95761	0.52505	0.00074	1.00000	-0.00017	-1.00000	0.00074	0.00086	0.00086	0.00017	1.00000	
1026.56710	-615.75258	378.60491	-0.00848	0.04632	89.96368	0.51351	0.00063	1.00000	-0.00015	-1.00000	0.00063	0.00081	0.00081	0.00015	1.00000	
1026.45439	-615.66848	378.54641	-0.00689	0.05142	89.96439	0.51119	0.00062	1.00000	-0.00012	-1.00000	0.00062	0.00090	0.00090	0.00012	1.00000	
1025.67147	-616.01498	378.86866	-0.01668	0.05670	89.94432	0.53294	0.00097	1.00000	-0.00029	-1.00000	0.00097	0.00099	0.00099	0.00029	1.00000	
1026.15728	-615.89154	379.19927	-0.02325	0.04805	89.95644	0.51591	0.00076	1.00000	-0.00041	-1.00000	0.00076	0.00084	0.00084	0.00041	1.00000	
1026.29174	-615.81999	379.04780	-0.02013	0.04600	89.95921	0.51501	0.00071	1.00000	-0.00035	-1.00000	0.00071	0.00080	0.00080	0.00035	1.00000	
1027.84634	-615.22257	378.88199	-0.01102	0.03193	89.99516	0.50146	0.00008	1.00000	-0.00019	-1.00000	0.00008	0.00056	0.00056	0.00019	1.00000	
1027.28791	-615.37810	378.88167	-0.01338	0.04133	89.98394	0.49359	0.00028	1.00000	-0.00023	-1.00000	0.00028	0.00072	0.00072	0.00023	1.00000	
1027.39236	-615.25665	378.40927	-0.00720	0.05954	89.99168	0.49350	0.00015	1.00000	-0.00013	-1.00000	0.00015	0.00104	0.00104	0.00013	1.00000	
1026.68322	-615.53487	378.54361	-0.01405	0.06527	89.97459	0.50733	0.00044	1.00000	-0.00025	-1.00000	0.00044	0.00114	0.00114	0.00025	1.00000	
1027.26104	-615.39589	378.89793	-0.01912	0.05563	89.98693	0.51509	0.00023	1.00000	-0.00033	-1.00000	0.00023	0.00097	0.00097	0.00033	1.00000	
1027.09525	-615.50265	379.09527	-0.02429	0.05673	89.98311	0.51828	0.00029	1.00000	-0.00042	-1.00000	0.00030	0.00099	0.00099	0.00042	1.00000	
1027.85633	-615.02805	378.38383	-0.01023	0.06624	90.00611	0.48428	-0.00011	1.00000	-0.00018	-1.00000	-0.00011	0.00116	0.00116	0.00018	1.00000	
1026.65918	-615.68645	379.13150	-0.02616	0.05704	89.97142	0.50795	0.00050	1.00000	-0.00046	-1.00000	0.00050	0.00100	0.00100	0.00046	1.00000	
1026.97040	-615.47839	378.83643	-0.01768	0.05713	89.97858	0.48119	0.00037	1.00000	-0.00031	-1.00000	0.00037	0.00100	0.00100	0.00031	1.00000	
1027.52140	-615.31912	378.78517	-0.01378	0.04862	89.98891	0.50345	0.00019	1.00000	-0.00024	-1.00000	0.00019	0.00085	0.00085	0.00024	1.00000	
1027.60391	-615.33079	378.94461	-0.01824	0.05185	89.99045	0.46665	0.00017	1.00000	-0.00032	-1.00000	0.00017	0.00090	0.00091	0.00032	1.00000	
1027.01439	-615.69903	379.52408	-0.02988	0.04356	89.97278	0.48252	0.00048	1.00000	-0.00052	-1.00000	0.00048	0.00076	0.00076	0.00052	1.00000	
1027.32660	-615.56357	379.46245	-0.03015	0.04759	89.98242	0.47650	0.00031	1.00000	-0.00053	-1.00000	0.00031	0.00083	0.00083	0.00053	1.00000	
1027.20597	-615.64440	379.59042	-0.03086	0.04112	89.97818	0.50717	0.00038	1.00000	-0.00054	-1.00000	0.00038	0.00072	0.00072	0.00054	1.00000	
1027.45134	-615.43018	379.24021	-0.02762	0.05381	89.98826	0.51181	0.00020	1.00000	-0.00048	-1.00000	0.00021	0.00094	0.00094	0.00048	1.00000	
1027.86505	-615.11836	378.64188	-0.01548	0.06441	90.00096	0.47319	-0.00002	1.00000	-0.00027	-1.00000	-0.00002	0.00112	0.00112	0.00027	1.00000	
1027.85931	-615.15330	378.73408	-0.01496	0.05837	90.00011	0.52682	-0.00000	1.00000	-0.00026	-1.00000	-0.00000	0.00102	0.00102	0.00026	1.00000	
1028.15807	-614.96763	378.43325	-0.00841	0.06095	90.00793	0.51673	-0.00014	1.00000	-0.00015	-1.00000	-0.00014	0.00106	0.00106	0.00015	1.00000	
1027.14171	-615.46289	379.11477	-0.02496	0.05919	89.98218	0.50133	0.00031	1.00000	-0.00044	-1.00000	0.00031	0.00103	0.00103	0.00044	1.00000	
1027.50177	-615.38454	379.25950	-0.02724	0.05420	89.99009	0.51507	0.00017	1.00000	-0.00048	-1.00000	0.00017	0.00095	0.00095	0.00048	1.00000	
1026.74509	-615.56070	379.04481	-0.02094	0.05151	89.97071	0.47529	0.00051	1.00000	-0.00037	-1.00000	0.00051	0.00090	0.00090	0.00037	1.00000	
1027.10852	-615.41701	378.92806	-0.01879	0.05134	89.97985	0.47891	0.00035	1.00000	-0.00033	-1.00000	0.00035	0.00090	0.00090	0.00033	1.00000	
1027.26206	-615.33652	378.91587	-0.01832	0.05430	89.98550	0.48980	0.00025	1.00000	-0.00032	-1.00000	0.00025	0.00095	0.00095	0.00032	1.00000	
1026.89893	-615.39226	378.90678	-0.01466	0.04851	89.97408	0.49183	0.00045	1.00000	-0.00026	-1.00000	0.00045	0.00085	0.00085	0.00026	1.00000	
1026.51309	-615.69323	379.19393	-0.02384	0.05630	89.96494	0.50900	0.00061	1.00000	-0.00042	-1.00000	0.00061	0.00098	0.00098	0.00042	1.00000	
1026.52108	-615.61731	378.93924	-0.01952	0.06428	89.96719	0.50040	0.00057	1.00000	-0.00034	-1.00000	0.00057	0.00112	0.00112	0.00034	1.00000	
1026.52576	-615.63563	379.02077	-0.02112	0.06294	89.96690	0.49710	0.00058	1.00000	-0.00037	-1.00000	0.00058	0.00110	0.00110	0.00037	1.00000	
1026.60616	-615.60314	379.17834	-0.02361	0.05667	89.96793	0.47430	0.00056	1.00000	-0.00041	-1.00000	0.00056	0.00099	0.00099	0.00041	1.00000	
1026.57560	-615.49823	378.88234	-0.02100	0.06984	89.97173	0.46769	0.00049	1.00000	-0.00037	-1.00000	0.00049	0.00122	0.00122	0.00037	1.00000	
1027.24506	-615.21500	378.72711	-0.01829	0.06960	89.98874	0.49793	0.00020	1.00000	-0.00032	-1.00000	0.00020	0.00121	0.00121	0.00032	1.00000	
1026.89851	-615.22259	378.41103	-0.00875	0.06657	89.97972	0.46783	0.00035	1.00000	-0.00015	-1.00000	0.00035	0.00116	0.00116	0.00015	1.00000	
1026.15952	-615.54750	378.63572	-0.02151	0.08623	89.96511	0.51064	0.00061	1.00000	-0.00038	-1.00000	0.00061	0.00150	0.00150	0.00038	1.00000	
1025.90432	-615.64038	378.59430	-0.01912	0.08299	89.95716	0.51620	0.00075	1.00000	-0.00033	-1.00000	0.00075	0.00145	0.00145	0.00033	1.00000	
1026.10354	-615.77696	379.10708	-0.02815	0.07012	89.95724	0.51390	0.00075	1.00000	-0.00049	-1.00000	0.00075	0.00122	0.00122	0.00049	1.00000	
1026.67835	-615.54409	378.82597	-0.02097	0.06710	89.97054	0.51715	0.00051	1.00000	-0.00037	-1.00000	0.00051	0.00117	0.00117	0.00037	1.00000	
1026.00271	-615.87088	379.26198	-0.03278	0.07052	89.95383	0.51922	0.00081	1.00000	-0.00057	-1.00000	0.00081	0.00123	0.00123	0.00057	1.00000	
1025.78583	-615.96509	379.32980	-0.03371	0.06102	89.94640	0.54500	0.00094	1.00000	-0.00059	-1.00000	0.00094	0.00106	0.00106	0.00059	1.00000	
1026.47457	-615.66759	379.21662	-0.02634	0.04724	89.96001	0.51825	0.00070	1.00000	-0.00046	-1.00000	0.00070	0.00082	0.00082	0.00046	1.00000	
1025.83054	-616.02540	379.58583	-0.03322	0.03840	89.94011	0.55080	0.00105	1.00000	-0.00058	-1.00000	0.00105	0.00067	0.00067	0.00058	1.00000	
1026.54907	-615.82058	379.86927	-0.03991	0.03995	89.95746	0.56062	0.00074	1.00000	-0.00070	-1.00000	0.00074	0.00070	0.00070	0.00070	1.00000	
1025.80542	-616.01131	379.62147	-0.03565	0.04747	89.94106	0.55130	0.00103	1.00000	-0.00062	-1.00000	0.00103	0.00083	0.00083	0.00062	1.00000	
1026.72126	-615.75640	379.51922	-0.02895	0.03392	89.95956	0.54277	0.00071	1.00000	-0.00051	-1.00000	0.00071	0.00059	0.00059	0.00051	1.00000	
1026.39387	-615.82691	379.41885	-0.02803	0.03947	89.95216	0.54959	0.00083	1.00000	-0.00049	-1.00000	0.00084	0.00069	0.00069	0.00049	1.00000	
1026.89575	-615.69933	379.38974	-0.02457	0.03155	89.96201	0.54108	0.00066	1.00000	-0.00043	-1.00000	0.00066	0.00055	0.00055	0.00043	1.00000	
1026.99445	-615.66100	379.31618	-0.02361	0.03604	89.96505	0.54351	0.00061	1.00000	-0.00041	-1.00000	0.00061	0.00063	0.00063	0.00041	1.00000	
1027.02130	-615.51987	379.06960	-0.01894	0.04703	89.96966	0.53173	0.00053	1.00000	-0.00033	-1.00000	0.00053	0.00082	0.00082	0.00033	1.00000	
1027.05810	-615.43135	378.79816	-0.00880	0.03923	89.96861	0.50256	0.00055	1.00000	-0.00015	-1.00000	0.00055	0.00068	0.00068	0.00015	1.00000	
1027.12162	-615.30141	378.60822	-0.00927	0.05687	89.97553	0.51232	0.00043	1.00000	-0.00016	-1.00000	0.00043	0.00099	0.00099	0.00016	1.00000	
1027.18368	-615.25820	378.73322	-0.01002	0.04783	89.97496	0.47886	0.00044	1.00000	-0.00018	-1.00000	0.00044	0.00083	0.00083	0.00017	1.00000	
1027.26059	-615.22227	378.82612	-0.01497	0.06063	89.97948	0.46669	0.00036	1.00000	-0.00026	-1.00000	0.00036	0.00106	0.00106	0.00026	1.00000	
1027.99913	-614.79355	378.40998	-0.00472	0.06056	89.99939	0.44150	0.00001	1.00000	-0.00008	-1.00000	0.00001	0.00106	0.00106	0.00008	1.00000	
1027.07202	-615.31032	379.14863	-0.01946	0.04851	89.97167	0.47329	0.00049	1.00000	-0.00034	-1.00000	0.00049	0.00085	0.00085	0.00034	1.00000	
1027.65734	-615.10163	379.23754	-0.02102	0.04119	89.98522	0.49086	0.00026	1.00000	-0.00037	-1.00000	0.00026	0.00072	0.00072	0.00037	1.00000	
1027.98582	-614.98094	378.93957	-0.01492	0.04600	89.99332	0.46268	0.00012	1.00000	-0.00026	-1.00000	0.00012	0.00080	0.00080	0.00026	1.00000	
1027.04214	-615.25610	378.86697	-0.01519	0.04965	89.97034	0.47434	0.00052	1.00000	-0.00027	-1.00000	0.00052	0.00087	0.00087	0.00027	1.00000	
1027.05770	-615.29447	379.04076	-0.02595	0.06684	89.97482	0.47130	0.00044	1.00000	-0.00045	-1.00000	0.00044	0.00117	0.00117	0.00045	1.00000	
1027.23337	-615.12353	378.92411	-0.01942	0.05766	89.97802	0.51510	0.00038	1.00000	-0.00034	-1.00000	0.00038	0.00101	0.00101	0.00034	1.00000	
1027.12765	-614.98556	378.31390	-0.00857	0.07090	89.97962	0.52136	0.00036	1.00000	-0.00015	-1.00000	0.00036	0.00124	0.00124	0.00015	1.00000	
1027.32354	-614.99229	378.96795	-0.01821	0.05219	89.98178	0.50626	0.00032	1.00000	-0.00032	-1.00000	0.00032	0.00091	0.00091	0.00032	1.00000	
1027.44622	-614.97021	379.09889	-0.02060	0.05181	89.98447	0.48969	0.00027	1.00000	-0.00036	-1.00000	0.00027	0.00090	0.00090	0.00036	1.00000	
1026.57175	-615.29926	379.29749	-0.03042	0.06485	89.96790	0.49368	0.00056	1.00000	-0.00053	-1.00000	0.00056	0.00113	0.00113	0.00053	1.00000	
1026.90043	-615.18272	379.37601	-0.02801	0.05074	89.97270	0.48141	0.00048	1.00000	-0.00049	-1.00000	0.00048	0.00089	0.00089	0.00049	1.00000	
1027.32768	-614.93813	379.03878	-0.02365	0.06466	89.98679	0.50909	0.00023	1.00000	-0.00041	-1.00000	0.00023	0.00113	0.00113	0.00041	1.00000	
1027.76439	-614.78839	378.74944	-0.01146	0.05150	89.99335	0.50235	0.00012	1.00000	-0.00020	-1.00000	0.00012	0.00090	0.00090	0.00020	1.00000	
1027.36018	-614.87443	378.27504	-0.00301	0.06086	89.98403	0.49731	0.00028	1.00000	-0.00005	-1.00000	0.00028	0.00106	0.00106	0.00005	1.00000	
1028.38167	-614.60443	378.39165	-0.00597	0.06149	90.00909	0.43920	-0.00016	1.00000	-0.00010	-1.00000	-0.00016	0.00107	0.00107	0.00010	1.00000	
1027.28471	-615.02130	378.55058	-0.00863	0.05420	89.97907	0.48063	0.00037	1.00000	-0.00015	-1.00000	0.00037	0.00095	0.00095	0.00015	1.00000	
1026.64313	-615.23145	378.55890	-0.01359	0.06748	89.96576	0.46974	0.00060	1.00000	-0.00024	-1.00000	0.00060	0.00118	0.00118	0.00024	1.00000	
1027.47977	-614.81480	378.17504	-0.00363	0.06869	89.98753	0.45835	0.00022	1.00000	-0.00006	-1.00000	0.00022	0.00120	0.00120	0.00006	1.00000	
1027.17470	-614.92875	378.33511	-0.00483	0.06321	89.97742	0.45985	0.00039	1.00000	-0.00008	-1.00000	0.00039	0.00110	0.00110	0.00008	1.00000	
1027.75775	-614.79366	378.72225	-0.01136	0.05385	89.98950	0.46435	0.00018	1.00000	-0.00020	-1.00000	0.00018	0.00094	0.00094	0.00020	1.00000	
1028.45378	-614.49207	378.62674	-0.00773	0.05010	90.00734	0.45573	-0.00013	1.00000	-0.00013	-1.00000	-0.00013	0.00087	0.00087	0.00013	1.00000	
1027.05335	-614.96671	378.82111	-0.01548	0.06094	89.97600	0.50426	0.00042	1.00000	-0.00027	-1.00000	0.00042	0.00106	0.00106	0.00027	1.00000	
1027.12780	-615.03964	379.27506	-0.02323	0.05013	89.97577	0.50789	0.00042	1.00000	-0.00041	-1.00000	0.00042	0.00087	0.00087	0.00041	1.00000	
1027.59321	-614.78495	378.97116	-0.01849	0.05692	89.98972	0.49159	0.00018	1.00000	-0.00032	-1.00000	0.00018	0.00099	0.00099	0.00032	1.00000	
1027.26947	-614.90657	379.10845	-0.02014	0.05157	89.98061	0.50795	0.00034	1.00000	-0.00035	-1.00000	0.00034	0.00090	0.00090	0.00035	1.00000	
1027.26857	-614.99733	379.35760	-0.03113	0.06375	89.98306	0.48518	0.00030	1.00000	-0.00054	-1.00000	0.00030	0.00111	0.00111	0.00054	1.00000	
1027.41221	-614.91796	379.34916	-0.03070	0.06602	89.98641	0.48559	0.00024	1.00000	-0.00054	-1.00000	0.00024	0.00115	0.00115	0.00054	1.00000	
1027.15013	-614.99529	379.29583	-0.03024	0.06475	89.97888	0.50197	0.00037	1.00000	-0.00053	-1.00000	0.00037	0.00113	0.00113	0.00053	1.00000	
1026.57652	-615.23041	379.44352	-0.03257	0.06348	89.96307	0.48574	0.00064	1.00000	-0.00057	-1.00000	0.00065	0.00111	0.00111	0.00057	1.00000	
1027.23864	-614.93454	379.22796	-0.02617	0.05924	89.97931	0.49211	0.00036	1.00000	-0.00046	-1.00000	0.00036	0.00103	0.00103	0.00046	1.00000	
1027.01377	-615.02493	379.26845	-0.02640	0.06215	89.97388	0.51921	0.00046	1.00000	-0.00046	-1.00000	0.00046	0.00108	0.00108	0.00046	1.00000	
1027.03340	-614.99985	379.16711	-0.02582	0.06818	89.97636	0.53466	0.00041	1.00000	-0.00045	-1.00000	0.00041	0.00119	0.00119	0.00045	1.00000	
1026.83548	-615.12465	379.68191	-0.03602	0.05953	89.97022	0.54981	0.00052	1.00000	-0.00063	-1.00000	0.00052	0.00104	0.00104	0.00063	1.00000	
1027.25897	-614.95854	379.53228	-0.03098	0.05166	89.97894	0.52229	0.00037	1.00000	-0.00054	-1.00000	0.00037	0.00090	0.00090	0.00054	1.00000	
1026.88805	-615.00443	379.23181	-0.02572	0.05807	89.97267	0.52487	0.00048	1.00000	-0.00045	-1.00000	0.00048	0.00101	0.00101	0.00045	1.00000	
1027.62219	-614.62304	378.84252	-0.01612	0.05751	89.99091	0.49123	0.00016	1.00000	-0.00028	-1.00000	0.00016	0.00100	0.00100	0.00028	1.00000	
1027.41459	-614.76077	379.06251	-0.01966	0.05089	89.98434	0.51812	0.00027	1.00000	-0.00034	-1.00000	0.00027	0.00089	0.00089	0.00034	1.00000	
1027.11488	-614.95159	379.34383	-0.02555	0.04596	89.97441	0.45446	0.00045	1.00000	-0.00045	-1.00000	0.00045	0.00080	0.00080	0.00045	1.00000	
1027.38881	-614.77077	379.04083	-0.01678	0.04575	89.98135	0.46301	0.00033	1.00000	-0.00029	-1.00000	0.00033	0.00080	0.00080	0.00029	1.00000	
1027.80249	-614.39803	378.26575	-0.00011	0.05648	89.99669	0.46902	0.00006	1.00000	-0.00000	-1.00000	0.00006	0.00099	0.00099	0.00000	1.00000	
1027.07489	-614.76133	378.93653	-0.01460	0.04930	89.97691	0.47851	0.00040	1.00000	-0.00026	-1.00000	0.00040	0.00086	0.00086	0.00025	1.00000	
1028.13099	-614.22779	378.34199	0.00241	0.04498	90.00333	0.46312	-0.00006	1.00000	0.00004	-1.00000	-0.00006	0.00079	0.00079	-0.00004	1.00000	
1028.58681	-614.06734	378.36564	-0.00174	0.05376	90.01623	0.47995	-0.00028	1.00000	-0.00003	-1.00000	-0.00028	0.00094	0.00094	0.00003	1.00000	
1027.98946	-614.16731	378.11004	0.00596	0.04965	90.00146	0.47719	-0.00003	1.00000	0.00010	-1.00000	-0.00003	0.00087	0.00087	-0.00010	1.00000	
1028.42993	-614.11711	378.41707	-0.00472	0.05424	90.01237	0.45949	-0.00022	1.00000	-0.00008	-1.00000	-0.00022	0.00095	0.00095	0.00008	1.00000	
1027.94216	-614.28161	378.50246	-0.01279	0.07192	90.00517	0.48223	-0.00009	1.00000	-0.00022	-1.00000	-0.00009	0.00126	0.00126	0.00022	1.00000	
1027.60658	-614.53719	378.88976	-0.01888	0.06072	89.99250	0.48095	0.00013	1.00000	-0.00033	-1.00000	0.00013	0.00106	0.00106	0.00033	1.00000	
1028.01708	-614.27432	378.49705	-0.00922	0.06585	90.00391	0.46210	-0.00007	1.00000	-0.00016	-1.00000	-0.00007	0.00115	0.00115	0.00016	1.00000	
1027.73420	-614.36538	378.63832	-0.01254	0.06818	89.99751	0.44614	0.00004	1.00000	-0.00022	-1.00000	0.00004	0.00119	0.00119	0.00022	1.00000	
1027.65736	-614.47736	378.84305	-0.01635	0.06233	89.99372	0.50064	0.00011	1.00000	-0.00029	-1.00000	0.00011	0.00109	0.00109	0.00029	1.00000	
1028.32690	-614.24183	378.74353	-0.01230	0.06121	90.00854	0.46526	-0.00015	1.00000	-0.00021	-1.00000	-0.00015	0.00107	0.00107	0.00021	1.00000	
1027.56094	-614.57140	379.16357	-0.02139	0.05771	89.98816	0.48427	0.00021	1.00000	-0.00037	-1.00000	0.00021	0.00101	0.00101	0.00037	1.00000	
1028.37317	-614.05972	378.22817	0.00254	0.05854	90.00953	0.45103	-0.00017	1.00000	0.00004	-1.00000	-0.00017	0.00102	0.00102	-0.00004	1.00000	
1027.91127	-614.14548	378.00573	0.00245	0.07452	90.00283	0.45007	-0.00005	1.00000	0.00004	-1.00000	-0.00005	0.00130	0.00130	-0.00004	1.00000	
1028.50245	-614.10446	378.65291	-0.00411	0.04632	90.01017	0.44895	-0.00018	1.00000	-0.00007	-1.00000	-0.00018	0.00081	0.00081	0.00007	1.00000	
1028.23208	-614.11675	378.47782	-0.00469	0.06132	90.00723	0.45705	-0.00013	1.00000	-0.00008	-1.00000	-0.00013	0.00107	0.00107	0.00008	1.00000	
1028.26628	-614.17294	378.74885	-0.00794	0.04932	90.00460	0.44786	-0.00008	1.00000	-0.00014	-1.00000	-0.00008	0.00086	0.00086	0.00014	1.00000	
1028.63688	-614.12076	379.10991	-0.01398	0.04340	90.01200	0.45454	-0.00021	1.00000	-0.00024	-1.00000	-0.00021	0.00076	0.00076	0.00024	1.00000	
1028.07665	-614.44533	379.74445	-0.02837	0.04175	89.99816	0.48790	0.00003	1.00000	-0.00050	-1.00000	0.00003	0.00073	0.00073	0.00050	1.00000	
1028.19450	-614.25679	379.27046	-0.01332	0.03110	89.99845	0.50345	0.00003	1.00000	-0.00023	-1.00000	0.00003	0.00054	0.00054	0.00023	1.00000	
1027.61405	-614.61170	379.76571	-0.02696	0.04176	89.98445	0.45802	0.00027	1.00000	-0.00047	-1.00000	0.00027	0.00073	0.00073	0.00047	1.00000	
1026.60342	-614.99570	379.98992	-0.03796	0.05608	89.96159	0.49292	0.00067	1.00000	-0.00066	-1.00000	0.00067	0.00098	0.00098	0.00066	1.00000	
1026.88157	-614.92121	380.14758	-0.03872	0.04651	89.96671	0.49381	0.00058	1.00000	-0.00068	-1.00000	0.00058	0.00081	0.00081	0.00068	1.00000	
1026.26401	-615.11843	380.02253	-0.03960	0.05853	89.95364	0.49222	0.00081	1.00000	-0.00069	-1.00000	0.00081	0.00102	0.00102	0.00069	1.00000	
1027.50910	-614.56534	379.46809	-0.02391	0.05361	89.98443	0.47554	0.00027	1.00000	-0.00042	-1.00000	0.00027	0.00094	0.00094	0.00042	1.00000	
1027.55179	-614.49502	379.20127	-0.02348	0.06977	89.98827	0.47095	0.00020	1.00000	-0.00041	-1.00000	0.00021	0.00122	0.00122	0.00041	1.00000	
1027.43951	-614.37442	378.57027	-0.00938	0.07002	89.98646	0.51106	0.00024	1.00000	-0.00016	-1.00000	0.00024	0.00122	0.00122	0.00016	1.00000	
1026.32718	-614.72176	378.82042	-0.02068	0.08886	89.96425	0.50443	0.00062	1.00000	-0.00036	-1.00000	0.00062	0.00155	0.00155	0.00036	1.00000	
1026.12917	-614.68160	378.60833	-0.01401	0.08095	89.95879	0.52670	0.00072	1.00000	-0.00025	-1.00000	0.00072	0.00141	0.00141	0.00024	1.00000	
1026.43865	-614.56554	378.63862	-0.01620	0.08444	89.96808	0.51631	0.00056	1.00000	-0.00028	-1.00000	0.00056	0.00147	0.00147	0.00028	1.00000	
1025.94087	-614.78856	379.01493	-0.02455	0.08209	89.95622	0.51788	0.00076	1.00000	-0.00043	-1.00000	0.00076	0.00143	0.00143	0.00043	1.00000	
1025.96615	-614.81532	379.40798	-0.03341	0.07904	89.95770	0.50891	0.00074	1.00000	-0.00058	-1.00000	0.00074	0.00138	0.00138	0.00058	1.00000	
1025.98469	-614.80524	379.41433	-0.02966	0.06385	89.95332	0.52556	0.00081	1.00000	-0.00052	-1.00000	0.00082	0.00111	0.00111	0.00052	1.00000	
1026.84484	-614.51738	379.51342	-0.03004	0.05356	89.97377	0.49168	0.00046	1.00000	-0.00052	-1.00000	0.00046	0.00093	0.00093	0.00052	1.00000	
1026.85414	-614.47606	379.33514	-0.02731	0.05626	89.97465	0.48547	0.00044	1.00000	-0.00048	-1.00000	0.00044	0.00098	0.00098	0.00048	1.00000	
1026.56388	-614.43161	378.81952	-0.01865	0.06661	89.96909	0.45432	0.00054	1.00000	-0.00033	-1.00000	0.00054	0.00116	0.00116	0.00033	1.00000	
1026.19328	-614.79139	379.78137	-0.03445	0.03907	89.95305	0.46629	0.00082	1.00000	-0.00060	-1.00000	0.00082	0.00068	0.00068	0.00060	1.00000	
1026.42263	-614.65380	379.56774	-0.03164	0.04524	89.95994	0.47659	0.00070	1.00000	-0.00055	-1.00000	0.00070	0.00079	0.00079	0.00055	1.00000	
1025.85630	-614.74484	379.25452	-0.02730	0.05672	89.94947	0.48916	0.00088	1.00000	-0.00048	-1.00000	0.00088	0.00099	0.00099	0.00048	1.00000	
1026.55169	-614.38993	378.93537	-0.01640	0.05057	89.96565	0.48307	0.00060	1.00000	-0.00029	-1.00000	0.00060	0.00088	0.00088	0.00029	1.00000	
1026.74217	-614.29548	378.85711	-0.01619	0.05858	89.97256	0.51654	0.00048	1.00000	-0.00028	-1.00000	0.00048	0.00102	0.00102	0.00028	1.00000	
1026.89491	-614.24636	378.95970	-0.01828	0.05818	89.97694	0.48762	0.00040	1.00000	-0.00032	-1.00000	0.00040	0.00102	0.00102	0.00032	1.00000	
1027.06927	-614.19706	379.06880	-0.01571	0.04329	89.97837	0.46626	0.00038	1.00000	-0.00027	-1.00000	0.00038	0.00076	0.00076	0.00027	1.00000	
1027.24363	-614.06883	378.95617	-0.01294	0.04522	89.98486	0.44387	0.00026	1.00000	-0.00023	-1.00000	0.00026	0.00079	0.00079	0.00023	1.00000	
1027.72719	-613.84671	378.82573	-0.01278	0.05346	89.99947	0.45864	0.00001	1.00000	-0.00022	-1.00000	0.00001	0.00093	0.00093	0.00022	1.00000	
1026.83495	-614.33412	379.78633	-0.03496	0.05242	89.97607	0.48685	0.00042	1.00000	-0.00061	-1.00000	0.00042	0.00091	0.00091	0.00061	1.00000	
1027.31073	-614.06351	379.32151	-0.02295	0.04931	89.98741	0.41484	0.00022	1.00000	-0.00040	-1.00000	0.00022	0.00086	0.00086	0.00040	1.00000	
1027.47353	-613.96185	379.06931	-0.01823	0.05639	89.99142	0.46240	0.00015	1.00000	-0.00032	-1.00000	0.00015	0.00098	0.00098	0.00032	1.00000	
1027.56995	-613.86714	378.81123	-0.01307	0.05429	89.99245	0.47527	0.00013	1.00000	-0.00023	-1.00000	0.00013	0.00095	0.00095	0.00023	1.00000	
1027.21664	-614.10360	379.26927	-0.02150	0.04280	89.98005	0.44604	0.00035	1.00000	-0.00038	-1.00000	0.00035	0.00075	0.00075	0.00038	1.00000	
1027.19905	-614.08573	379.15506	-0.02486	0.05906	89.98373	0.46456	0.00028	1.00000	-0.00043	-1.00000	0.00028	0.00103	0.00103	0.00043	1.00000	
1027.06206	-614.15320	379.19306	-0.02414	0.05328	89.97919	0.44749	0.00036	1.00000	-0.00042	-1.00000	0.00036	0.00093	0.00093	0.00042	1.00000	
1026.92814	-614.28456	379.88984	-0.03525	0.03696	89.97233	0.45764	0.00048	1.00000	-0.00062	-1.00000	0.00048	0.00064	0.00064	0.00062	1.00000	
1026.66987	-614.36056	379.83284	-0.03424	0.04062	89.96572	0.43126	0.00060	1.00000	-0.00060	-1.00000	0.00060	0.00071	0.00071	0.00060	1.00000	
1027.15077	-614.17023	379.77068	-0.03020	0.03310	89.97694	0.46842	0.00040	1.00000	-0.00053	-1.00000	0.00040	0.00058	0.00058	0.00053	1.00000	
1026.55446	-614.48198	380.19007	-0.04532	0.04910	89.96495	0.45460	0.00061	1.00000	-0.00079	-1.00000	0.00061	0.00086	0.00086	0.00079	1.00000	
1026.80379	-614.24619	379.91304	-0.03594	0.04123	89.97006	0.47127	0.00052	1.00000	-0.00063	-1.00000	0.00052	0.00072	0.00072	0.00063	1.00000	
1026.92604	-614.16081	379.85059	-0.03537	0.04416	89.97577	0.46110	0.00042	1.00000	-0.00062	-1.00000	0.00042	0.00077	0.00077	0.00062	1.00000	
1027.04696	-614.15226	380.11860	-0.03902	0.03382	89.97578	0.46209	0.00042	1.00000	-0.00068	-1.00000	0.00042	0.00059	0.00059	0.00068	1.00000	
1025.88892	-614.37946	379.76299	-0.03314	0.04284	89.95015	0.46260	0.00087	1.00000	-0.00058	-1.00000	0.00087	0.00075	0.00075	0.00058	1.00000	
1026.85831	-613.88584	379.43983	-0.03012	0.05775	89.98092	0.44534	0.00033	1.00000	-0.00053	-1.00000	0.00033	0.00101	0.00101	0.00053	1.00000	
1027.17648	-613.78801	379.59962	-0.02504	0.03418	89.98351	0.43061	0.00029	1.00000	-0.00044	-1.00000	0.00029	0.00060	0.00060	0.00044	1.00000	
1026.28671	-614.17137	379.95578	-0.03657	0.04101	89.96218	0.44223	0.00066	1.00000	-0.00064	-1.00000	0.00066	0.00072	0.00072	0.00064	1.00000	
1026.97236	-613.82959	379.63300	-0.03047	0.04618	89.98103	0.41463	0.00033	1.00000	-0.00053	-1.00000	0.00033	0.00081	0.00081	0.00053	1.00000	
1027.27645	-613.55403	378.99822	-0.01464	0.04788	89.98893	0.41678	0.00019	1.00000	-0.00026	-1.00000	0.00019	0.00084	0.00084	0.00026	1.00000	
1027.76944	-613.41646	378.97844	-0.01283	0.04425	89.99890	0.39805	0.00002	1.00000	-0.00022	-1.00000	0.00002	0.00077	0.00077	0.00022	1.00000	
1026.80834	-613.87824	379.43451	-0.02816	0.05564	89.97686	0.41777	0.00040	1.00000	-0.00049	-1.00000	0.00040	0.00097	0.00097	0.00049	1.00000	
1027.35508	-613.64564	379.26006	-0.02461	0.06126	89.99097	0.41824	0.00016	1.00000	-0.00043	-1.00000	0.00016	0.00107	0.00107	0.00043	1.00000	
1027.01394	-613.75577	379.12330	-0.02172	0.06312	89.98270	0.40162	0.00030	1.00000	-0.00038	-1.00000	0.00030	0.00110	0.00110	0.00038	1.00000	
1027.40615	-613.70483	379.37813	-0.02304	0.04906	89.98666	0.40074	0.00023	1.00000	-0.00040	-1.00000	0.00023	0.00086	0.00086	0.00040	1.00000	
1026.56902	-613.81637	378.77341	-0.01590	0.07347	89.97117	0.40494	0.00050	1.00000	-0.00028	-1.00000	0.00050	0.00128	0.00128	0.00028	1.00000	
1027.46898	-613.55583	379.03472	-0.01889	0.05937	89.99012	0.45262	0.00017	1.00000	-0.00033	-1.00000	0.00017	0.00104	0.00104	0.00033	1.00000	
1026.83346	-613.78656	379.03566	-0.02216	0.06798	89.97524	0.46951	0.00043	1.00000	-0.00039	-1.00000	0.00043	0.00119	0.00119	0.00039	1.00000	
1027.26075	-613.66289	379.19027	-0.02410	0.05976	89.98415	0.50014	0.00028	1.00000	-0.00042	-1.00000	0.00028	0.00104	0.00104	0.00042	1.00000	
1027.02666	-613.62986	378.63353	-0.01272	0.06697	89.97995	0.48334	0.00035	1.00000	-0.00022	-1.00000	0.00035	0.00117	0.00117	0.00022	1.00000	
1027.24243	-613.62381	378.97417	-0.01688	0.05117	89.98138	0.46673	0.00032	1.00000	-0.00029	-1.00000	0.00033	0.00089	0.00089	0.00029	1.00000	
1027.39359	-613.56972	379.03330	-0.02179	0.06183	89.98717	0.45462	0.00022	1.00000	-0.00038	-1.00000	0.00022	0.00108	0.00108	0.00038	1.00000	
1027.17916	-613.59999	378.75931	-0.01489	0.06279	89.98193	0.44800	0.00032	1.00000	-0.00026	-1.00000	0.00032	0.00110	0.00110	0.00026	1.00000	
1027.33250	-613.56071	378.86898	-0.01774	0.06411	89.98557	0.46102	0.00025	1.00000	-0.00031	-1.00000	0.00025	0.00112	0.00112	0.00031	1.00000	
1027.79237	-613.39092	378.76613	-0.01309	0.05847	89.99481	0.44679	0.00009	1.00000	-0.00023	-1.00000	0.00009	0.00102	0.00102	0.00023	1.00000	
1027.88034	-613.41053	378.77167	-0.01406	0.05960	89.99622	0.44469	0.00007	1.00000	-0.00025	-1.00000	0.00007	0.00104	0.00104	0.00025	1.00000	
1027.22980	-613.56851	378.61652	-0.01282	0.07338	89.98331	0.44999	0.00029	1.00000	-0.00022	-1.00000	0.00029	0.00128	0.00128	0.00022	1.00000	
1026.97863	-613.64049	378.77539	-0.01665	0.07502	89.97839	0.43823	0.00038	1.00000	-0.00029	-1.00000	0.00038	0.00131	0.00131	0.00029	1.00000	
1027.56434	-613.48127	378.97048	-0.01425	0.05408	89.98732	0.46624	0.00022	1.00000	-0.00025	-1.00000	0.00022	0.00094	0.00094	0.00025	1.00000	
1027.44559	-613.50314	378.90200	-0.01462	0.06035	89.98594	0.45511	0.00025	1.00000	-0.00026	-1.00000	0.00025	0.00105	0.00105	0.00026	1.00000	
1027.14267	-613.70766	379.33866	-0.02914	0.07109	89.98058	0.45279	0.00034	1.00000	-0.00051	-1.00000	0.00034	0.00124	0.00124	0.00051	1.00000	
1027.12594	-613.96701	380.17297	-0.04553	0.05500	89.97579	0.46730	0.00042	1.00000	-0.00080	-1.00000	0.00042	0.00096	0.00096	0.00079	1.00000	
1027.30933	-613.73410	379.57575	-0.03311	0.06486	89.98255	0.53368	0.00030	1.00000	-0.00058	-1.00000	0.00031	0.00113	0.00113	0.00058	1.00000	
1026.85039	-613.83431	379.29155	-0.02584	0.06205	89.96907	0.56397	0.00054	1.00000	-0.00045	-1.00000	0.00054	0.00108	0.00108	0.00045	1.00000	
1026.41912	-614.08864	379.99172	-0.03648	0.04459	89.95391	0.48897	0.00080	1.00000	-0.00064	-1.00000	0.00080	0.00078	0.00078	0.00064	1.00000	
1027.04552	-613.81645	379.81476	-0.03570	0.05119	89.97161	0.50039	0.00050	1.00000	-0.00062	-1.00000	0.00050	0.00089	0.00089	0.00062	1.00000	
1026.39168	-614.02300	380.16334	-0.04403	0.05008	89.95457	0.49969	0.00079	1.00000	-0.00077	-1.00000	0.00079	0.00087	0.00087	0.00077	1.00000	
1026.83295	-613.76457	379.84350	-0.03547	0.04642	89.96633	0.49117	0.00059	1.00000	-0.00062	-1.00000	0.00059	0.00081	0.00081	0.00062	1.00000	
1026.22596	-614.03947	380.22394	-0.04509	0.04727	89.95158	0.47895	0.00085	1.00000	-0.00079	-1.00000	0.00085	0.00082	0.00082	0.00079	1.00000	
1026.94299	-613.70556	380.00592	-0.03922	0.04579	89.96914	0.49043	0.00054	1.00000	-0.00068	-1.00000	0.00054	0.00080	0.00080	0.00068	1.00000	
1027.25980	-613.47137	379.42399	-0.02346	0.03887	89.97584	0.49073	0.00042	1.00000	-0.00041	-1.00000	0.00042	0.00068	0.00068	0.00041	1.00000	
1027.57039	-613.56509	379.99715	-0.03433	0.02532	89.98051	0.49255	0.00034	1.00000	-0.00060	-1.00000	0.00034	0.00044	0.00044	0.00060	1.00000	
1027.59695	-613.57041	380.13725	-0.04196	0.03877	89.98385	0.47305	0.00028	1.00000	-0.00073	-1.00000	0.00028	0.00068	0.00068	0.00073	1.00000	
1026.68600	-613.81087	379.93244	-0.04101	0.04772	89.96342	0.50328	0.00064	1.00000	-0.00072	-1.00000	0.00064	0.00083	0.00083	0.00072	1.00000	
1026.85119	-613.89737	380.39186	-0.05123	0.04557	89.96693	0.50982	0.00058	1.00000	-0.00089	-1.00000	0.00058	0.00079	0.00080	0.00089	1.00000	
1026.88577	-613.89273	380.48331	-0.05456	0.05027	89.96849	0.47349	0.00055	1.00000	-0.00095	-1.00000	0.00055	0.00088	0.00088	0.00095	1.00000	
1026.71412	-613.95850	380.68011	-0.05762	0.04498	89.96397	0.48210	0.00063	1.00000	-0.00101	-1.00000	0.00063	0.00078	0.00079	0.00101	1.00000	
1026.88058	-613.84919	380.42859	-0.05318	0.04927	89.96963	0.49784	0.00053	1.00000	-0.00093	-1.00000	0.00053	0.00086	0.00086	0.00093	1.00000	
1027.24070	-613.57977	379.75195	-0.04253	0.06765	89.98312	0.45499	0.00029	1.00000	-0.00074	-1.00000	0.00030	0.00118	0.00118	0.00074	1.00000	
1026.90512	-613.74650	380.03151	-0.04629	0.06061	89.97234	0.48126	0.00048	1.00000	-0.00081	-1.00000	0.00048	0.00106	0.00106	0.00081	1.00000	
1027.32247	-613.60268	379.92678	-0.04244	0.05401	89.98023	0.46819	0.00035	1.00000	-0.00074	-1.00000	0.00035	0.00094	0.00094	0.00074	1.00000	
1026.92342	-613.68630	379.53102	-0.03455	0.05802	89.97002	0.48216	0.00052	1.00000	-0.00060	-1.00000	0.00052	0.00101	0.00101	0.00060	1.00000	
1026.71969	-613.73037	379.64411	-0.03647	0.05746	89.96572	0.47663	0.00060	1.00000	-0.00064	-1.00000	0.00060	0.00100	0.00100	0.00064	1.00000	
1026.61850	-613.91282	380.18906	-0.04644	0.04416	89.95967	0.43734	0.00070	1.00000	-0.00081	-1.00000	0.00070	0.00077	0.00077	0.00081	1.00000	
1026.99334	-613.64398	379.65097	-0.03641	0.05236	89.97236	0.45644	0.00048	1.00000	-0.00064	-1.00000	0.00048	0.00091	0.00091	0.00064	1.00000	
1026.26734	-613.95314	380.05461	-0.04796	0.05541	89.95424	0.48743	0.00080	1.00000	-0.00084	-1.00000	0.00080	0.00097	0.00097	0.00084	1.00000	
1027.01094	-613.61274	379.86847	-0.04137	0.05151	89.97195	0.45944	0.00049	1.00000	-0.00072	-1.00000	0.00049	0.00090	0.00090	0.00072	1.00000	
1027.05045	-613.57262	379.99049	-0.04698	0.05800	89.97483	0.45293	0.00044	1.00000	-0.00082	-1.00000	0.00044	0.00101	0.00101	0.00082	1.00000	
1026.34550	-613.81940	380.00771	-0.04728	0.05940	89.95625	0.47325	0.00076	1.00000	-0.00083	-1.00000	0.00076	0.00104	0.00104	0.00083	1.00000	
1026.39265	-613.85254	380.18732	-0.04977	0.05265	89.95569	0.47981	0.00077	1.00000	-0.00087	-1.00000	0.00077	0.00092	0.00092	0.00087	1.00000	
1026.39550	-613.72196	380.12336	-0.04445	0.04315	89.95454	0.44623	0.00079	1.00000	-0.00078	-1.00000	0.00079	0.00075	0.00075	0.00078	1.00000	
1026.68622	-613.54214	379.88560	-0.04318	0.05803	89.96492	0.47772	0.00061	1.00000	-0.00075	-1.00000	0.00061	0.00101	0.00101	0.00075	1.00000	
1026.71213	-613.58903	380.09099	-0.04639	0.05139	89.96383	0.48654	0.00063	1.00000	-0.00081	-1.00000	0.00063	0.00090	0.00090	0.00081	1.00000	
1026.60767	-613.57366	379.99761	-0.04541	0.05775	89.96198	0.52597	0.00066	1.00000	-0.00079	-1.00000	0.00066	0.00101	0.00101	0.00079	1.00000	
1026.64026	-613.72741	380.74901	-0.05811	0.04146	89.95915	0.48102	0.00071	1.00000	-0.00101	-1.00000	0.00071	0.00072	0.00072	0.00101	1.00000	
1026.71442	-613.66504	380.69026	-0.05411	0.03745	89.95950	0.46034	0.00071	1.00000	-0.00094	-1.00000	0.00071	0.00065	0.00065	0.00094	1.00000	
1026.83958	-613.43440	380.10305	-0.03990	0.04041	89.96511	0.45413	0.00061	1.00000	-0.00070	-1.00000	0.00061	0.00070	0.00071	0.00070	1.00000	
1026.69874	-613.56633	380.53005	-0.04763	0.03225	89.95992	0.41875	0.00070	1.00000	-0.00083	-1.00000	0.00070	0.00056	0.00056	0.00083	1.00000	
1026.50935	-613.47879	380.21197	-0.03847	0.03544	89.95699	0.46429	0.00075	1.00000	-0.00067	-1.00000	0.00075	0.00062	0.00062	0.00067	1.00000	
1026.52432	-613.54272	380.56537	-0.04585	0.02800	89.95545	0.43596	0.00078	1.00000	-0.00080	-1.00000	0.00078	0.00049	0.00049	0.00080	1.00000	
1026.92114	-613.42721	380.45098	-0.04480	0.03296	89.96581	0.48404	0.00060	1.00000	-0.00078	-1.00000	0.00060	0.00057	0.00058	0.00078	1.00000	
1026.86203	-613.55988	380.97844	-0.05599	0.02673	89.96317	0.46643	0.00064	1.00000	-0.00098	-1.00000	0.00064	0.00047	0.00047	0.00098	1.00000	
1026.59710	-613.73113	381.30884	-0.06160	0.02168	89.95552	0.48645	0.00078	1.00000	-0.00108	-1.00000	0.00078	0.00038	0.00038	0.00108	1.00000	
1026.60375	-613.59693	380.51881	-0.04556	0.02914	89.95554	0.47667	0.00078	1.00000	-0.00080	-1.00000	0.00078	0.00051	0.00051	0.00080	1.00000	
1026.61407	-613.52260	380.42862	-0.04447	0.03323	89.95792	0.46841	0.00073	1.00000	-0.00078	-1.00000	0.00074	0.00058	0.00058	0.00078	1.00000	
1026.94468	-613.44734	380.37406	-0.04322	0.03170	89.96316	0.45250	0.00064	1.00000	-0.00075	-1.00000	0.00064	0.00055	0.00055	0.00075	1.00000	
1027.33494	-613.27249	380.24039	-0.03885	0.02901	89.97193	0.43745	0.00049	1.00000	-0.00068	-1.00000	0.00049	0.00051	0.00051	0.00068	1.00000	
1026.70003	-613.53389	380.20080	-0.04090	0.03349	89.95578	0.43720	0.00077	1.00000	-0.00071	-1.00000	0.00077	0.00058	0.00058	0.00071	1.00000	
1026.29932	-613.72944	380.33645	-0.04708	0.04320	89.94643	0.48114	0.00093	1.00000	-0.00082	-1.00000	0.00094	0.00075	0.00075	0.00082	1.00000	
1026.17854	-613.80558	380.27824	-0.05063	0.05814	89.94484	0.47223	0.00096	1.00000	-0.00088	-1.00000	0.00096	0.00101	0.00101	0.00088	1.00000	
1026.47461	-613.60869	379.86089	-0.04104	0.05815	89.95237	0.48356	0.00083	1.00000	-0.00072	-1.00000	0.00083	0.00101	0.00101	0.00072	1.00000	
1026.38975	-613.61549	379.63798	-0.03737	0.06362	89.95011	0.50623	0.00087	1.00000	-0.00065	-1.00000	0.00087	0.00111	0.00111	0.00065	1.00000	
1026.85669	-613.50172	379.96083	-0.04025	0.05082	89.95875	0.49231	0.00072	1.00000	-0.00070	-1.00000	0.00072	0.00089	0.00089	0.00070	1.00000	
1026.25300	-613.74309	380.16580	-0.04385	0.04596	89.94305	0.46472	0.00099	1.00000	-0.00077	-1.00000	0.00099	0.00080	0.00080	0.00077	1.00000	
1026.27517	-613.82902	380.63700	-0.05234	0.03779	89.94208	0.46074	0.00101	1.00000	-0.00091	-1.00000	0.00101	0.00066	0.00066	0.00091	1.00000	
1025.64004	-613.98075	380.60779	-0.05549	0.04915	89.92950	0.47912	0.00123	1.00000	-0.00097	-1.00000	0.00123	0.00086	0.00086	0.00097	1.00000	
1026.19651	-613.68188	380.33272	-0.04833	0.04660	89.94547	0.48806	0.00095	1.00000	-0.00084	-1.00000	0.00095	0.00081	0.00081	0.00084	1.00000	
1026.09322	-613.66479	380.40504	-0.05114	0.05177	89.94438	0.48997	0.00097	1.00000	-0.00089	-1.00000	0.00097	0.00090	0.00090	0.00089	1.00000	
1026.79598	-613.43276	380.41203	-0.04844	0.03940	89.96002	0.48552	0.00070	1.00000	-0.00085	-1.00000	0.00070	0.00069	0.00069	0.00085	1.00000	
1026.10654	-613.58769	380.12794	-0.04810	0.05715	89.94653	0.53400	0.00093	1.00000	-0.00084	-1.00000	0.00093	0.00100	0.00100	0.00084	1.00000	
1026.95671	-613.25699	379.99536	-0.04392	0.05368	89.96817	0.54003	0.00056	1.00000	-0.00077	-1.00000	0.00056	0.00094	0.00094	0.00077	1.00000	
1026.16164	-613.64173	380.35235	-0.05198	0.05476	89.94859	0.52938	0.00090	1.00000	-0.00091	-1.00000	0.00090	0.00095	0.00096	0.00091	1.00000	
1026.00934	-613.60934	379.98615	-0.04895	0.07135	89.94764	0.51890	0.00091	1.00000	-0.00086	-1.00000	0.00091	0.00124	0.00125	0.00085	1.00000	
1026.01286	-613.62991	380.32103	-0.05281	0.06140	89.94587	0.50559	0.00094	1.00000	-0.00092	-1.00000	0.00095	0.00107	0.00107	0.00092	1.00000	
1025.70728	-613.73449	380.35717	-0.05031	0.05261	89.93569	0.51037	0.00112	1.00000	-0.00088	-1.00000	0.00112	0.00092	0.00092	0.00088	1.00000	
1025.98536	-613.58310	380.17501	-0.04737	0.05810	89.94376	0.53231	0.00098	1.00000	-0.00083	-1.00000	0.00098	0.00101	0.00101	0.00083	1.00000	
1026.62706	-613.35446	379.87756	-0.03843	0.05293	89.95677	0.48016	0.00075	1.00000	-0.00067	-1.00000	0.00076	0.00092	0.00092	0.00067	1.00000	
1026.34300	-613.32876	379.57210	-0.03144	0.05813	89.95103	0.51255	0.00085	1.00000	-0.00055	-1.00000	0.00086	0.00101	0.00101	0.00055	1.00000	
1026.71022	-613.28162	379.72840	-0.03470	0.05475	89.95937	0.52862	0.00071	1.00000	-0.00061	-1.00000	0.00071	0.00096	0.00096	0.00061	1.00000	
1026.63685	-613.32225	379.81841	-0.03621	0.05196	89.95631	0.50909	0.00076	1.00000	-0.00063	-1.00000	0.00076	0.00091	0.00091	0.00063	1.00000	
1027.04448	-613.21197	379.96902	-0.03466	0.03394	89.96262	0.48488	0.00065	1.00000	-0.00061	-1.00000	0.00065	0.00059	0.00059	0.00060	1.00000	
1026.13387	-613.41962	379.73638	-0.03512	0.05067	89.94489	0.47591	0.00096	1.00000	-0.00061	-1.00000	0.00096	0.00088	0.00088	0.00061	1.00000	
1025.64697	-613.67243	380.22183	-0.04430	0.04490	89.93147	0.46908	0.00120	1.00000	-0.00077	-1.00000	0.00120	0.00078	0.00078	0.00077	1.00000	
1026.07239	-613.51519	379.98170	-0.04116	0.04672	89.94222	0.47094	0.00101	1.00000	-0.00072	-1.00000	0.00101	0.00081	0.00082	0.00072	1.00000	
1025.90730	-613.46387	379.71541	-0.03661	0.05286	89.93936	0.48123	0.00106	1.00000	-0.00064	-1.00000	0.00106	0.00092	0.00092	0.00064	1.00000	
1026.11842	-613.40110	379.76278	-0.03906	0.05284	89.94380	0.48674	0.00098	1.00000	-0.00068	-1.00000	0.00098	0.00092	0.00092	0.00068	1.00000	
1026.21633	-613.40030	380.01696	-0.04690	0.05681	89.94888	0.49815	0.00089	1.00000	-0.00082	-1.00000	0.00089	0.00099	0.00099	0.00082	1.00000	
1025.71338	-613.45757	379.46607	-0.03276	0.06125	89.93646	0.50818	0.00111	1.00000	-0.00057	-1.00000	0.00111	0.00107	0.00107	0.00057	1.00000	
1026.21577	-613.35620	379.73029	-0.04043	0.06208	89.94901	0.48895	0.00089	1.00000	-0.00071	-1.00000	0.00089	0.00108	0.00108	0.00071	1.00000	
1027.39431	-612.91685	379.46556	-0.03147	0.04845	89.97537	0.50208	0.00043	1.00000	-0.00055	-1.00000	0.00043	0.00085	0.00085	0.00055	1.00000	
1026.79902	-613.11230	379.21629	-0.02890	0.06344	89.96294	0.51003	0.00065	1.00000	-0.00051	-1.00000	0.00065	0.00111	0.00111	0.00050	1.00000	
1025.94054	-613.52075	379.73956	-0.04204	0.05822	89.93977	0.52495	0.00105	1.00000	-0.00073	-1.00000	0.00105	0.00102	0.00102	0.00073	1.00000	
1026.45755	-613.32032	379.76915	-0.03985	0.04802	89.94990	0.48434	0.00087	1.00000	-0.00070	-1.00000	0.00088	0.00084	0.00084	0.00070	1.00000	
1026.03410	-613.52068	379.94187	-0.04593	0.05534	89.94050	0.47826	0.00104	1.00000	-0.00080	-1.00000	0.00104	0.00096	0.00097	0.00080	1.00000	
1026.53105	-613.33183	379.95542	-0.04516	0.05088	89.95212	0.50674	0.00084	1.00000	-0.00079	-1.00000	0.00084	0.00089	0.00089	0.00079	1.00000	
1026.15398	-613.35223	379.48095	-0.03603	0.06300	89.94556	0.47617	0.00095	1.00000	-0.00063	-1.00000	0.00095	0.00110	0.00110	0.00063	1.00000	
1026.10969	-613.42167	379.77783	-0.04705	0.07471	89.94660	0.45552	0.00093	1.00000	-0.00082	-1.00000	0.00093	0.00130	0.00130	0.00082	1.00000	
1026.49708	-613.22903	379.64596	-0.04016	0.06349	89.95361	0.44979	0.00081	1.00000	-0.00070	-1.00000	0.00081	0.00111	0.00111	0.00070	1.00000	
1026.96786	-613.08466	379.71300	-0.04161	0.06439	89.96590	0.40796	0.00060	1.00000	-0.00073	-1.00000	0.00060	0.00112	0.00112	0.00073	1.00000	
1027.09174	-613.10261	379.86164	-0.04384	0.05941	89.96709	0.44120	0.00057	1.00000	-0.00077	-1.00000	0.00058	0.00104	0.00104	0.00077	1.00000	
1026.71922	-613.14078	379.81259	-0.04048	0.05630	89.95698	0.41599	0.00075	1.00000	-0.00071	-1.00000	0.00075	0.00098	0.00098	0.00071	1.00000	
1026.96592	-612.95250	379.62825	-0.03782	0.06402	89.96601	0.44203	0.00059	1.00000	-0.00066	-1.00000	0.00059	0.00112	0.00112	0.00066	1.00000	
1026.90171	-613.12130	380.15382	-0.05128	0.06503	89.96365	0.39643	0.00063	1.00000	-0.00090	-1.00000	0.00064	0.00113	0.00113	0.00090	1.00000	
1025.45572	-613.68124	380.68109	-0.06290	0.06191	89.92670	0.41344	0.00128	1.00000	-0.00110	-1.00000	0.00128	0.00108	0.00108	0.00110	1.00000	
1026.88273	-612.97198	379.89821	-0.04173	0.06128	89.96202	0.43400	0.00066	1.00000	-0.00073	-1.00000	0.00066	0.00107	0.00107	0.00073	1.00000	
1026.81934	-612.98933	379.87307	-0.04193	0.06330	89.96098	0.43317	0.00068	1.00000	-0.00073	-1.00000	0.00068	0.00110	0.00110	0.00073	1.00000	
1026.29920	-613.23224	380.16951	-0.04625	0.05593	89.94582	0.43067	0.00095	1.00000	-0.00081	-1.00000	0.00095	0.00098	0.00098	0.00081	1.00000	
1026.67443	-613.03373	379.89056	-0.03918	0.05866	89.95655	0.41583	0.00076	1.00000	-0.00068	-1.00000	0.00076	0.00102	0.00102	0.00068	1.00000	
1026.53578	-613.08636	379.94196	-0.03964	0.05763	89.95266	0.45436	0.00083	1.00000	-0.00069	-1.00000	0.00083	0.00101	0.00101	0.00069	1.00000	
1026.54632	-613.15944	380.25644	-0.04886	0.05809	89.95387	0.45699	0.00081	1.00000	-0.00085	-1.00000	0.00081	0.00101	0.00101	0.00085	1.00000	
1025.87824	-613.32048	380.11334	-0.04746	0.06395	89.93864	0.48703	0.00107	1.00000	-0.00083	-1.00000	0.00107	0.00112	0.00112	0.00083	1.00000	
1026.22992	-613.25055	380.19037	-0.04899	0.06508	89.94640	0.50876	0.00094	1.00000	-0.00086	-1.00000	0.00094	0.00114	0.00114	0.00086	1.00000	
1026.30777	-613.09095	379.77829	-0.04017	0.06735	89.95046	0.49309	0.00086	1.00000	-0.00070	-1.00000	0.00087	0.00117	0.00118	0.00070	1.00000	
1025.26366	-613.69415	380.88620	-0.06743	0.06564	89.92358	0.49247	0.00133	1.00000	-0.00118	-1.00000	0.00134	0.00114	0.00115	0.00118	1.00000	
1026.38479	-613.10038	379.98413	-0.04546	0.06852	89.95364	0.49970	0.00081	1.00000	-0.00079	-1.00000	0.00081	0.00120	0.00120	0.00079	1.00000	
1026.14945	-613.37806	380.62004	-0.06052	0.06597	89.94549	0.50866	0.00095	1.00000	-0.00106	-1.00000	0.00095	0.00115	0.00115	0.00106	1.00000	
1026.02349	-613.54035	381.09197	-0.06658	0.04768	89.93890	0.51565	0.00107	1.00000	-0.00116	-1.00000	0.00107	0.00083	0.00083	0.00116	1.00000	
1026.75774	-613.08458	380.34171	-0.04902	0.05147	89.95773	0.48685	0.00074	1.00000	-0.00086	-1.00000	0.00074	0.00090	0.00090	0.00086	1.00000	
1026.07142	-613.35612	380.75292	-0.05884	0.04943	89.94138	0.48713	0.00102	1.00000	-0.00103	-1.00000	0.00102	0.00086	0.00086	0.00103	1.00000	
1026.69432	-613.17263	380.86942	-0.05601	0.02915	89.95113	0.45882	0.00085	1.00000	-0.00098	-1.00000	0.00085	0.00051	0.00051	0.00098	1.00000	
1026.99188	-612.82013	380.00668	-0.04009	0.04659	89.96341	0.44328	0.00064	1.00000	-0.00070	-1.00000	0.00064	0.00081	0.00081	0.00070	1.00000	
1027.41100	-612.77568	380.47081	-0.04644	0.03248	89.96953	0.41818	0.00053	1.00000	-0.00081	-1.00000	0.00053	0.00057	0.00057	0.00081	1.00000	
1027.44670	-612.57004	379.99260	-0.03805	0.04227	89.97421	0.40279	0.00045	1.00000	-0.00066	-1.00000	0.00045	0.00074	0.00074	0.00066	1.00000	
1028.01747	-612.20497	379.29531	-0.01819	0.03633	89.98766	0.36338	0.00022	1.00000	-0.00032	-1.00000	0.00022	0.00063	0.00063	0.00032	1.00000	
1027.70850	-612.43481	379.89040	-0.03033	0.02634	89.97720	0.37420	0.00040	1.00000	-0.00053	-1.00000	0.00040	0.00046	0.00046	0.00053	1.00000	
1027.16069	-612.67345	380.31910	-0.04227	0.03121	89.96371	0.42678	0.00063	1.00000	-0.00074	-1.00000	0.00063	0.00054	0.00054	0.00074	1.00000	
1027.14287	-612.70956	380.53228	-0.04965	0.04151	89.96545	0.47849	0.00060	1.00000	-0.00087	-1.00000	0.00060	0.00072	0.00072	0.00087	1.00000	
1027.31729	-612.58084	380.41652	-0.04703	0.04405	89.97050	0.48034	0.00051	1.00000	-0.00082	-1.00000	0.00052	0.00077	0.00077	0.00082	1.00000	
1026.03277	-613.15012	381.03034	-0.05947	0.03809	89.93589	0.50756	0.00112	1.00000	-0.00104	-1.00000	0.00112	0.00066	0.00066	0.00104	1.00000	
1026.96661	-612.78773	380.65795	-0.05410	0.04818	89.96257	0.49787	0.00065	1.00000	-0.00094	-1.00000	0.00065	0.00084	0.00084	0.00094	1.00000	
1026.88301	-612.86409	380.68694	-0.05457	0.04828	89.95938	0.49552	0.00071	1.00000	-0.00095	-1.00000	0.00071	0.00084	0.00084	0.00095	1.00000	
1027.03290	-612.79334	380.59406	-0.05129	0.04469	89.96227	0.50578	0.00066	1.00000	-0.00090	-1.00000	0.00066	0.00078	0.00078	0.00090	1.00000	
1026.99690	-612.91268	380.90808	-0.05438	0.02859	89.95654	0.50659	0.00076	1.00000	-0.00095	-1.00000	0.00076	0.00050	0.00050	0.00095	1.00000	
1026.62621	-613.03670	380.69819	-0.05617	0.05060	89.95078	0.50818	0.00086	1.00000	-0.00098	-1.00000	0.00086	0.00088	0.00088	0.00098	1.00000	
1026.71852	-613.07638	381.04236	-0.06286	0.04396	89.95200	0.50657	0.00084	1.00000	-0.00110	-1.00000	0.00084	0.00077	0.00077	0.00110	1.00000	
1026.63271	-612.99158	380.36513	-0.04885	0.05358	89.95216	0.47592	0.00084	1.00000	-0.00085	-1.00000	0.00084	0.00093	0.00094	0.00085	1.00000	
1027.46095	-612.71712	380.48082	-0.05205	0.05461	89.97546	0.46094	0.00043	1.00000	-0.00091	-1.00000	0.00043	0.00095	0.00095	0.00091	1.00000	
1026.50769	-613.10338	380.64887	-0.05802	0.06116	89.95271	0.51461	0.00083	1.00000	-0.00101	-1.00000	0.00083	0.00107	0.00107	0.00101	1.00000	
1026.83582	-613.07085	380.99033	-0.06107	0.04461	89.95623	0.53790	0.00076	1.00000	-0.00107	-1.00000	0.00076	0.00078	0.00078	0.00107	1.00000	
1025.81976	-613.34795	380.77235	-0.06131	0.06115	89.93428	0.55053	0.00115	1.00000	-0.00107	-1.00000	0.00115	0.00107	0.00107	0.00107	1.00000	
1025.97056	-613.35687	380.97973	-0.06233	0.04832	89.93662	0.53332	0.00111	1.00000	-0.00109	-1.00000	0.00111	0.00084	0.00084	0.00109	1.00000	
1027.50819	-612.80452	380.81379	-0.05448	0.03676	89.97285	0.51011	0.00047	1.00000	-0.00095	-1.00000	0.00047	0.00064	0.00064	0.00095	1.00000	
1026.74777	-612.96196	380.64974	-0.05219	0.04251	89.95562	0.44852	0.00077	1.00000	-0.00091	-1.00000	0.00078	0.00074	0.00074	0.00091	1.00000	
1026.94175	-612.85690	380.44989	-0.04628	0.03458	89.95811	0.44582	0.00073	1.00000	-0.00081	-1.00000	0.00073	0.00060	0.00060	0.00081	1.00000	
1027.05060	-612.59815	379.91107	-0.03149	0.03306	89.96166	0.44633	0.00067	1.00000	-0.00055	-1.00000	0.00067	0.00058	0.00058	0.00055	1.00000	
1026.74125	-612.91089	380.66984	-0.04963	0.03131	89.95419	0.42763	0.00080	1.00000	-0.00087	-1.00000	0.00080	0.00055	0.00055	0.00087	1.00000	
1026.87006	-612.75354	380.39290	-0.04381	0.03495	89.95799	0.46310	0.00073	1.00000	-0.00077	-1.00000	0.00073	0.00061	0.00061	0.00076	1.00000	
1026.42741	-612.97639	380.74232	-0.05150	0.02976	89.94590	0.46183	0.00094	1.00000	-0.00090	-1.00000	0.00094	0.00052	0.00052	0.00090	1.00000	
1026.42142	-612.97263	380.75314	-0.05554	0.04058	89.94807	0.46744	0.00091	1.00000	-0.00097	-1.00000	0.00091	0.00071	0.00071	0.00097	1.00000	
1026.48210	-612.92671	380.68893	-0.05297	0.03999	89.94942	0.46772	0.00088	1.00000	-0.00093	-1.00000	0.00088	0.00070	0.00070	0.00092	1.00000	
1026.67170	-612.86096	380.63347	-0.04973	0.03494	89.95199	0.49431	0.00084	1.00000	-0.00087	-1.00000	0.00084	0.00061	0.00061	0.00087	1.00000	
1026.36240	-613.10842	380.96290	-0.05418	0.02151	89.93992	0.47863	0.00105	1.00000	-0.00095	-1.00000	0.00105	0.00037	0.00038	0.00095	1.00000	
1025.99914	-613.17236	380.77284	-0.05125	0.02842	89.93068	0.45907	0.00121	1.00000	-0.00090	-1.00000	0.00121	0.00050	0.00050	0.00089	1.00000	
1026.49119	-613.02473	380.95444	-0.05298	0.01890	89.94069	0.43763	0.00104	1.00000	-0.00092	-1.00000	0.00104	0.00033	0.00033	0.00092	1.00000	
1026.83619	-612.81993	380.43155	-0.04152	0.02170	89.94877	0.43006	0.00089	1.00000	-0.00073	-1.00000	0.00089	0.00038	0.00038	0.00072	1.00000	
1026.51368	-612.99990	380.88086	-0.05442	0.02738	89.94167	0.41613	0.00102	1.00000	-0.00095	-1.00000	0.00102	0.00048	0.00048	0.00095	1.00000	
1026.40255	-613.10578	380.93062	-0.06022	0.03564	89.93956	0.43019	0.00105	1.00000	-0.00105	-1.00000	0.00106	0.00062	0.00062	0.00105	1.00000	
1026.88502	-613.08669	381.42330	-0.07018	0.02533	89.94938	0.44010	0.00088	1.00000	-0.00123	-1.00000	0.00088	0.00044	0.00044	0.00122	1.00000	
1026.09089	-613.29808	381.38053	-0.07159	0.03322	89.93242	0.43981	0.00118	1.00000	-0.00125	-1.00000	0.00118	0.00058	0.00058	0.00125	1.00000	
1026.14589	-613.25022	381.22191	-0.06549	0.02589	89.93230	0.42964	0.00118	1.00000	-0.00114	-1.00000	0.00118	0.00045	0.00045	0.00114	1.00000	
1025.74995	-613.29639	381.09071	-0.06717	0.03967	89.92794	0.44354	0.00126	1.00000	-0.00117	-1.00000	0.00126	0.00069	0.00069	0.00117	1.00000	
1025.68129	-613.35508	381.15421	-0.06873	0.03872	89.92510	0.39267	0.00131	1.00000	-0.00120	-1.00000	0.00131	0.00067	0.00068	0.00120	1.00000	
1025.86745	-613.07146	380.47542	-0.05225	0.04111	89.93155	0.40489	0.00119	1.00000	-0.00091	-1.00000	0.00120	0.00072	0.00072	0.00091	1.00000	
1026.24998	-612.98105	380.59511	-0.05107	0.03091	89.93770	0.39486	0.00109	1.00000	-0.00089	-1.00000	0.00109	0.00054	0.00054	0.00089	1.00000	
1026.46814	-612.92419	380.67704	-0.05198	0.02685	89.94183	0.38361	0.00102	1.00000	-0.00091	-1.00000	0.00102	0.00047	0.00047	0.00091	1.00000	
1026.32867	-612.96246	380.63365	-0.05361	0.03347	89.93990	0.36374	0.00105	1.00000	-0.00094	-1.00000	0.00105	0.00058	0.00058	0.00094	1.00000	
1026.20979	-612.96856	380.48949	-0.05037	0.03367	89.93693	0.41444	0.00110	1.00000	-0.00088	-1.00000	0.00110	0.00059	0.00059	0.00088	1.00000	
1025.97740	-613.14287	380.92695	-0.05894	0.02912	89.92953	0.38463	0.00123	1.00000	-0.00103	-1.00000	0.00123	0.00051	0.00051	0.00103	1.00000	
1025.94325	-613.16904	380.92346	-0.06162	0.03554	89.93079	0.44484	0.00121	1.00000	-0.00108	-1.00000	0.00121	0.00062	0.00062	0.00108	1.00000	
1026.15935	-613.11224	381.06040	-0.06304	0.02891	89.93510	0.45095	0.00113	1.00000	-0.00110	-1.00000	0.00113	0.00050	0.00050	0.00110	1.00000	
1024.79245	-613.64550	381.59527	-0.08191	0.04675	89.90554	0.48192	0.00165	1.00000	-0.00143	-1.00000	0.00165	0.00081	0.00082	0.00143	1.00000	
1025.41023	-613.30317	381.11147	-0.07217	0.05103	89.92292	0.48167	0.00135	1.00000	-0.00126	-1.00000	0.00135	0.00089	0.00089	0.00126	1.00000	
1025.75311	-613.24038	381.40970	-0.07346	0.03342	89.92759	0.45376	0.00126	1.00000	-0.00128	-1.00000	0.00126	0.00058	0.00058	0.00128	1.00000	
1024.46963	-613.66035	381.47936	-0.07907	0.04674	89.90070	0.49752	0.00173	1.00000	-0.00138	-1.00000	0.00173	0.00081	0.00082	0.00138	1.00000	
1025.02675	-613.47784	381.43966	-0.07930	0.04969	89.91615	0.48331	0.00146	1.00000	-0.00139	-1.00000	0.00146	0.00087	0.00087	0.00138	1.00000	
1025.06053	-613.35227	380.82930	-0.06503	0.05652	89.91993	0.48804	0.00140	1.00000	-0.00114	-1.00000	0.00140	0.00098	0.00099	0.00114	1.00000	
1026.24784	-613.04044	381.15795	-0.06612	0.03636	89.94349	0.45389	0.00099	1.00000	-0.00115	-1.00000	0.00099	0.00063	0.00063	0.00115	1.00000	
1026.28124	-613.04035	381.10844	-0.06496	0.04039	89.94398	0.47342	0.00098	1.00000	-0.00113	-1.00000	0.00098	0.00070	0.00070	0.00113	1.00000	
1026.31161	-613.10968	381.18460	-0.06544	0.03631	89.94341	0.42807	0.00099	1.00000	-0.00114	-1.00000	0.00099	0.00063	0.00063	0.00114	1.00000	
1026.32002	-612.98166	380.94597	-0.06135	0.04323	89.94576	0.43062	0.00095	1.00000	-0.00107	-1.00000	0.00095	0.00075	0.00075	0.00107	1.00000	
1025.88756	-613.09956	380.77908	-0.05781	0.04041	89.93401	0.43745	0.00115	1.00000	-0.00101	-1.00000	0.00115	0.00070	0.00071	0.00101	1.00000	
1025.41458	-613.37120	381.26727	-0.06986	0.03932	89.92262	0.45050	0.00135	1.00000	-0.00122	-1.00000	0.00135	0.00068	0.00069	0.00122	1.00000	
1025.43207	-613.15458	380.55553	-0.05663	0.05093	89.92758	0.46731	0.00126	1.00000	-0.00099	-1.00000	0.00126	0.00089	0.00089	0.00099	1.00000	
1025.40299	-613.47734	381.65983	-0.07665	0.02575	89.91971	0.47350	0.00140	1.00000	-0.00134	-1.00000	0.00140	0.00045	0.00045	0.00134	1.00000	
1025.73340	-613.21089	380.99145	-0.06572	0.04521	89.93267	0.42674	0.00118	1.00000	-0.00115	-1.00000	0.00118	0.00079	0.00079	0.00115	1.00000	
1026.43612	-612.99762	381.09668	-0.06348	0.03226	89.94719	0.43827	0.00092	1.00000	-0.00111	-1.00000	0.00092	0.00056	0.00056	0.00111	1.00000	
1025.66743	-613.27085	380.93280	-0.06437	0.04764	89.92972	0.45886	0.00123	1.00000	-0.00112	-1.00000	0.00123	0.00083	0.00083	0.00112	1.00000	
1025.77630	-613.20274	380.80871	-0.06162	0.04840	89.93264	0.49756	0.00118	1.00000	-0.00108	-1.00000	0.00118	0.00084	0.00084	0.00108	1.00000	
1026.81512	-612.87349	380.85337	-0.05641	0.03249	89.95410	0.45771	0.00080	1.00000	-0.00099	-1.00000	0.00080	0.00057	0.00057	0.00098	1.00000	
1026.55168	-613.01363	380.98283	-0.06178	0.03740	89.94937	0.48185	0.00088	1.00000	-0.00108	-1.00000	0.00088	0.00065	0.00065	0.00108	1.00000	
1026.99447	-612.67044	380.06230	-0.04176	0.04547	89.96133	0.47570	0.00068	1.00000	-0.00073	-1.00000	0.00068	0.00079	0.00079	0.00073	1.00000	
1027.78226	-612.45288	380.06782	-0.03518	0.02530	89.97503	0.45155	0.00044	1.00000	-0.00061	-1.00000	0.00044	0.00044	0.00044	0.00061	1.00000	
1026.71384	-612.88196	380.20617	-0.04039	0.03035	89.94766	0.46927	0.00091	1.00000	-0.00071	-1.00000	0.00091	0.00053	0.00053	0.00070	1.00000	
1026.87324	-612.71678	380.15654	-0.03923	0.03071	89.95347	0.44854	0.00081	1.00000	-0.00069	-1.00000	0.00081	0.00054	0.00054	0.00068	1.00000	
1026.79182	-612.75606	380.21070	-0.04205	0.03470	89.95229	0.47496	0.00083	1.00000	-0.00073	-1.00000	0.00083	0.00061	0.00061	0.00073	1.00000	
1026.24396	-612.97841	380.52270	-0.04901	0.03238	89.93741	0.47609	0.00109	1.00000	-0.00086	-1.00000	0.00109	0.00056	0.00057	0.00086	1.00000	
1026.33614	-612.95385	380.47388	-0.04768	0.03203	89.94057	0.47601	0.00104	1.00000	-0.00083	-1.00000	0.00104	0.00056	0.00056	0.00083	1.00000	
1026.74874	-612.81684	380.35894	-0.04655	0.03690	89.95216	0.48906	0.00083	1.00000	-0.00081	-1.00000	0.00084	0.00064	0.00064	0.00081	1.00000	
1026.80078	-612.80759	380.41910	-0.04651	0.03478	89.95299	0.49510	0.00082	1.00000	-0.00081	-1.00000	0.00082	0.00061	0.00061	0.00081	1.00000	
1026.16894	-613.08632	380.79074	-0.05730	0.03982	89.93861	0.51440	0.00107	1.00000	-0.00100	-1.00000	0.00107	0.00069	0.00069	0.00100	1.00000	
1026.09664	-613.07996	380.66228	-0.05157	0.03208	89.93485	0.48866	0.00114	1.00000	-0.00090	-1.00000	0.00114	0.00056	0.00056	0.00090	1.00000	
1025.75139	-613.28442	381.14352	-0.05813	0.01502	89.92308	0.47199	0.00134	1.00000	-0.00101	-1.00000	0.00134	0.00026	0.00026	0.00101	1.00000	
1026.43221	-612.89786	380.84963	-0.05225	0.01757	89.94149	0.46108	0.00102	1.00000	-0.00091	-1.00000	0.00102	0.00031	0.00031	0.00091	1.00000	
1025.80523	-613.20370	381.30449	-0.06486	0.02002	89.92660	0.48602	0.00128	1.00000	-0.00113	-1.00000	0.00128	0.00035	0.00035	0.00113	1.00000	
1025.77324	-613.15630	381.16744	-0.05789	0.00967	89.92363	0.50419	0.00133	1.00000	-0.00101	-1.00000	0.00133	0.00017	0.00017	0.00101	1.00000	
1025.17513	-613.39443	381.35462	-0.06678	0.02084	89.91225	0.50327	0.00153	1.00000	-0.00117	-1.00000	0.00153	0.00036	0.00036	0.00117	1.00000	
1025.71743	-613.20523	381.24341	-0.06093	0.01227	89.92329	0.51671	0.00134	1.00000	-0.00106	-1.00000	0.00134	0.00021	0.00021	0.00106	1.00000	
1025.81305	-613.24231	381.44775	-0.06720	0.01363	89.92652	0.48713	0.00128	1.00000	-0.00117	-1.00000	0.00128	0.00024	0.00024	0.00117	1.00000	
1026.02933	-613.03618	381.04479	-0.06107	0.02431	89.93636	0.50346	0.00111	1.00000	-0.00107	-1.00000	0.00111	0.00042	0.00042	0.00107	1.00000	
1026.14015	-612.93719	380.77591	-0.05512	0.02465	89.93925	0.51176	0.00106	1.00000	-0.00096	-1.00000	0.00106	0.00043	0.00043	0.00096	1.00000	
1025.83887	-613.09016	380.96936	-0.06326	0.03697	89.93375	0.46710	0.00116	1.00000	-0.00110	-1.00000	0.00116	0.00064	0.00065	0.00110	1.00000	
1026.01117	-612.94909	380.60626	-0.05513	0.03739	89.93830	0.47882	0.00108	1.00000	-0.00096	-1.00000	0.00108	0.00065	0.00065	0.00096	1.00000	
1025.98662	-613.06683	381.21511	-0.06517	0.02321	89.93516	0.44462	0.00113	1.00000	-0.00114	-1.00000	0.00113	0.00040	0.00041	0.00114	1.00000	
1026.42182	-612.98225	381.20881	-0.06525	0.02467	89.94495	0.43343	0.00096	1.00000	-0.00114	-1.00000	0.00096	0.00043	0.00043	0.00114	1.00000	
1026.34831	-613.01491	381.22917	-0.06373	0.01758	89.94117	0.45027	0.00103	1.00000	-0.00111	-1.00000	0.00103	0.00031	0.00031	0.00111	1.00000	
1026.01161	-613.16932	381.31009	-0.06857	0.02856	89.93533	0.45280	0.00113	1.00000	-0.00120	-1.00000	0.00113	0.00050	0.00050	0.00120	1.00000	
1026.04572	-613.11756	381.12786	-0.06551	0.03122	89.93689	0.45370	0.00110	1.00000	-0.00114	-1.00000	0.00110	0.00054	0.00054	0.00114	1.00000	
1025.86848	-613.17358	381.20766	-0.06802	0.03450	89.93239	0.49021	0.00118	1.00000	-0.00119	-1.00000	0.00118	0.00060	0.00060	0.00119	1.00000	
1026.63485	-612.84155	380.80437	-0.05432	0.02529	89.94947	0.44901	0.00088	1.00000	-0.00095	-1.00000	0.00088	0.00044	0.00044	0.00095	1.00000	
1026.20648	-612.99208	380.78785	-0.05731	0.03477	89.94148	0.42054	0.00102	1.00000	-0.00100	-1.00000	0.00102	0.00061	0.00061	0.00100	1.00000	
1026.11491	-613.08061	380.89642	-0.06282	0.04412	89.94002	0.43137	0.00105	1.00000	-0.00110	-1.00000	0.00105	0.00077	0.00077	0.00110	1.00000	
1025.83279	-613.11776	380.87193	-0.05793	0.03151	89.93032	0.42523	0.00122	1.00000	-0.00101	-1.00000	0.00122	0.00055	0.00055	0.00101	1.00000	
1025.93004	-613.09570	380.75086	-0.05480	0.03381	89.93262	0.44444	0.00118	1.00000	-0.00096	-1.00000	0.00118	0.00059	0.00059	0.00096	1.00000	
1026.56376	-612.76957	380.35447	-0.04624	0.03964	89.94994	0.42981	0.00087	1.00000	-0.00081	-1.00000	0.00087	0.00069	0.00069	0.00081	1.00000	
1025.54849	-613.10183	380.43750	-0.05491	0.06066	89.93008	0.48778	0.00122	1.00000	-0.00096	-1.00000	0.00122	0.00106	0.00106	0.00096	1.00000	
1025.98790	-612.91463	380.29294	-0.05397	0.06948	89.94353	0.48063	0.00099	1.00000	-0.00094	-1.00000	0.00099	0.00121	0.00121	0.00094	1.00000	
1025.20166	-613.37784	381.02503	-0.07071	0.06615	89.92355	0.51272	0.00133	1.00000	-0.00124	-1.00000	0.00134	0.00115	0.00115	0.00123	1.00000	
1026.71672	-612.79479	380.70969	-0.05919	0.05590	89.95975	0.50034	0.00070	1.00000	-0.00103	-1.00000	0.00070	0.00097	0.00098	0.00103	1.00000	
1025.13637	-613.50927	381.44087	-0.07822	0.05552	89.91895	0.50592	0.00141	1.00000	-0.00137	-1.00000	0.00142	0.00097	0.00097	0.00137	1.00000	
1025.72708	-613.09359	380.78885	-0.06127	0.05506	89.93645	0.52839	0.00111	1.00000	-0.00107	-1.00000	0.00111	0.00096	0.00096	0.00107	1.00000	
1025.85071	-613.11331	380.99279	-0.06667	0.05619	89.94035	0.49983	0.00104	1.00000	-0.00116	-1.00000	0.00104	0.00098	0.00098	0.00116	1.00000	
1025.57073	-613.21942	381.06550	-0.06863	0.05427	89.93365	0.52991	0.00116	1.00000	-0.00120	-1.00000	0.00116	0.00095	0.00095	0.00120	1.00000	
1024.82005	-613.41990	380.87355	-0.06614	0.06080	89.91776	0.52658	0.00144	1.00000	-0.00116	-1.00000	0.00144	0.00106	0.00106	0.00115	1.00000	
1024.97228	-613.37195	380.91758	-0.06779	0.06189	89.92140	0.50202	0.00137	1.00000	-0.00118	-1.00000	0.00137	0.00108	0.00108	0.00118	1.00000	
1023.82310	-613.81977	381.20843	-0.07351	0.05624	89.89168	0.51687	0.00189	1.00000	-0.00128	-1.00000	0.00189	0.00098	0.00098	0.00128	1.00000	
1023.86630	-613.71088	380.86413	-0.06760	0.06262	89.89542	0.50380	0.00183	1.00000	-0.00118	-1.00000	0.00183	0.00109	0.00109	0.00118	1.00000	
1023.96382	-613.63482	380.69264	-0.05904	0.04951	89.89444	0.47664	0.00184	1.00000	-0.00103	-1.00000	0.00184	0.00086	0.00086	0.00103	1.00000	
1024.41514	-613.47867	380.62345	-0.06348	0.06794	89.90970	0.47487	0.00158	1.00000	-0.00111	-1.00000	0.00158	0.00118	0.00119	0.00111	1.00000	
1023.86750	-613.78120	381.01477	-0.07176	0.05776	89.89307	0.51477	0.00187	1.00000	-0.00125	-1.00000	0.00187	0.00101	0.00101	0.00125	1.00000	
1023.50088	-613.88788	381.05695	-0.07320	0.06006	89.88489	0.51415	0.00201	1.00000	-0.00128	-1.00000	0.00201	0.00105	0.00105	0.00128	1.00000	
1023.78521	-613.82325	381.12102	-0.07375	0.05939	89.89143	0.50911	0.00190	1.00000	-0.00129	-1.00000	0.00190	0.00103	0.00104	0.00129	1.00000	
1024.67113	-613.36283	380.56245	-0.06116	0.06609	89.91673	0.48697	0.00145	1.00000	-0.00107	-1.00000	0.00145	0.00115	0.00115	0.00107	1.00000	
1025.05721	-613.25088	380.61750	-0.06075	0.05754	89.92386	0.48404	0.00133	1.00000	-0.00106	-1.00000	0.00133	0.00100	0.00100	0.00106	1.00000	
1024.33265	-613.69839	381.34059	-0.07222	0.03797	89.89976	0.49177	0.00175	1.00000	-0.00126	-1.00000	0.00175	0.00066	0.00066	0.00126	1.00000	
1024.85775	-613.41017	380.91379	-0.06420	0.04704	89.91550	0.45106	0.00147	1.00000	-0.00112	-1.00000	0.00148	0.00082	0.00082	0.00112	1.00000	
1024.95660	-613.35313	380.80575	-0.06101	0.04783	89.91718	0.46322	0.00145	1.00000	-0.00107	-1.00000	0.00145	0.00083	0.00083	0.00106	1.00000	
1025.05428	-613.38400	381.03769	-0.06452	0.04023	89.91772	0.47564	0.00144	1.00000	-0.00113	-1.00000	0.00144	0.00070	0.00070	0.00113	1.00000	
1025.13200	-613.32099	380.79023	-0.06038	0.04779	89.92161	0.48508	0.00137	1.00000	-0.00106	-1.00000	0.00137	0.00083	0.00083	0.00105	1.00000	
1025.64810	-613.23783	381.08022	-0.06114	0.02773	89.92851	0.47564	0.00125	1.00000	-0.00107	-1.00000	0.00125	0.00048	0.00048	0.00107	1.00000	
1024.65631	-613.56276	381.02767	-0.06102	0.03173	89.90475	0.46274	0.00166	1.00000	-0.00107	-1.00000	0.00166	0.00055	0.00055	0.00106	1.00000	
1025.15032	-613.26756	380.54342	-0.04977	0.03688	89.91879	0.47290	0.00142	1.00000	-0.00087	-1.00000	0.00142	0.00064	0.00064	0.00087	1.00000	
1025.95803	-613.10171	380.98060	-0.05478	0.01624	89.93304	0.48282	0.00117	1.00000	-0.00096	-1.00000	0.00117	0.00028	0.00028	0.00096	1.00000	
1024.82921	-613.57738	381.29301	-0.06235	0.01686	89.90405	0.52252	0.00167	1.00000	-0.00109	-1.00000	0.00168	0.00029	0.00029	0.00109	1.00000	
1025.15502	-613.39083	381.01324	-0.06070	0.03446	89.91689	0.54856	0.00145	1.00000	-0.00106	-1.00000	0.00145	0.00060	0.00060	0.00106	1.00000	
1024.69007	-613.57497	381.01354	-0.06160	0.04007	89.90685	0.49691	0.00163	1.00000	-0.00108	-1.00000	0.00163	0.00070	0.00070	0.00108	1.00000	
1025.54211	-613.31781	380.94237	-0.05750	0.03319	89.92571	0.50395	0.00130	1.00000	-0.00100	-1.00000	0.00130	0.00058	0.00058	0.00100	1.00000	
1025.04823	-613.44731	380.88412	-0.05979	0.04614	89.91747	0.51315	0.00144	1.00000	-0.00104	-1.00000	0.00144	0.00080	0.00081	0.00104	1.00000	
1025.78016	-613.15046	380.74848	-0.05655	0.04550	89.93648	0.46889	0.00111	1.00000	-0.00099	-1.00000	0.00111	0.00079	0.00079	0.00099	1.00000	
1025.89517	-613.11702	380.75191	-0.05894	0.05118	89.94088	0.46101	0.00103	1.00000	-0.00103	-1.00000	0.00103	0.00089	0.00089	0.00103	1.00000	
1025.30242	-613.27601	380.68645	-0.05931	0.05463	89.92677	0.48927	0.00128	1.00000	-0.00104	-1.00000	0.00128	0.00095	0.00095	0.00104	1.00000	
1025.30352	-613.35359	381.00625	-0.06571	0.04700	89.92410	0.44932	0.00132	1.00000	-0.00115	-1.00000	0.00133	0.00082	0.00082	0.00115	1.00000	
1025.76058	-613.11740	380.57395	-0.05300	0.03892	89.93452	0.42639	0.00114	1.00000	-0.00093	-1.00000	0.00114	0.00068	0.00068	0.00093	1.00000	
1025.14499	-613.29914	380.50107	-0.05409	0.04544	89.92155	0.44624	0.00137	1.00000	-0.00095	-1.00000	0.00137	0.00079	0.00079	0.00094	1.00000	
1025.64357	-613.22942	380.78386	-0.06073	0.04686	89.93304	0.49284	0.00117	1.00000	-0.00106	-1.00000	0.00117	0.00082	0.00082	0.00106	1.00000	
1025.81171	-613.11833	380.36427	-0.05079	0.04872	89.93717	0.48306	0.00110	1.00000	-0.00089	-1.00000	0.00110	0.00085	0.00085	0.00089	1.00000	
1025.70310	-613.29515	380.80895	-0.05941	0.04130	89.93053	0.48035	0.00121	1.00000	-0.00104	-1.00000	0.00121	0.00072	0.00072	0.00104	1.00000	
1025.78785	-613.29503	380.63372	-0.05637	0.04225	89.93275	0.48186	0.00117	1.00000	-0.00098	-1.00000	0.00117	0.00074	0.00074	0.00098	1.00000	
1025.99586	-613.14528	380.31961	-0.04757	0.03708	89.93629	0.47181	0.00111	1.00000	-0.00083	-1.00000	0.00111	0.00065	0.00065	0.00083	1.00000	
1026.43964	-612.97580	380.16428	-0.04813	0.04736	89.95061	0.49260	0.00086	1.00000	-0.00084	-1.00000	0.00086	0.00083	0.00083	0.00084	1.00000	
1025.27032	-613.39557	380.33908	-0.05267	0.04872	89.92225	0.50191	0.00136	1.00000	-0.00092	-1.00000	0.00136	0.00085	0.00085	0.00092	1.00000	
1025.91794	-613.28001	380.56044	-0.05734	0.04466	89.93793	0.49792	0.00108	1.00000	-0.00100	-1.00000	0.00108	0.00078	0.00078	0.00100	1.00000	
1025.15870	-613.43241	380.34754	-0.05030	0.04457	89.91884	0.49314	0.00142	1.00000	-0.00088	-1.00000	0.00142	0.00078	0.00078	0.00088	1.00000	
1025.41134	-613.33094	380.25059	-0.04912	0.04841	89.92668	0.51222	0.00128	1.00000	-0.00086	-1.00000	0.00128	0.00084	0.00084	0.00086	1.00000	
1025.95480	-613.26448	380.70051	-0.05470	0.03161	89.93613	0.46785	0.00111	1.00000	-0.00096	-1.00000	0.00112	0.00055	0.00055	0.00095	1.00000	
1025.64776	-613.45032	380.77251	-0.05670	0.02997	89.92741	0.49848	0.00127	1.00000	-0.00099	-1.00000	0.00127	0.00052	0.00052	0.00099	1.00000	
1026.23331	-613.09059	380.21865	-0.04932	0.05042	89.94675	0.48374	0.00093	1.00000	-0.00086	-1.00000	0.00093	0.00088	0.00088	0.00086	1.00000	
1024.88610	-613.67706	380.75295	-0.06407	0.05427	89.91341	0.51205	0.00151	1.00000	-0.00112	-1.00000	0.00151	0.00095	0.00095	0.00112	1.00000	
1025.28354	-613.44639	380.35613	-0.05247	0.04661	89.92287	0.51844	0.00135	1.00000	-0.00092	-1.00000	0.00135	0.00081	0.00081	0.00092	1.00000	
1026.41161	-613.00904	380.02259	-0.04341	0.04691	89.95164	0.51672	0.00084	1.00000	-0.00076	-1.00000	0.00084	0.00082	0.00082	0.00076	1.00000	
1025.79517	-613.28051	380.33591	-0.05249	0.04802	89.93668	0.49979	0.00111	1.00000	-0.00092	-1.00000	0.00111	0.00084	0.00084	0.00092	1.00000	
1026.02729	-613.12469	380.08261	-0.04793	0.05485	89.94397	0.52377	0.00098	1.00000	-0.00084	-1.00000	0.00098	0.00096	0.00096	0.00084	1.00000	
1026.37884	-613.00356	379.99720	-0.04217	0.04500	89.94981	0.48925	0.00088	1.00000	-0.00074	-1.00000	0.00088	0.00078	0.00079	0.00074	1.00000	
1025.47134	-613.41359	380.45364	-0.05545	0.05255	89.93015	0.51184	0.00122	1.00000	-0.00097	-1.00000	0.00122	0.00092	0.00092	0.00097	1.00000	
1025.73787	-613.22606	380.18504	-0.04546	0.04716	89.93648	0.50621	0.00111	1.00000	-0.00079	-1.00000	0.00111	0.00082	0.00082	0.00079	1.00000	
1026.04895	-613.15974	380.23258	-0.04195	0.03626	89.94008	0.49570	0.00105	1.00000	-0.00073	-1.00000	0.00105	0.00063	0.00063	0.00073	1.00000	
1026.38666	-613.06013	380.22528	-0.04095	0.03630	89.94826	0.50216	0.00090	1.00000	-0.00072	-1.00000	0.00090	0.00063	0.00063	0.00071	1.00000	
1026.58188	-613.12145	380.43443	-0.04507	0.03502	89.95033	0.47724	0.00087	1.00000	-0.00079	-1.00000	0.00087	0.00061	0.00061	0.00079	1.00000	
1026.91449	-612.83076	379.78739	-0.02917	0.03701	89.95882	0.47034	0.00072	1.00000	-0.00051	-1.00000	0.00072	0.00065	0.00065	0.00051	1.00000	
1027.48046	-612.76308	380.18117	-0.03493	0.02310	89.96870	0.50217	0.00055	1.00000	-0.00061	-1.00000	0.00055	0.00040	0.00040	0.00061	1.00000	
1026.95532	-612.97409	380.31252	-0.04126	0.03380	89.95849	0.49542	0.00072	1.00000	-0.00072	-1.00000	0.00072	0.00059	0.00059	0.00072	1.00000	
1026.16063	-613.22031	380.32559	-0.04087	0.02849	89.93844	0.48902	0.00107	1.00000	-0.00071	-1.00000	0.00107	0.00050	0.00050	0.00071	1.00000	
1026.73552	-612.97089	380.01148	-0.03739	0.03774	89.95593	0.46788	0.00077	1.00000	-0.00065	-1.00000	0.00077	0.00066	0.00066	0.00065	1.00000	
1025.44687	-613.57379	380.82941	-0.05217	0.02156	89.91888	0.48425	0.00142	1.00000	-0.00091	-1.00000	0.00142	0.00037	0.00038	0.00091	1.00000	
1026.14973	-613.21928	380.17964	-0.04110	0.03582	89.94093	0.47759	0.00103	1.00000	-0.00072	-1.00000	0.00103	0.00062	0.00063	0.00072	1.00000	
1025.67429	-613.49706	380.42487	-0.04496	0.02457	89.92623	0.49328	0.00129	1.00000	-0.00079	-1.00000	0.00129	0.00043	0.00043	0.00078	1.00000	
1026.81080	-613.12158	380.42700	-0.04205	0.01801	89.95403	0.47700	0.00080	1.00000	-0.00073	-1.00000	0.00080	0.00031	0.00031	0.00073	1.00000	
1026.18534	-613.28669	380.28034	-0.04651	0.04348	89.94465	0.50059	0.00097	1.00000	-0.00081	-1.00000	0.00097	0.00076	0.00076	0.00081	1.00000	
1026.75451	-613.08590	380.38000	-0.04918	0.04779	89.96082	0.49073	0.00068	1.00000	-0.00086	-1.00000	0.00068	0.00083	0.00083	0.00086	1.00000	
1026.46987	-613.19596	380.35957	-0.04614	0.04136	89.95145	0.46791	0.00085	1.00000	-0.00081	-1.00000	0.00085	0.00072	0.00072	0.00081	1.00000	
1026.28342	-613.30270	380.52110	-0.04796	0.03617	89.94576	0.44441	0.00095	1.00000	-0.00084	-1.00000	0.00095	0.00063	0.00063	0.00084	1.00000	
1026.31595	-613.33703	380.81903	-0.05757	0.04522	89.94950	0.46768	0.00088	1.00000	-0.00101	-1.00000	0.00088	0.00079	0.00079	0.00100	1.00000	
1026.62316	-613.20207	380.75139	-0.05627	0.04766	89.95746	0.49288	0.00074	1.00000	-0.00098	-1.00000	0.00074	0.00083	0.00083	0.00098	1.00000	
1025.96135	-613.43885	380.82763	-0.05888	0.04779	89.94173	0.46992	0.00102	1.00000	-0.00103	-1.00000	0.00102	0.00083	0.00083	0.00103	1.00000	
1026.62175	-613.22228	381.01149	-0.06503	0.05145	89.96048	0.49230	0.00069	1.00000	-0.00114	-1.00000	0.00069	0.00090	0.00090	0.00113	1.00000	
1025.46096	-613.77231	381.62598	-0.07714	0.04052	89.92812	0.49969	0.00125	1.00000	-0.00135	-1.00000	0.00126	0.00071	0.00071	0.00135	1.00000	
1026.76193	-613.07008	380.42404	-0.04874	0.04883	89.96271	0.52673	0.00065	1.00000	-0.00085	-1.00000	0.00065	0.00085	0.00085	0.00085	1.00000	
1026.07821	-613.48426	380.86741	-0.05983	0.04647	89.94294	0.55899	0.00100	1.00000	-0.00104	-1.00000	0.00100	0.00081	0.00081	0.00104	1.00000	
1026.55548	-613.33206	380.53782	-0.05259	0.04996	89.95570	0.52932	0.00077	1.00000	-0.00092	-1.00000	0.00077	0.00087	0.00087	0.00092	1.00000	
1026.51630	-613.33479	380.26211	-0.04717	0.05159	89.95269	0.50013	0.00083	1.00000	-0.00082	-1.00000	0.00083	0.00090	0.00090	0.00082	1.00000	
1026.21671	-613.72223	380.93027	-0.06175	0.03959	89.94015	0.51551	0.00104	1.00000	-0.00108	-1.00000	0.00105	0.00069	0.00069	0.00108	1.00000	
1026.85062	-613.35322	380.01860	-0.04433	0.04886	89.95796	0.54679	0.00073	1.00000	-0.00077	-1.00000	0.00073	0.00085	0.00085	0.00077	1.00000	
1026.78437	-613.40293	380.11398	-0.04576	0.04550	89.95545	0.50424	0.00078	1.00000	-0.00080	-1.00000	0.00078	0.00079	0.00079	0.00080	1.00000	
1026.13177	-613.71891	380.25877	-0.05167	0.04980	89.93928	0.55849	0.00106	1.00000	-0.00090	-1.00000	0.00106	0.00087	0.00087	0.00090	1.00000	
1026.79041	-613.29433	379.48667	-0.03638	0.06653	89.96095	0.53732	0.00068	1.00000	-0.00064	-1.00000	0.00068	0.00116	0.00116	0.00063	1.00000	
1026.60259	-613.37418	379.57788	-0.03554	0.06152	89.95531	0.52083	0.00078	1.00000	-0.00062	-1.00000	0.00078	0.00107	0.00107	0.00062	1.00000	
1027.07852	-613.18808	379.24299	-0.02516	0.05692	89.96612	0.44985	0.00059	1.00000	-0.00044	-1.00000	0.00059	0.00099	0.00099	0.00044	1.00000	
1027.16435	-613.04231	379.16209	-0.02129	0.05392	89.96974	0.46086	0.00053	1.00000	-0.00037	-1.00000	0.00053	0.00094	0.00094	0.00037	1.00000	
1027.36967	-612.89555	378.84539	-0.01320	0.05282	89.97472	0.47676	0.00044	1.00000	-0.00023	-1.00000	0.00044	0.00092	0.00092	0.00023	1.00000	
1026.57616	-613.29491	379.41779	-0.02609	0.04831	89.95429	0.48995	0.00080	1.00000	-0.00046	-1.00000	0.00080	0.00084	0.00084	0.00046	1.00000	
1027.27738	-613.05824	379.58655	-0.02984	0.04507	89.97198	0.45527	0.00049	1.00000	-0.00052	-1.00000	0.00049	0.00079	0.00079	0.00052	1.00000	
1026.92790	-613.21025	379.60588	-0.03005	0.04185	89.96168	0.46657	0.00067	1.00000	-0.00052	-1.00000	0.00067	0.00073	0.00073	0.00052	1.00000	
1026.91061	-613.22250	379.61321	-0.03069	0.04183	89.96123	0.46733	0.00068	1.00000	-0.00054	-1.00000	0.00068	0.00073	0.00073	0.00054	1.00000	
1027.35021	-613.07572	379.43407	-0.02499	0.03849	89.97222	0.49138	0.00048	1.00000	-0.00044	-1.00000	0.00049	0.00067	0.00067	0.00044	1.00000	
1027.06206	-613.14756	379.34842	-0.02370	0.04362	89.96494	0.49964	0.00061	1.00000	-0.00041	-1.00000	0.00061	0.00076	0.00076	0.00041	1.00000	
1027.31158	-613.07320	379.01927	-0.01715	0.04493	89.97231	0.49909	0.00048	1.00000	-0.00030	-1.00000	0.00048	0.00078	0.00078	0.00030	1.00000	
1026.38456	-613.43765	379.49444	-0.03030	0.04904	89.95141	0.48628	0.00085	1.00000	-0.00053	-1.00000	0.00085	0.00086	0.00086	0.00053	1.00000	
1027.23512	-613.05431	378.85643	-0.01597	0.05063	89.97279	0.47907	0.00047	1.00000	-0.00028	-1.00000	0.00048	0.00088	0.00088	0.00028	1.00000	
1027.50957	-613.01562	379.24625	-0.02585	0.05493	89.98257	0.47911	0.00030	1.00000	-0.00045	-1.00000	0.00030	0.00096	0.00096	0.00045	1.00000	
1026.92204	-613.21832	379.01972	-0.02544	0.06699	89.97001	0.49482	0.00052	1.00000	-0.00044	-1.00000	0.00052	0.00117	0.00117	0.00044	1.00000	
1027.21996	-613.22076	379.29314	-0.02731	0.05189	89.97353	0.52293	0.00046	1.00000	-0.00048	-1.00000	0.00046	0.00091	0.00091	0.00048	1.00000	
1026.58543	-613.37324	378.96657	-0.02529	0.07181	89.96244	0.52290	0.00066	1.00000	-0.00044	-1.00000	0.00066	0.00125	0.00125	0.00044	1.00000	
1026.75926	-613.47638	379.46133	-0.03657	0.06619	89.96339	0.52504	0.00064	1.00000	-0.00064	-1.00000	0.00064	0.00115	0.00116	0.00064	1.00000	
1027.10870	-613.38577	379.60556	-0.03577	0.05410	89.96883	0.51011	0.00054	1.00000	-0.00062	-1.00000	0.00054	0.00094	0.00094	0.00062	1.00000	
1027.19256	-613.45102	379.75933	-0.03965	0.05656	89.97140	0.49878	0.00050	1.00000	-0.00069	-1.00000	0.00050	0.00099	0.00099	0.00069	1.00000	
1026.82776	-613.65752	379.98917	-0.04658	0.06270	89.96218	0.50814	0.00066	1.00000	-0.00081	-1.00000	0.00066	0.00109	0.00109	0.00081	1.00000	
1027.84405	-613.13193	379.29538	-0.02783	0.06328	89.98869	0.51103	0.00020	1.00000	-0.00049	-1.00000	0.00020	0.00110	0.00110	0.00049	1.00000	
1026.85263	-613.60991	379.78767	-0.04038	0.06676	89.96422	0.51026	0.00062	1.00000	-0.00071	-1.00000	0.00063	0.00116	0.00117	0.00070	1.00000	
1027.02498	-613.62152	379.83793	-0.03845	0.05542	89.96646	0.54408	0.00059	1.00000	-0.00067	-1.00000	0.00059	0.00097	0.00097	0.00067	1.00000	
1027.19377	-613.58693	380.03453	-0.04376	0.05585	89.97097	0.51114	0.00051	1.00000	-0.00076	-1.00000	0.00051	0.00097	0.00097	0.00076	1.00000	
1027.05496	-613.51505	379.57190	-0.03604	0.06387	89.97056	0.49583	0.00051	1.00000	-0.00063	-1.00000	0.00051	0.00111	0.00111	0.00063	1.00000	
1027.26927	-613.39406	379.28102	-0.02946	0.06417	89.97700	0.50206	0.00040	1.00000	-0.00051	-1.00000	0.00040	0.00112	0.00112	0.00051	1.00000	
1027.77654	-613.10380	378.93653	-0.02170	0.06963	89.99191	0.50291	0.00014	1.00000	-0.00038	-1.00000	0.00014	0.00122	0.00122	0.00038	1.00000	
1028.08641	-613.05174	379.19285	-0.02473	0.05722	89.99709	0.50605	0.00005	1.00000	-0.00043	-1.00000	0.00005	0.00100	0.00100	0.00043	1.00000	
1027.55708	-613.25997	379.35111	-0.02675	0.05009	89.98267	0.49217	0.00030	1.00000	-0.00047	-1.00000	0.00030	0.00087	0.00087	0.00047	1.00000	
1027.61002	-613.38781	379.89760	-0.03900	0.04569	89.98473	0.49882	0.00027	1.00000	-0.00068	-1.00000	0.00027	0.00080	0.00080	0.00068	1.00000	
1027.40636	-613.47693	380.02629	-0.04225	0.04695	89.97952	0.47241	0.00036	1.00000	-0.00074	-1.00000	0.00036	0.00082	0.00082	0.00074	1.00000	
1026.98757	-613.52330	379.71864	-0.03604	0.05140	89.97092	0.49662	0.00051	1.00000	-0.00063	-1.00000	0.00051	0.00090	0.00090	0.00063	1.00000	
1027.51856	-613.29574	379.48466	-0.03309	0.05996	89.98713	0.47029	0.00022	1.00000	-0.00058	-1.00000	0.00023	0.00105	0.00105	0.00058	1.00000	
1026.75368	-613.56017	379.52392	-0.03878	0.07340	89.97262	0.49896	0.00048	1.00000	-0.00068	-1.00000	0.00048	0.00128	0.00128	0.00068	1.00000	
1026.54635	-613.65295	379.78494	-0.04229	0.06154	89.96486	0.48461	0.00061	1.00000	-0.00074	-1.00000	0.00061	0.00107	0.00107	0.00074	1.00000	
1026.46304	-613.72255	380.06799	-0.04434	0.04491	89.95821	0.46579	0.00073	1.00000	-0.00077	-1.00000	0.00073	0.00078	0.00078	0.00077	1.00000	
1027.04550	-613.51175	379.95941	-0.04237	0.04393	89.97278	0.42906	0.00048	1.00000	-0.00074	-1.00000	0.00048	0.00077	0.00077	0.00074	1.00000	
1026.76083	-613.58970	379.80865	-0.04250	0.05542	89.96794	0.45467	0.00056	1.00000	-0.00074	-1.00000	0.00056	0.00097	0.00097	0.00074	1.00000	
1027.09365	-613.46668	379.78552	-0.04096	0.05298	89.97719	0.45170	0.00040	1.00000	-0.00072	-1.00000	0.00040	0.00092	0.00092	0.00071	1.00000	
1026.61393	-613.59413	379.52859	-0.03040	0.03585	89.95963	0.46650	0.00070	1.00000	-0.00053	-1.00000	0.00070	0.00063	0.00063	0.00053	1.00000	
1027.16810	-613.41319	379.49564	-0.03426	0.05093	89.97849	0.44551	0.00038	1.00000	-0.00060	-1.00000	0.00038	0.00089	0.00089	0.00060	1.00000	
1026.62832	-613.77323	380.12466	-0.04835	0.04901	89.96243	0.44218	0.00066	1.00000	-0.00084	-1.00000	0.00066	0.00085	0.00086	0.00084	1.00000	
1027.11646	-613.47347	379.67078	-0.03674	0.05035	89.97621	0.46845	0.00042	1.00000	-0.00064	-1.00000	0.00042	0.00088	0.00088	0.00064	1.00000	
1027.25973	-613.23335	379.04313	-0.02369	0.05795	89.98187	0.45991	0.00032	1.00000	-0.00041	-1.00000	0.00032	0.00101	0.00101	0.00041	1.00000	
1027.39839	-613.41727	379.78415	-0.03972	0.05225	89.98460	0.45468	0.00027	1.00000	-0.00069	-1.00000	0.00027	0.00091	0.00091	0.00069	1.00000	
1027.03599	-613.66611	380.27525	-0.05015	0.04550	89.97509	0.46940	0.00043	1.00000	-0.00088	-1.00000	0.00044	0.00079	0.00079	0.00088	1.00000	
1027.27838	-613.38271	379.57375	-0.03818	0.06400	89.98531	0.46380	0.00026	1.00000	-0.00067	-1.00000	0.00026	0.00112	0.00112	0.00067	1.00000	
1027.34239	-613.35597	379.68668	-0.04052	0.05938	89.98675	0.46371	0.00023	1.00000	-0.00071	-1.00000	0.00023	0.00104	0.00104	0.00071	1.00000	
1026.84466	-613.57337	379.83283	-0.03914	0.04631	89.97167	0.48343	0.00049	1.00000	-0.00068	-1.00000	0.00049	0.00081	0.00081	0.00068	1.00000	
1026.79186	-613.58793	379.82678	-0.04033	0.05389	89.97123	0.45287	0.00050	1.00000	-0.00070	-1.00000	0.00050	0.00094	0.00094	0.00070	1.00000	
1026.87671	-613.52976	379.66945	-0.03624	0.05623	89.97502	0.41254	0.00044	1.00000	-0.00063	-1.00000	0.00044	0.00098	0.00098	0.00063	1.00000	
1026.56135	-613.62277	379.62247	-0.03323	0.05043	89.96542	0.46125	0.00060	1.00000	-0.00058	-1.00000	0.00060	0.00088	0.00088	0.00058	1.00000	
1026.86814	-613.47106	379.25958	-0.02566	0.05486	89.97326	0.46252	0.00047	1.00000	-0.00045	-1.00000	0.00047	0.00096	0.00096	0.00045	1.00000	
1026.63047	-613.67046	379.46723	-0.02922	0.05454	89.96632	0.45646	0.00059	1.00000	-0.00051	-1.00000	0.00059	0.00095	0.00095	0.00051	1.00000	
1026.41197	-613.71562	379.09649	-0.02266	0.06197	89.96264	0.45522	0.00065	1.00000	-0.00040	-1.00000	0.00065	0.00108	0.00108	0.00040	1.00000	
1026.18832	-613.86476	379.35222	-0.03541	0.07742	89.96082	0.46298	0.00068	1.00000	-0.00062	-1.00000	0.00068	0.00135	0.00135	0.00062	1.00000	
1026.79352	-613.78494	379.63108	-0.03683	0.05935	89.97047	0.47727	0.00052	1.00000	-0.00064	-1.00000	0.00052	0.00104	0.00104	0.00064	1.00000	
1025.80449	-614.16505	379.76752	-0.04366	0.06776	89.94788	0.48542	0.00091	1.00000	-0.00076	-1.00000	0.00091	0.00118	0.00118	0.00076	1.00000	
1026.68901	-613.89356	379.67953	-0.03839	0.05825	89.96689	0.49793	0.00058	1.00000	-0.00067	-1.00000	0.00058	0.00102	0.00102	0.00067	1.00000	
1026.04663	-614.09644	379.63330	-0.04120	0.06848	89.95455	0.48324	0.00079	1.00000	-0.00072	-1.00000	0.00079	0.00119	0.00120	0.00072	1.00000	
1026.30239	-614.03982	379.55633	-0.03826	0.06422	89.95886	0.49113	0.00072	1.00000	-0.00067	-1.00000	0.00072	0.00112	0.00112	0.00067	1.00000	
1026.51417	-613.97716	379.53587	-0.03958	0.06938	89.96617	0.51197	0.00059	1.00000	-0.00069	-1.00000	0.00059	0.00121	0.00121	0.00069	1.00000	
1026.07704	-614.20163	379.71491	-0.04387	0.06814	89.95457	0.48910	0.00079	1.00000	-0.00077	-1.00000	0.00079	0.00119	0.00119	0.00077	1.00000	
1026.34683	-614.03748	379.48804	-0.03417	0.05699	89.95953	0.48220	0.00071	1.00000	-0.00060	-1.00000	0.00071	0.00099	0.00099	0.00060	1.00000	
1026.74529	-613.92074	379.63627	-0.03606	0.04970	89.96800	0.46933	0.00056	1.00000	-0.00063	-1.00000	0.00056	0.00087	0.00087	0.00063	1.00000	
1026.40347	-614.13743	379.99845	-0.04541	0.05248	89.96085	0.49585	0.00068	1.00000	-0.00079	-1.00000	0.00068	0.00092	0.00092	0.00079	1.00000	
1025.85133	-614.19642	379.50838	-0.03489	0.05707	89.94788	0.46263	0.00091	1.00000	-0.00061	-1.00000	0.00091	0.00100	0.00100	0.00061	1.00000	
1026.03421	-614.12543	379.56289	-0.03434	0.05243	89.95197	0.46549	0.00084	1.00000	-0.00060	-1.00000	0.00084	0.00091	0.00092	0.00060	1.00000	
1027.12416	-613.65849	379.07211	-0.02314	0.04881	89.98031	0.44777	0.00034	1.00000	-0.00040	-1.00000	0.00034	0.00085	0.00085	0.00040	1.00000	
1026.58817	-613.93888	379.42127	-0.03344	0.05123	89.96584	0.43289	0.00060	1.00000	-0.00058	-1.00000	0.00060	0.00089	0.00089	0.00058	1.00000	
1026.25237	-614.13060	379.47555	-0.03279	0.04261	89.95289	0.46968	0.00082	1.00000	-0.00057	-1.00000	0.00082	0.00074	0.00074	0.00057	1.00000	
1026.18416	-614.29594	379.55100	-0.03818	0.05108	89.95256	0.47473	0.00083	1.00000	-0.00067	-1.00000	0.00083	0.00089	0.00089	0.00067	1.00000	
1027.52913	-613.72580	378.91621	-0.02132	0.04847	89.98501	0.49002	0.00026	1.00000	-0.00037	-1.00000	0.00026	0.00085	0.00085	0.00037	1.00000	
1027.29209	-613.79041	378.69869	-0.02128	0.06187	89.98238	0.50928	0.00031	1.00000	-0.00037	-1.00000	0.00031	0.00108	0.00108	0.00037	1.00000	
1027.18661	-613.82347	378.69493	-0.01850	0.05451	89.97783	0.51886	0.00039	1.00000	-0.00032	-1.00000	0.00039	0.00095	0.00095	0.00032	1.00000	
1027.32464	-613.88399	379.09220	-0.02622	0.04496	89.98018	0.46279	0.00035	1.00000	-0.00046	-1.00000	0.00035	0.00078	0.00078	0.00046	1.00000	
1026.86272	-613.87069	378.48318	-0.01561	0.06261	89.97315	0.47132	0.00047	1.00000	-0.00027	-1.00000	0.00047	0.00109	0.00109	0.00027	1.00000	
1027.06300	-613.89407	378.75095	-0.01797	0.05204	89.97536	0.49474	0.00043	1.00000	-0.00031	-1.00000	0.00043	0.00091	0.00091	0.00031	1.00000	
1026.40124	-614.18941	378.96972	-0.02088	0.04799	89.95737	0.47287	0.00074	1.00000	-0.00036	-1.00000	0.00074	0.00084	0.00084	0.00036	1.00000	
1025.50003	-614.40745	378.67108	-0.02221	0.07869	89.94292	0.47214	0.00100	1.00000	-0.00039	-1.00000	0.00100	0.00137	0.00137	0.00039	1.00000	
1026.95327	-613.90689	378.61156	-0.01309	0.05760	89.97312	0.44996	0.00047	1.00000	-0.00023	-1.00000	0.00047	0.00101	0.00101	0.00023	1.00000	
1026.73445	-613.97413	378.60665	-0.01225	0.05872	89.96820	0.46350	0.00056	1.00000	-0.00021	-1.00000	0.00056	0.00102	0.00102	0.00021	1.00000	
1025.97997	-614.23892	378.64560	-0.01875	0.07256	89.95390	0.48449	0.00080	1.00000	-0.00033	-1.00000	0.00081	0.00127	0.00127	0.00033	1.00000	
1026.27150	-614.22233	378.97967	-0.02292	0.06080	89.95975	0.49169	0.00070	1.00000	-0.00040	-1.00000	0.00070	0.00106	0.00106	0.00040	1.00000	
1026.18363	-614.17797	378.84878	-0.01879	0.05852	89.95664	0.45981	0.00076	1.00000	-0.00033	-1.00000	0.00076	0.00102	0.00102	0.00033	1.00000	
1025.93392	-614.26929	378.60662	-0.01309	0.05841	89.95184	0.48967	0.00084	1.00000	-0.00023	-1.00000	0.00084	0.00102	0.00102	0.00023	1.00000	
1027.43446	-613.89574	378.96865	-0.01574	0.03976	89.98374	0.46934	0.00028	1.00000	-0.00027	-1.00000	0.00028	0.00069	0.00069	0.00027	1.00000	
1026.44429	-614.40128	379.22107	-0.02149	0.04099	89.95660	0.46132	0.00076	1.00000	-0.00038	-1.00000	0.00076	0.00072	0.00072	0.00038	1.00000	
1027.00047	-614.26699	379.15958	-0.01649	0.03315	89.96761	0.44479	0.00057	1.00000	-0.00029	-1.00000	0.00057	0.00058	0.00058	0.00029	1.00000	
1027.88369	-613.94291	378.87265	-0.01179	0.04232	89.99014	0.44802	0.00017	1.00000	-0.00021	-1.00000	0.00017	0.00074	0.00074	0.00021	1.00000	
1027.47164	-614.16638	378.95106	-0.01938	0.05620	89.98107	0.44612	0.00033	1.00000	-0.00034	-1.00000	0.00033	0.00098	0.00098	0.00034	1.00000	
1026.84101	-614.43350	379.29009	-0.02856	0.05618	89.96474	0.44622	0.00062	1.00000	-0.00050	-1.00000	0.00062	0.00098	0.00098	0.00050	1.00000	
1027.28502	-614.29336	379.33682	-0.02568	0.03782	89.97322	0.45741	0.00047	1.00000	-0.00045	-1.00000	0.00047	0.00066	0.00066	0.00045	1.00000	
1026.86370	-614.36616	379.24749	-0.02906	0.05103	89.96796	0.46799	0.00056	1.00000	-0.00051	-1.00000	0.00056	0.00089	0.00089	0.00051	1.00000	
1027.21606	-614.34713	379.60693	-0.03409	0.03117	89.97226	0.48082	0.00048	1.00000	-0.00060	-1.00000	0.00048	0.00054	0.00054	0.00059	1.00000	
1026.14755	-614.66374	379.47976	-0.03291	0.03243	89.94740	0.48900	0.00092	1.00000	-0.00057	-1.00000	0.00092	0.00057	0.00057	0.00057	1.00000	
1026.24867	-614.57801	379.23327	-0.03369	0.04909	89.95416	0.46982	0.00080	1.00000	-0.00059	-1.00000	0.00080	0.00086	0.00086	0.00059	1.00000	
1026.27585	-614.47426	379.03147	-0.02614	0.04225	89.95431	0.48836	0.00080	1.00000	-0.00046	-1.00000	0.00080	0.00074	0.00074	0.00046	1.00000	
1026.29021	-614.48826	379.12587	-0.03094	0.04817	89.95572	0.49770	0.00077	1.00000	-0.00054	-1.00000	0.00077	0.00084	0.00084	0.00054	1.00000	
1026.71402	-614.42385	379.28452	-0.02879	0.03379	89.96359	0.48981	0.00064	1.00000	-0.00050	-1.00000	0.00064	0.00059	0.00059	0.00050	1.00000	
1025.83742	-614.69220	379.28900	-0.03418	0.05019	89.94605	0.50738	0.00094	1.00000	-0.00060	-1.00000	0.00094	0.00088	0.00088	0.00060	1.00000	
1026.63415	-614.46635	379.50019	-0.03114	0.02718	89.95998	0.50623	0.00070	1.00000	-0.00054	-1.00000	0.00070	0.00047	0.00047	0.00054	1.00000	
1026.58471	-614.47482	379.33370	-0.03189	0.04290	89.96309	0.49431	0.00064	1.00000	-0.00056	-1.00000	0.00064	0.00075	0.00075	0.00056	1.00000	
1027.41400	-614.13207	378.94432	-0.01906	0.03580	89.98279	0.46996	0.00030	1.00000	-0.00033	-1.00000	0.00030	0.00062	0.00062	0.00033	1.00000	
1027.27284	-614.33009	379.50671	-0.02906	0.02605	89.97575	0.49302	0.00042	1.00000	-0.00051	-1.00000	0.00042	0.00045	0.00045	0.00051	1.00000	
1027.24131	-614.39922	379.59426	-0.02959	0.01949	89.97309	0.48062	0.00047	1.00000	-0.00052	-1.00000	0.00047	0.00034	0.00034	0.00052	1.00000	
1027.44209	-614.27490	379.23561	-0.02274	0.02807	89.97932	0.47633	0.00036	1.00000	-0.00040	-1.00000	0.00036	0.00049	0.00049	0.00040	1.00000	
1027.22005	-614.44056	379.54181	-0.03546	0.04437	89.97879	0.44658	0.00037	1.00000	-0.00062	-1.00000	0.00037	0.00077	0.00077	0.00062	1.00000	
1026.78770	-614.58593	379.55589	-0.03489	0.04213	89.96715	0.48708	0.00057	1.00000	-0.00061	-1.00000	0.00057	0.00074	0.00074	0.00061	1.00000	
1027.09301	-614.41852	379.29004	-0.03422	0.05922	89.97940	0.47762	0.00036	1.00000	-0.00060	-1.00000	0.00036	0.00103	0.00103	0.00060	1.00000	
1026.86515	-614.48865	379.58636	-0.03783	0.04868	89.97346	0.50455	0.00046	1.00000	-0.00066	-1.00000	0.00046	0.00085	0.00085	0.00066	1.00000	
1027.07908	-614.33349	379.23225	-0.02896	0.05213	89.98077	0.46954	0.00034	1.00000	-0.00051	-1.00000	0.00034	0.00091	0.00091	0.00051	1.00000	
1027.34241	-614.24874	379.54439	-0.02908	0.03220	89.98390	0.42889	0.00028	1.00000	-0.00051	-1.00000	0.00028	0.00056	0.00056	0.00051	1.00000	
1026.82374	-614.41691	379.63226	-0.02943	0.03057	89.97123	0.45732	0.00050	1.00000	-0.00051	-1.00000	0.00050	0.00053	0.00053	0.00051	1.00000	
1026.50198	-614.56432	379.89541	-0.03702	0.03590	89.96352	0.48565	0.00064	1.00000	-0.00065	-1.00000	0.00064	0.00063	0.00063	0.00065	1.00000	
1026.40264	-614.58819	379.89336	-0.03848	0.04239	89.96420	0.49277	0.00062	1.00000	-0.00067	-1.00000	0.00063	0.00074	0.00074	0.00067	1.00000	
1027.52344	-614.12095	379.58662	-0.02697	0.03453	89.99065	0.45096	0.00016	1.00000	-0.00047	-1.00000	0.00016	0.00060	0.00060	0.00047	1.00000	
1027.32425	-614.26894	379.78480	-0.03522	0.04187	89.98694	0.44340	0.00023	1.00000	-0.00061	-1.00000	0.00023	0.00073	0.00073	0.00061	1.00000	
1027.05282	-614.29131	379.43375	-0.02720	0.04698	89.98129	0.42877	0.00033	1.00000	-0.00047	-1.00000	0.00033	0.00082	0.00082	0.00047	1.00000	
1027.38168	-614.33576	379.96997	-0.03438	0.02650	89.98481	0.45909	0.00027	1.00000	-0.00060	-1.00000	0.00027	0.00046	0.00046	0.00060	1.00000	
1027.07566	-614.41965	379.74875	-0.03153	0.03491	89.97954	0.45572	0.00036	1.00000	-0.00055	-1.00000	0.00036	0.00061	0.00061	0.00055	1.00000	
1027.58908	-614.36161	379.90544	-0.03249	0.02457	89.98838	0.42271	0.00020	1.00000	-0.00057	-1.00000	0.00020	0.00043	0.00043	0.00057	1.00000	
1027.52642	-614.45203	379.99055	-0.03469	0.02352	89.98537	0.46816	0.00026	1.00000	-0.00061	-1.00000	0.00026	0.00041	0.00041	0.00061	1.00000	
1027.42574	-614.33106	379.56114	-0.02731	0.03713	89.98646	0.44162	0.00024	1.00000	-0.00048	-1.00000	0.00024	0.00065	0.00065	0.00048	1.00000	
1027.08324	-614.53513	379.63752	-0.02985	0.03473	89.97652	0.45693	0.00041	1.00000	-0.00052	-1.00000	0.00041	0.00061	0.00061	0.00052	1.00000	
1027.14537	-614.42626	379.58188	-0.03190	0.04745	89.98312	0.45739	0.00029	1.00000	-0.00056	-1.00000	0.00030	0.00083	0.00083	0.00056	1.00000	
1026.69775	-614.67379	380.00510	-0.03987	0.03654	89.96944	0.44670	0.00053	1.00000	-0.00070	-1.00000	0.00053	0.00064	0.00064	0.00070	1.00000	
1026.76822	-614.68689	380.13943	-0.04207	0.03159	89.96979	0.44409	0.00053	1.00000	-0.00073	-1.00000	0.00053	0.00055	0.00055	0.00073	1.00000	
1026.72501	-614.68926	379.94401	-0.03801	0.03276	89.96899	0.43728	0.00054	1.00000	-0.00066	-1.00000	0.00054	0.00057	0.00057	0.00066	1.00000	
1026.99683	-614.51922	379.44324	-0.03007	0.04774	89.97922	0.45274	0.00036	1.00000	-0.00053	-1.00000	0.00036	0.00083	0.00083	0.00052	1.00000	
1027.50915	-614.48167	379.94122	-0.03760	0.03443	89.98770	0.45966	0.00021	1.00000	-0.00066	-1.00000	0.00022	0.00060	0.00060	0.00066	1.00000	
1027.20854	-614.52023	379.65042	-0.03082	0.04164	89.98193	0.48565	0.00032	1.00000	-0.00054	-1.00000	0.00032	0.00073	0.00073	0.00054	1.00000	
1027.38909	-614.53925	379.62339	-0.03304	0.05081	89.98676	0.48001	0.00023	1.00000	-0.00058	-1.00000	0.00023	0.00089	0.00089	0.00058	1.00000	
1027.47202	-614.54636	379.46754	-0.02129	0.03052	89.98291	0.47853	0.00030	1.00000	-0.00037	-1.00000	0.00030	0.00053	0.00053	0.00037	1.00000	
1027.40598	-614.59829	379.20169	-0.01694	0.04001	89.98085	0.47116	0.00033	1.00000	-0.00030	-1.00000	0.00033	0.00070	0.00070	0.00030	1.00000	
1027.37952	-614.69962	379.48933	-0.02322	0.03979	89.98149	0.49285	0.00032	1.00000	-0.00041	-1.00000	0.00032	0.00069	0.00069	0.00041	1.00000	
1027.53440	-614.56707	379.03158	-0.01613	0.05448	89.98814	0.47911	0.00021	1.00000	-0.00028	-1.00000	0.00021	0.00095	0.00095	0.00028	1.00000	
1026.93219	-614.85115	379.19889	-0.02246	0.05644	89.97287	0.47627	0.00047	1.00000	-0.00039	-1.00000	0.00047	0.00098	0.00099	0.00039	1.00000	
1027.87675	-614.45599	379.01675	-0.01468	0.04824	89.99667	0.48443	0.00006	1.00000	-0.00026	-1.00000	0.00006	0.00084	0.00084	0.00026	1.00000	
1026.32186	-615.20194	380.16355	-0.04180	0.04135	89.95644	0.52963	0.00076	1.00000	-0.00073	-1.00000	0.00076	0.00072	0.00072	0.00073	1.00000	
1027.04536	-614.58399	379.00120	-0.02013	0.06260	89.98293	0.50233	0.00030	1.00000	-0.00035	-1.00000	0.00030	0.00109	0.00109	0.00035	1.00000	
1026.75265	-614.73168	379.22299	-0.02309	0.05523	89.97326	0.48755	0.00047	1.00000	-0.00040	-1.00000	0.00047	0.00096	0.00096	0.00040	1.00000	
1027.43673	-614.36847	378.89030	-0.01613	0.05704	89.99322	0.46662	0.00012	1.00000	-0.00028	-1.00000	0.00012	0.00100	0.00100	0.00028	1.00000	
1026.60035	-614.65604	379.08993	-0.02666	0.07323	89.97719	0.49288	0.00040	1.00000	-0.00047	-1.00000	0.00040	0.00128	0.00128	0.00047	1.00000	
1027.10197	-614.38751	378.78912	-0.02047	0.07813	89.99190	0.49718	0.00014	1.00000	-0.00036	-1.00000	0.00014	0.00136	0.00136	0.00036	1.00000	
1026.75273	-614.63989	379.22834	-0.03085	0.07175	89.98162	0.50794	0.00032	1.00000	-0.00054	-1.00000	0.00032	0.00125	0.00125	0.00054	1.00000	
1027.05294	-614.51732	379.11894	-0.02876	0.06995	89.98843	0.49981	0.00020	1.00000	-0.00050	-1.00000	0.00020	0.00122	0.00122	0.00050	1.00000	
1027.53500	-614.25079	378.64656	-0.01865	0.07279	90.00184	0.48224	-0.00003	1.00000	-0.00033	-1.00000	-0.00003	0.00127	0.00127	0.00033	1.00000	
1026.81643	-614.76338	379.65651	-0.03795	0.05454	89.97933	0.46024	0.00036	1.00000	-0.00066	-1.00000	0.00036	0.00095	0.00095	0.00066	1.00000	
1027.43293	-614.62939	379.92098	-0.03918	0.03505	89.98952	0.44436	0.00018	1.00000	-0.00068	-1.00000	0.00018	0.00061	0.00061	0.00068	1.00000	
1027.15270	-614.70334	379.74216	-0.03499	0.03606	89.98396	0.46313	0.00028	1.00000	-0.00061	-1.00000	0.00028	0.00063	0.00063	0.00061	1.00000	
1027.15203	-614.72166	379.83705	-0.04036	0.04346	89.98532	0.46770	0.00026	1.00000	-0.00070	-1.00000	0.00026	0.00076	0.00076	0.00070	1.00000	
1026.85637	-614.75485	379.38269	-0.02936	0.04603	89.97794	0.47858	0.00039	1.00000	-0.00051	-1.00000	0.00039	0.00080	0.00080	0.00051	1.00000	
1026.69899	-614.97452	380.00648	-0.04136	0.03290	89.97045	0.50495	0.00052	1.00000	-0.00072	-1.00000	0.00052	0.00057	0.00057	0.00072	1.00000	
1027.12110	-614.89015	379.93623	-0.04301	0.04233	89.98395	0.47091	0.00028	1.00000	-0.00075	-1.00000	0.00028	0.00074	0.00074	0.00075	1.00000	
1026.37351	-615.12312	379.86402	-0.04237	0.04789	89.96677	0.50040	0.00058	1.00000	-0.00074	-1.00000	0.00058	0.00084	0.00084	0.00074	1.00000	
1027.04191	-614.74990	379.17214	-0.02639	0.05279	89.98500	0.48541	0.00026	1.00000	-0.00046	-1.00000	0.00026	0.00092	0.00092	0.00046	1.00000	
1027.10221	-614.80891	379.22131	-0.03061	0.06068	89.98842	0.47038	0.00020	1.00000	-0.00053	-1.00000	0.00020	0.00106	0.00106	0.00053	1.00000	
1028.15018	-614.52683	379.50556	-0.03078	0.03869	90.00890	0.51166	-0.00016	1.00000	-0.00054	-1.00000	-0.00015	0.00068	0.00068	0.00054	1.00000	
1028.00585	-614.37376	378.90446	-0.01593	0.04248	90.00777	0.49455	-0.00014	1.00000	-0.00028	-1.00000	-0.00014	0.00074	0.00074	0.00028	1.00000	
1027.17442	-614.66229	379.18721	-0.02620	0.05462	89.99040	0.50751	0.00017	1.00000	-0.00046	-1.00000	0.00017	0.00095	0.00095	0.00046	1.00000	
1027.02575	-614.73673	379.21478	-0.02676	0.05420	89.98737	0.50133	0.00022	1.00000	-0.00047	-1.00000	0.00022	0.00095	0.00095	0.00047	1.00000	
1027.13476	-614.75247	379.55804	-0.03582	0.05691	89.99094	0.50538	0.00016	1.00000	-0.00063	-1.00000	0.00016	0.00099	0.00099	0.00063	1.00000	
1027.42274	-614.75467	379.75271	-0.03775	0.04550	89.99560	0.50662	0.00008	1.00000	-0.00066	-1.00000	0.00008	0.00079	0.00079	0.00066	1.00000	
1026.56250	-615.03372	379.85336	-0.04286	0.05777	89.97601	0.49505	0.00042	1.00000	-0.00075	-1.00000	0.00042	0.00101	0.00101	0.00075	1.00000	
1027.32482	-614.72528	379.38148	-0.03100	0.05748	89.99377	0.50947	0.00011	1.00000	-0.00054	-1.00000	0.00011	0.00100	0.00100	0.00054	1.00000	
1027.69254	-614.72424	379.69114	-0.04029	0.06529	90.00456	0.47874	-0.00008	1.00000	-0.00070	-1.00000	-0.00008	0.00114	0.00114	0.00070	1.00000	
1026.57189	-615.00945	379.27460	-0.03310	0.07658	89.97849	0.48711	0.00038	1.00000	-0.00058	-1.00000	0.00038	0.00134	0.00134	0.00058	1.00000	
1027.46015	-614.70602	379.05562	-0.02637	0.07555	89.99888	0.47950	0.00002	1.00000	-0.00046	-1.00000	0.00002	0.00132	0.00132	0.00046	1.00000	
1027.62968	-614.65055	378.92000	-0.01964	0.06673	90.00126	0.48846	-0.00002	1.00000	-0.00034	-1.00000	-0.00002	0.00116	0.00116	0.00034	1.00000	
1027.62042	-614.65792	378.51827	-0.01202	0.07465	90.00035	0.49326	-0.00001	1.00000	-0.00021	-1.00000	-0.00001	0.00130	0.00130	0.00021	1.00000	
1027.54942	-614.98644	379.36056	-0.03194	0.06736	89.99541	0.49306	0.00008	1.00000	-0.00056	-1.00000	0.00008	0.00118	0.00118	0.00056	1.00000	
1027.02787	-615.15721	379.07084	-0.02463	0.06598	89.98013	0.50121	0.00035	1.00000	-0.00043	-1.00000	0.00035	0.00115	0.00115	0.00043	1.00000	
1027.16298	-615.18200	378.87005	-0.02205	0.06888	89.98302	0.49800	0.00030	1.00000	-0.00039	-1.00000	0.00030	0.00120	0.00120	0.00038	1.00000	
1025.71124	-615.81994	379.29155	-0.03461	0.07085	89.94640	0.47538	0.00094	1.00000	-0.00061	-1.00000	0.00094	0.00124	0.00124	0.00060	1.00000	
1025.22627	-615.95817	379.30150	-0.03762	0.08036	89.93710	0.46707	0.00110	1.00000	-0.00066	-1.00000	0.00110	0.00140	0.00140	0.00066	1.00000	
1025.19488	-615.80433	378.77735	-0.02905	0.09343	89.93980	0.48798	0.00105	1.00000	-0.00051	-1.00000	0.00105	0.00163	0.00163	0.00051	1.00000	
1025.74794	-615.58695	378.89048	-0.02873	0.08957	89.95408	0.48047	0.00080	1.00000	-0.00050	-1.00000	0.00080	0.00156	0.00156	0.00050	1.00000	
1024.85257	-615.91905	379.32519	-0.03806	0.08575	89.93145	0.49757	0.00120	1.00000	-0.00067	-1.00000	0.00120	0.00150	0.00150	0.00066	1.00000	
1025.80989	-615.47264	378.90880	-0.02727	0.08430	89.95929	0.49592	0.00071	1.00000	-0.00048	-1.00000	0.00071	0.00147	0.00147	0.00048	1.00000	
1025.84525	-615.50822	379.20462	-0.03031	0.06985	89.95638	0.51411	0.00076	1.00000	-0.00053	-1.00000	0.00076	0.00122	0.00122	0.00053	1.00000	
1026.20197	-615.30600	378.96082	-0.02366	0.06797	89.96556	0.49784	0.00060	1.00000	-0.00041	-1.00000	0.00060	0.00119	0.00119	0.00041	1.00000	
1025.34488	-615.74218	379.39498	-0.03478	0.07075	89.94345	0.51410	0.00099	1.00000	-0.00061	-1.00000	0.00099	0.00123	0.00123	0.00061	1.00000	
1025.78380	-615.67181	379.54886	-0.03754	0.06532	89.95301	0.53479	0.00082	1.00000	-0.00066	-1.00000	0.00082	0.00114	0.00114	0.00066	1.00000	
1025.36515	-615.74744	379.23040	-0.03210	0.07676	89.94527	0.55441	0.00096	1.00000	-0.00056	-1.00000	0.00096	0.00134	0.00134	0.00056	1.00000	
1026.19758	-615.58418	379.37381	-0.02960	0.05822	89.96049	0.51230	0.00069	1.00000	-0.00052	-1.00000	0.00069	0.00102	0.00102	0.00052	1.00000	
1025.69309	-615.71266	379.10037	-0.02715	0.07145	89.95097	0.52540	0.00086	1.00000	-0.00047	-1.00000	0.00086	0.00125	0.00125	0.00047	1.00000	
1026.42431	-615.36119	378.66203	-0.01642	0.07486	89.96960	0.50643	0.00053	1.00000	-0.00029	-1.00000	0.00053	0.00131	0.00131	0.00029	1.00000	
1026.41392	-615.34625	378.59555	-0.01183	0.06573	89.96844	0.49578	0.00055	1.00000	-0.00021	-1.00000	0.00055	0.00115	0.00115	0.00021	1.00000	
1026.41144	-615.37705	378.77503	-0.01766	0.07179	89.96952	0.50512	0.00053	1.00000	-0.00031	-1.00000	0.00053	0.00125	0.00125	0.00031	1.00000	
1026.56816	-615.13153	378.24152	-0.00687	0.07972	89.97617	0.47982	0.00042	1.00000	-0.00012	-1.00000	0.00042	0.00139	0.00139	0.00012	1.00000	
1026.44762	-615.30351	378.92302	-0.01669	0.06380	89.96943	0.46865	0.00053	1.00000	-0.00029	-1.00000	0.00053	0.00111	0.00111	0.00029	1.00000	
1026.96033	-615.10166	378.93332	-0.01383	0.05555	89.98053	0.46203	0.00034	1.00000	-0.00024	-1.00000	0.00034	0.00097	0.00097	0.00024	1.00000	
1025.89701	-615.59939	379.42514	-0.02319	0.04553	89.95139	0.45318	0.00085	1.00000	-0.00041	-1.00000	0.00085	0.00079	0.00079	0.00040	1.00000	
1026.36939	-615.39881	379.27701	-0.02109	0.05107	89.96475	0.45461	0.00062	1.00000	-0.00037	-1.00000	0.00062	0.00089	0.00089	0.00037	1.00000	
1026.71856	-615.38411	379.38031	-0.02172	0.04292	89.96994	0.45791	0.00052	1.00000	-0.00038	-1.00000	0.00053	0.00075	0.00075	0.00038	1.00000	
1026.11153	-615.52010	378.95826	-0.01562	0.05903	89.95797	0.48051	0.00073	1.00000	-0.00027	-1.00000	0.00073	0.00103	0.00103	0.00027	1.00000	
1026.01887	-615.66201	379.08308	-0.01554	0.04585	89.95054	0.47346	0.00086	1.00000	-0.00027	-1.00000	0.00086	0.00080	0.00080	0.00027	1.00000	
1026.19707	-615.64214	379.11911	-0.01896	0.05052	89.95725	0.47453	0.00075	1.00000	-0.00033	-1.00000	0.00075	0.00088	0.00088	0.00033	1.00000	
1025.71056	-615.74189	379.21228	-0.01941	0.04437	89.94543	0.47024	0.00095	1.00000	-0.00034	-1.00000	0.00095	0.00077	0.00077	0.00034	1.00000	
1025.71486	-615.71032	378.95640	-0.01688	0.05516	89.94832	0.45529	0.00090	1.00000	-0.00030	-1.00000	0.00090	0.00096	0.00096	0.00029	1.00000	
1025.95351	-615.53161	379.04407	-0.01423	0.04105	89.95295	0.44155	0.00082	1.00000	-0.00025	-1.00000	0.00082	0.00072	0.00072	0.00025	1.00000	
1025.25934	-615.83388	379.35995	-0.02279	0.04469	89.93764	0.47868	0.00109	1.00000	-0.00040	-1.00000	0.00109	0.00078	0.00078	0.00040	1.00000	
1025.61440	-615.54962	378.81450	-0.01132	0.05616	89.94928	0.45390	0.00089	1.00000	-0.00020	-1.00000	0.00089	0.00098	0.00098	0.00020	1.00000	
1026.25933	-615.36118	379.12582	-0.01893	0.05768	89.96714	0.43049	0.00057	1.00000	-0.00033	-1.00000	0.00057	0.00101	0.00101	0.00033	1.00000	
1026.80664	-615.04417	378.33892	0.00295	0.05732	89.97894	0.46404	0.00037	1.00000	0.00005	-1.00000	0.00037	0.00100	0.00100	-0.00005	1.00000	
1026.63613	-615.35928	379.18325	-0.01490	0.05163	89.97260	0.43741	0.00048	1.00000	-0.00026	-1.00000	0.00048	0.00090	0.00090	0.00026	1.00000	
1025.83152	-615.62975	378.98377	-0.01020	0.05182	89.95138	0.51647	0.00085	1.00000	-0.00018	-1.00000	0.00085	0.00090	0.00090	0.00018	1.00000	
1027.47124	-614.97080	378.33389	0.00230	0.05913	89.99386	0.47300	0.00011	1.00000	0.00004	-1.00000	0.00011	0.00103	0.00103	-0.00004	1.00000	
1027.38292	-615.15504	378.96645	-0.01225	0.05456	89.99151	0.48171	0.00015	1.00000	-0.00021	-1.00000	0.00015	0.00095	0.00095	0.00021	1.00000	
1026.38934	-615.60379	379.18184	-0.01972	0.05837	89.96651	0.50174	0.00058	1.00000	-0.00034	-1.00000	0.00058	0.00102	0.00102	0.00034	1.00000	
1027.12215	-615.24701	378.65231	-0.00902	0.06298	89.98543	0.47845	0.00025	1.00000	-0.00016	-1.00000	0.00025	0.00110	0.00110	0.00016	1.00000	
1026.53900	-615.48782	378.81785	-0.01376	0.06333	89.97056	0.49868	0.00051	1.00000	-0.00024	-1.00000	0.00051	0.00111	0.00111	0.00024	1.00000	
1027.24781	-615.30592	378.85359	-0.01309	0.05911	89.98659	0.49626	0.00023	1.00000	-0.00023	-1.00000	0.00023	0.00103	0.00103	0.00023	1.00000	
1027.27121	-615.22362	378.89679	-0.01209	0.05206	89.98750	0.51071	0.00022	1.00000	-0.00021	-1.00000	0.00022	0.00091	0.00091	0.00021	1.00000	
1027.04654	-615.28547	378.80506	-0.01411	0.06189	89.98434	0.48533	0.00027	1.00000	-0.00025	-1.00000	0.00027	0.00108	0.00108	0.00025	1.00000	
1027.00203	-615.27196	378.59775	-0.00941	0.06190	89.98256	0.51319	0.00030	1.00000	-0.00016	-1.00000	0.00030	0.00108	0.00108	0.00016	1.00000	
1026.33781	-615.56062	378.87116	-0.01676	0.06386	89.96766	0.51387	0.00056	1.00000	-0.00029	-1.00000	0.00056	0.00111	0.00111	0.00029	1.00000	
1026.57238	-615.34607	378.36173	-0.00946	0.07884	89.97709	0.52308	0.00040	1.00000	-0.00017	-1.00000	0.00040	0.00138	0.00138	0.00017	1.00000	
1026.60170	-615.29155	378.33915	-0.01004	0.08121	89.97959	0.52729	0.00036	1.00000	-0.00018	-1.00000	0.00036	0.00142	0.00142	0.00018	1.00000	
1027.09784	-615.12605	378.32803	-0.00986	0.07698	89.99210	0.50178	0.00014	1.00000	-0.00017	-1.00000	0.00014	0.00134	0.00134	0.00017	1.00000	
1026.45417	-615.41614	378.64798	-0.01729	0.07543	89.97660	0.54438	0.00041	1.00000	-0.00030	-1.00000	0.00041	0.00132	0.00132	0.00030	1.00000	
1026.85209	-615.27945	378.63436	-0.01419	0.07007	89.98586	0.50639	0.00025	1.00000	-0.00025	-1.00000	0.00025	0.00122	0.00122	0.00025	1.00000	
1026.84174	-615.30680	378.60814	-0.01916	0.08478	89.98895	0.50366	0.00019	1.00000	-0.00033	-1.00000	0.00019	0.00148	0.00148	0.00033	1.00000	
1026.97026	-615.45454	379.18515	-0.02442	0.06138	89.98402	0.49677	0.00028	1.00000	-0.00043	-1.00000	0.00028	0.00107	0.00107	0.00043	1.00000	
1026.48148	-615.63390	379.06591	-0.02499	0.07398	89.97425	0.47338	0.00045	1.00000	-0.00044	-1.00000	0.00045	0.00129	0.00129	0.00044	1.00000	
1026.75773	-615.53508	379.06154	-0.02488	0.07293	89.98055	0.50494	0.00034	1.00000	-0.00043	-1.00000	0.00034	0.00127	0.00127	0.00043	1.00000	
1026.83610	-615.66155	379.32621	-0.02835	0.06091	89.97823	0.47930	0.00038	1.00000	-0.00050	-1.00000	0.00038	0.00106	0.00106	0.00049	1.00000	
1026.33872	-615.88577	379.64887	-0.03608	0.06035	89.96590	0.47849	0.00060	1.00000	-0.00063	-1.00000	0.00060	0.00105	0.00105	0.00063	1.00000	
1026.84076	-615.52964	379.03132	-0.02397	0.06962	89.98276	0.46980	0.00030	1.00000	-0.00042	-1.00000	0.00030	0.00121	0.00122	0.00042	1.00000	
1026.53014	-615.53137	378.70867	-0.01969	0.08019	89.97816	0.46406	0.00038	1.00000	-0.00034	-1.00000	0.00038	0.00140	0.00140	0.00034	1.00000	
1026.35280	-615.81214	379.39716	-0.03585	0.07549	89.97272	0.48700	0.00048	1.00000	-0.00063	-1.00000	0.00048	0.00132	0.00132	0.00063	1.00000	
1026.25308	-615.79329	379.40146	-0.03370	0.06884	89.96908	0.46406	0.00054	1.00000	-0.00059	-1.00000	0.00054	0.00120	0.00120	0.00059	1.00000	
1025.75649	-616.00378	379.59135	-0.03712	0.06232	89.95570	0.50072	0.00077	1.00000	-0.00065	-1.00000	0.00077	0.00109	0.00109	0.00065	1.00000	
1026.12624	-615.84035	379.50822	-0.03645	0.06592	89.96666	0.49937	0.00058	1.00000	-0.00064	-1.00000	0.00058	0.00115	0.00115	0.00064	1.00000	
1026.06510	-615.98426	379.94205	-0.04569	0.06234	89.96497	0.48335	0.00061	1.00000	-0.00080	-1.00000	0.00061	0.00109	0.00109	0.00080	1.00000	
1026.45425	-615.70608	379.55415	-0.03366	0.05792	89.97342	0.49683	0.00046	1.00000	-0.00059	-1.00000	0.00046	0.00101	0.00101	0.00059	1.00000	
1026.16313	-615.71896	379.26333	-0.02975	0.06576	89.97045	0.50657	0.00052	1.00000	-0.00052	-1.00000	0.00052	0.00115	0.00115	0.00052	1.00000	
1026.59891	-615.63696	379.46131	-0.03427	0.06415	89.98008	0.52663	0.00035	1.00000	-0.00060	-1.00000	0.00035	0.00112	0.00112	0.00060	1.00000	
1026.30754	-615.74062	379.37664	-0.03668	0.07841	89.97626	0.53828	0.00041	1.00000	-0.00064	-1.00000	0.00042	0.00137	0.00137	0.00064	1.00000	
1026.91308	-615.55918	379.43537	-0.03665	0.07189	89.98992	0.52080	0.00018	1.00000	-0.00064	-1.00000	0.00018	0.00125	0.00125	0.00064	1.00000	
1027.07292	-615.39140	378.95571	-0.02678	0.07996	89.99522	0.51696	0.00008	1.00000	-0.00047	-1.00000	0.00008	0.00140	0.00140	0.00047	1.00000	
1026.86117	-615.55798	379.36873	-0.03212	0.05797	89.98553	0.50985	0.00025	1.00000	-0.00056	-1.00000	0.00025	0.00101	0.00101	0.00056	1.00000	
1026.67870	-615.62611	379.11285	-0.02826	0.06446	89.98106	0.51819	0.00033	1.00000	-0.00049	-1.00000	0.00033	0.00112	0.00113	0.00049	1.00000	
1026.40168	-615.81165	379.25730	-0.03404	0.06747	89.97369	0.50246	0.00046	1.00000	-0.00059	-1.00000	0.00046	0.00118	0.00118	0.00059	1.00000	
1026.84644	-615.73992	379.53753	-0.03421	0.04035	89.97861	0.50124	0.00037	1.00000	-0.00060	-1.00000	0.00037	0.00070	0.00070	0.00060	1.00000	
1026.10927	-616.07596	379.68292	-0.04340	0.05578	89.96133	0.52057	0.00067	1.00000	-0.00076	-1.00000	0.00068	0.00097	0.00097	0.00076	1.00000	
1026.81944	-615.81362	379.41655	-0.03205	0.04505	89.97770	0.52907	0.00039	1.00000	-0.00056	-1.00000	0.00039	0.00079	0.00079	0.00056	1.00000	
1026.46686	-615.97297	379.51534	-0.03592	0.04843	89.96864	0.50294	0.00055	1.00000	-0.00063	-1.00000	0.00055	0.00084	0.00085	0.00063	1.00000	
1026.14738	-616.06931	379.42835	-0.03562	0.05692	89.96220	0.50329	0.00066	1.00000	-0.00062	-1.00000	0.00066	0.00099	0.00099	0.00062	1.00000	
1026.11409	-616.12372	379.43256	-0.03528	0.05656	89.96023	0.50182	0.00069	1.00000	-0.00062	-1.00000	0.00069	0.00099	0.00099	0.00062	1.00000	
1025.88980	-616.16775	379.32975	-0.03729	0.07020	89.95949	0.49028	0.00071	1.00000	-0.00065	-1.00000	0.00071	0.00122	0.00123	0.00065	1.00000	
1025.35998	-616.33923	379.15879	-0.03721	0.08404	89.94849	0.50690	0.00090	1.00000	-0.00065	-1.00000	0.00090	0.00147	0.00147	0.00065	1.00000	
1025.92518	-616.12202	378.97893	-0.02726	0.06820	89.95966	0.49860	0.00070	1.00000	-0.00048	-1.00000	0.00070	0.00119	0.00119	0.00048	1.00000	
1025.34659	-616.40578	379.28049	-0.03774	0.07655	89.94606	0.50409	0.00094	1.00000	-0.00066	-1.00000	0.00094	0.00134	0.00134	0.00066	1.00000	
1024.74267	-616.76062	380.02060	-0.05208	0.06495	89.92925	0.47430	0.00123	1.00000	-0.00091	-1.00000	0.00124	0.00113	0.00113	0.00091	1.00000	
1025.03629	-616.68993	380.08514	-0.05405	0.06060	89.93516	0.51175	0.00113	1.00000	-0.00094	-1.00000	0.00113	0.00106	0.00106	0.00094	1.00000	
1025.40925	-616.50055	379.93715	-0.05127	0.06538	89.94656	0.50872	0.00093	1.00000	-0.00090	-1.00000	0.00093	0.00114	0.00114	0.00089	1.00000	
1025.12067	-616.58746	379.89704	-0.05111	0.06954	89.94066	0.51662	0.00104	1.00000	-0.00089	-1.00000	0.00104	0.00121	0.00121	0.00089	1.00000	
1024.50422	-616.81630	380.05971	-0.05432	0.06622	89.92467	0.46929	0.00131	1.00000	-0.00095	-1.00000	0.00132	0.00115	0.00116	0.00095	1.00000	
1025.22015	-616.53569	379.97638	-0.04943	0.05743	89.94115	0.48767	0.00103	1.00000	-0.00086	-1.00000	0.00103	0.00100	0.00100	0.00086	1.00000	
1025.13576	-616.36099	379.38988	-0.03752	0.06699	89.94404	0.44991	0.00098	1.00000	-0.00066	-1.00000	0.00098	0.00117	0.00117	0.00065	1.00000	
1024.51891	-616.57543	379.48851	-0.04131	0.06696	89.92840	0.47930	0.00125	1.00000	-0.00072	-1.00000	0.00125	0.00117	0.00117	0.00072	1.00000	
1024.45520	-616.61092	379.70607	-0.04611	0.07008	89.92810	0.44638	0.00125	1.00000	-0.00081	-1.00000	0.00126	0.00122	0.00122	0.00080	1.00000	
1025.51542	-616.14042	379.47778	-0.03305	0.05080	89.95094	0.46384	0.00086	1.00000	-0.00058	-1.00000	0.00086	0.00089	0.00089	0.00058	1.00000	
1025.69834	-616.05659	379.42448	-0.03356	0.05610	89.95648	0.47813	0.00076	1.00000	-0.00059	-1.00000	0.00076	0.00098	0.00098	0.00059	1.00000	
1026.48059	-615.72797	379.43087	-0.02930	0.04548	89.97560	0.46819	0.00043	1.00000	-0.00051	-1.00000	0.00043	0.00079	0.00079	0.00051	1.00000	
1026.41941	-615.65326	379.06895	-0.01928	0.04637	89.97485	0.45353	0.00044	1.00000	-0.00034	-1.00000	0.00044	0.00081	0.00081	0.00034	1.00000	
1026.48414	-615.64640	379.14001	-0.01992	0.04395	89.97587	0.45844	0.00042	1.00000	-0.00035	-1.00000	0.00042	0.00077	0.00077	0.00035	1.00000	
1026.17733	-615.73579	379.17626	-0.01946	0.04352	89.96749	0.47737	0.00057	1.00000	-0.00034	-1.00000	0.00057	0.00076	0.00076	0.00034	1.00000	
1025.86527	-615.88638	379.31950	-0.02328	0.04366	89.95998	0.48856	0.00070	1.00000	-0.00041	-1.00000	0.00070	0.00076	0.00076	0.00041	1.00000	
1026.46385	-615.56402	379.14160	-0.01831	0.04481	89.97711	0.49437	0.00040	1.00000	-0.00032	-1.00000	0.00040	0.00078	0.00078	0.00032	1.00000	
1026.70453	-615.35381	378.62784	-0.00697	0.04867	89.98425	0.49775	0.00027	1.00000	-0.00012	-1.00000	0.00027	0.00085	0.00085	0.00012	1.00000	
1027.00533	-615.31060	378.81933	-0.01348	0.05185	89.99279	0.45313	0.00013	1.00000	-0.00024	-1.00000	0.00013	0.00090	0.00090	0.00024	1.00000	
1027.08284	-615.21895	378.65370	-0.00815	0.04856	89.99445	0.50237	0.00010	1.00000	-0.00014	-1.00000	0.00010	0.00085	0.00085	0.00014	1.00000	
1027.25622	-615.14117	378.57754	-0.00835	0.05265	89.99953	0.47964	0.00001	1.00000	-0.00015	-1.00000	0.00001	0.00092	0.00092	0.00015	1.00000	
1026.79979	-615.36028	378.57453	-0.01236	0.06447	89.98932	0.50980	0.00019	1.00000	-0.00022	-1.00000	0.00019	0.00113	0.00113	0.00022	1.00000	
1026.39061	-615.65386	378.91184	-0.02321	0.06843	89.97790	0.52908	0.00039	1.00000	-0.00041	-1.00000	0.00039	0.00119	0.00119	0.00041	1.00000	
1026.63944	-615.75066	379.16056	-0.02764	0.05385	89.97958	0.52890	0.00036	1.00000	-0.00048	-1.00000	0.00036	0.00094	0.00094	0.00048	1.00000	
1026.28784	-615.77882	378.58975	-0.02002	0.07020	89.97382	0.54259	0.00046	1.00000	-0.00035	-1.00000	0.00046	0.00123	0.00123	0.00035	1.00000	
1026.23636	-615.88123	378.76198	-0.02511	0.07117	89.97126	0.51407	0.00050	1.00000	-0.00044	-1.00000	0.00050	0.00124	0.00124	0.00044	1.00000	
1025.32236	-616.24316	378.77817	-0.02751	0.07418	89.94758	0.51001	0.00091	1.00000	-0.00048	-1.00000	0.00092	0.00129	0.00129	0.00048	1.00000	
1025.67633	-616.28943	379.32472	-0.04030	0.07134	89.95537	0.55534	0.00078	1.00000	-0.00070	-1.00000	0.00078	0.00124	0.00125	0.00070	1.00000	
1025.73112	-616.21669	379.15830	-0.03516	0.06934	89.95583	0.53683	0.00077	1.00000	-0.00061	-1.00000	0.00077	0.00121	0.00121	0.00061	1.00000	
1024.67167	-616.67905	379.40292	-0.04317	0.07948	89.93130	0.52367	0.00120	1.00000	-0.00076	-1.00000	0.00120	0.00139	0.00139	0.00075	1.00000	
1026.52659	-615.96182	379.02252	-0.03029	0.06896	89.97408	0.53729	0.00045	1.00000	-0.00053	-1.00000	0.00045	0.00120	0.00120	0.00053	1.00000	
1026.04505	-616.11798	379.16690	-0.03522	0.07623	89.96552	0.54264	0.00060	1.00000	-0.00062	-1.00000	0.00060	0.00133	0.00133	0.00061	1.00000	
1026.03856	-615.96477	378.87041	-0.02567	0.07003	89.96640	0.53385	0.00059	1.00000	-0.00045	-1.00000	0.00059	0.00122	0.00122	0.00045	1.00000	
1025.91105	-615.98585	378.95586	-0.02643	0.06287	89.96185	0.57138	0.00067	1.00000	-0.00046	-1.00000	0.00067	0.00110	0.00110	0.00046	1.00000	
1026.11253	-615.86569	378.80536	-0.02485	0.06333	89.96857	0.54624	0.00055	1.00000	-0.00043	-1.00000	0.00055	0.00111	0.00111	0.00043	1.00000	
1026.41959	-615.65131	378.67156	-0.02413	0.06953	89.97882	0.54970	0.00037	1.00000	-0.00042	-1.00000	0.00037	0.00121	0.00121	0.00042	1.00000	
1026.02621	-615.90685	379.10972	-0.03111	0.05649	89.96574	0.55844	0.00060	1.00000	-0.00054	-1.00000	0.00060	0.00099	0.00099	0.00054	1.00000	
1026.27242	-615.76013	378.91554	-0.02683	0.05955	89.97236	0.53611	0.00048	1.00000	-0.00047	-1.00000	0.00048	0.00104	0.00104	0.00047	1.00000	
1025.94656	-615.91760	379.14998	-0.03379	0.07148	89.96817	0.50688	0.00056	1.00000	-0.00059	-1.00000	0.00056	0.00125	0.00125	0.00059	1.00000	
1026.56118	-615.50104	378.34321	-0.01101	0.06998	89.98109	0.52089	0.00033	1.00000	-0.00019	-1.00000	0.00033	0.00122	0.00122	0.00019	1.00000	
1025.63043	-615.97657	378.98337	-0.02759	0.07398	89.95885	0.52887	0.00072	1.00000	-0.00048	-1.00000	0.00072	0.00129	0.00129	0.00048	1.00000	
1026.19890	-615.62743	378.82767	-0.02121	0.06991	89.97353	0.51539	0.00046	1.00000	-0.00037	-1.00000	0.00046	0.00122	0.00122	0.00037	1.00000	
1026.65753	-615.44302	378.97758	-0.02018	0.06170	89.98560	0.52193	0.00025	1.00000	-0.00035	-1.00000	0.00025	0.00108	0.00108	0.00035	1.00000	
1026.88922	-615.38414	379.04502	-0.02237	0.06773	89.99396	0.51572	0.00011	1.00000	-0.00039	-1.00000	0.00011	0.00118	0.00118	0.00039	1.00000	
1027.06365	-615.32528	379.08178	-0.02008	0.06101	89.99665	0.53225	0.00006	1.00000	-0.00035	-1.00000	0.00006	0.00106	0.00106	0.00035	1.00000	
1027.44881	-615.07280	378.59623	-0.00604	0.05767	90.00606	0.54320	-0.00011	1.00000	-0.00011	-1.00000	-0.00011	0.00101	0.00101	0.00011	1.00000	
1026.82574	-615.42641	379.03549	-0.02058	0.06318	89.99067	0.50289	0.00016	1.00000	-0.00036	-1.00000	0.00016	0.00110	0.00110	0.00036	1.00000	
1026.43264	-615.68043	379.43170	-0.02746	0.05036	89.97764	0.51683	0.00039	1.00000	-0.00048	-1.00000	0.00039	0.00088	0.00088	0.00048	1.00000	
1026.80216	-615.66193	379.81300	-0.03499	0.03653	89.98401	0.53620	0.00028	1.00000	-0.00061	-1.00000	0.00028	0.00064	0.00064	0.00061	1.00000	
1026.42450	-615.78741	379.40732	-0.02789	0.04561	89.97371	0.50444	0.00046	1.00000	-0.00049	-1.00000	0.00046	0.00080	0.00080	0.00049	1.00000	
1026.77146	-615.53979	378.77447	-0.01624	0.06362	89.98650	0.51223	0.00024	1.00000	-0.00028	-1.00000	0.00024	0.00111	0.00111	0.00028	1.00000	
1026.46017	-615.72648	378.97210	-0.01678	0.05808	89.97516	0.50723	0.00043	1.00000	-0.00029	-1.00000	0.00043	0.00101	0.00101	0.00029	1.00000	
1026.51809	-615.71594	378.88726	-0.01779	0.06955	89.97990	0.51101	0.00035	1.00000	-0.00031	-1.00000	0.00035	0.00121	0.00121	0.00031	1.00000	
1026.13331	-615.77220	378.63985	-0.01508	0.07987	89.97236	0.50455	0.00048	1.00000	-0.00026	-1.00000	0.00048	0.00139	0.00139	0.00026	1.00000	
1027.10788	-615.42093	378.76271	-0.01003	0.05653	89.99170	0.51169	0.00014	1.00000	-0.00018	-1.00000	0.00015	0.00099	0.00099	0.00018	1.00000	
1026.59016	-615.43512	378.18267	-0.00591	0.07581	89.98421	0.55059	0.00028	1.00000	-0.00010	-1.00000	0.00028	0.00132	0.00132	0.00010	1.00000	
1026.94630	-615.37607	378.49473	-0.01177	0.06551	89.99205	0.56312	0.00014	1.00000	-0.00021	-1.00000	0.00014	0.00114	0.00114	0.00021	1.00000	
1027.43938	-615.26643	378.45483	-0.01525	0.07022	90.00427	0.54098	-0.00007	1.00000	-0.00027	-1.00000	-0.00007	0.00123	0.00123	0.00027	1.00000	
1027.57671	-615.32136	378.87364	-0.02133	0.05118	90.00301	0.52246	-0.00005	1.00000	-0.00037	-1.00000	-0.00005	0.00089	0.00089	0.00037	1.00000	
1027.30601	-615.44160	378.68829	-0.01996	0.05699	89.99585	0.51838	0.00007	1.00000	-0.00035	-1.00000	0.00007	0.00099	0.00099	0.00035	1.00000	
1027.37437	-615.55437	379.10331	-0.02988	0.05038	89.99635	0.50652	0.00006	1.00000	-0.00052	-1.00000	0.00006	0.00088	0.00088	0.00052	1.00000	
1027.03640	-615.79022	379.55039	-0.03755	0.04285	89.98344	0.47449	0.00029	1.00000	-0.00066	-1.00000	0.00029	0.00075	0.00075	0.00066	1.00000	
1026.56531	-615.95255	379.25584	-0.03350	0.05143	89.97252	0.49089	0.00048	1.00000	-0.00059	-1.00000	0.00048	0.00090	0.00090	0.00058	1.00000	
1026.13076	-616.11416	379.47806	-0.03705	0.05315	89.96291	0.46979	0.00065	1.00000	-0.00065	-1.00000	0.00065	0.00093	0.00093	0.00065	1.00000	
1026.74412	-615.77424	378.95176	-0.02367	0.05830	89.97931	0.46130	0.00036	1.00000	-0.00041	-1.00000	0.00036	0.00102	0.00102	0.00041	1.00000	
1026.47930	-615.95441	379.29857	-0.02887	0.06050	89.97064	0.46593	0.00051	1.00000	-0.00050	-1.00000	0.00051	0.00106	0.00106	0.00050	1.00000	
1026.76295	-615.83432	379.41278	-0.02702	0.05072	89.97504	0.47139	0.00044	1.00000	-0.00047	-1.00000	0.00044	0.00089	0.00089	0.00047	1.00000	
1025.84483	-616.10112	379.26684	-0.02851	0.07129	89.95782	0.49300	0.00074	1.00000	-0.00050	-1.00000	0.00074	0.00124	0.00124	0.00050	1.00000	
1026.41735	-615.81352	378.86217	-0.01672	0.06772	89.97047	0.47389	0.00052	1.00000	-0.00029	-1.00000	0.00052	0.00118	0.00118	0.00029	1.00000	
1027.14817	-615.51749	379.05269	-0.02139	0.06342	89.98881	0.49900	0.00020	1.00000	-0.00037	-1.00000	0.00020	0.00111	0.00111	0.00037	1.00000	
1026.50685	-615.73248	379.30231	-0.02742	0.06233	89.97386	0.49655	0.00046	1.00000	-0.00048	-1.00000	0.00046	0.00109	0.00109	0.00048	1.00000	
1026.54024	-615.71355	379.33856	-0.03000	0.06325	89.97503	0.50978	0.00044	1.00000	-0.00052	-1.00000	0.00044	0.00110	0.00110	0.00052	1.00000	
1026.83226	-615.59181	379.22602	-0.02448	0.05867	89.98214	0.52276	0.00031	1.00000	-0.00043	-1.00000	0.00031	0.00102	0.00102	0.00043	1.00000	
1027.03484	-615.32037	378.61002	-0.01399	0.07470	89.99112	0.52336	0.00016	1.00000	-0.00024	-1.00000	0.00016	0.00130	0.00130	0.00024	1.00000	
1026.11657	-615.75720	379.19857	-0.02785	0.07451	89.96869	0.53881	0.00055	1.00000	-0.00049	-1.00000	0.00055	0.00130	0.00130	0.00049	1.00000	
1025.50266	-615.95279	379.34391	-0.02944	0.06847	89.95246	0.51795	0.00083	1.00000	-0.00051	-1.00000	0.00083	0.00119	0.00120	0.00051	1.00000	
1026.33645	-615.50608	378.85357	-0.01492	0.06731	89.97394	0.53686	0.00045	1.00000	-0.00026	-1.00000	0.00046	0.00117	0.00117	0.00026	1.00000	
1025.00625	-616.17115	379.74437	-0.03635	0.06668	89.93986	0.52047	0.00105	1.00000	-0.00064	-1.00000	0.00105	0.00116	0.00116	0.00063	1.00000	
1026.16970	-615.51135	378.78384	-0.00938	0.05636	89.96692	0.54414	0.00058	1.00000	-0.00016	-1.00000	0.00058	0.00098	0.00098	0.00016	1.00000	
1025.63116	-615.73307	378.97448	-0.02199	0.07434	89.95984	0.54118	0.00070	1.00000	-0.00038	-1.00000	0.00070	0.00130	0.00130	0.00038	1.00000	
1025.54408	-615.69427	379.09881	-0.01899	0.05538	89.95577	0.52250	0.00077	1.00000	-0.00033	-1.00000	0.00077	0.00097	0.00097	0.00033	1.00000	
1025.31595	-615.76208	379.37158	-0.02993	0.06236	89.95348	0.52610	0.00081	1.00000	-0.00052	-1.00000	0.00081	0.00109	0.00109	0.00052	1.00000	
1025.27249	-615.85612	379.55830	-0.03578	0.06479	89.95437	0.49808	0.00080	1.00000	-0.00063	-1.00000	0.00080	0.00113	0.00113	0.00062	1.00000	
1024.69540	-615.99775	379.51175	-0.03887	0.07653	89.94228	0.52320	0.00101	1.00000	-0.00068	-1.00000	0.00101	0.00134	0.00134	0.00068	1.00000	
1024.43261	-616.08504	379.61805	-0.03862	0.06548	89.93417	0.50692	0.00115	1.00000	-0.00068	-1.00000	0.00115	0.00114	0.00114	0.00067	1.00000	
1025.00504	-615.72033	379.23193	-0.03052	0.07177	89.95026	0.49953	0.00087	1.00000	-0.00053	-1.00000	0.00087	0.00125	0.00125	0.00053	1.00000	
1025.14163	-615.69140	379.23872	-0.03338	0.08083	89.95703	0.49039	0.00075	1.00000	-0.00058	-1.00000	0.00075	0.00141	0.00141	0.00058	1.00000	
1025.25997	-615.57439	379.07973	-0.02719	0.07782	89.95975	0.53461	0.00070	1.00000	-0.00048	-1.00000	0.00070	0.00136	0.00136	0.00047	1.00000	
1025.68275	-615.33485	378.78649	-0.01860	0.07827	89.97025	0.52743	0.00052	1.00000	-0.00033	-1.00000	0.00052	0.00137	0.00137	0.00032	1.00000	
1025.78587	-615.28493	378.78347	-0.01562	0.07078	89.97041	0.51249	0.00052	1.00000	-0.00027	-1.00000	0.00052	0.00124	0.00124	0.00027	1.00000	
1025.45858	-615.38296	378.64812	-0.01580	0.08194	89.96461	0.51553	0.00062	1.00000	-0.00028	-1.00000	0.00062	0.00143	0.00143	0.00028	1.00000	
1026.09771	-615.34029	379.22232	-0.02399	0.06898	89.97639	0.51414	0.00041	1.00000	-0.00042	-1.00000	0.00041	0.00120	0.00120	0.00042	1.00000	
1026.39534	-615.16672	378.72375	-0.01482	0.07293	89.98494	0.52313	0.00026	1.00000	-0.00026	-1.00000	0.00026	0.00127	0.00127	0.00026	1.00000	
1026.85866	-614.87663	378.29815	-0.00778	0.08405	90.00010	0.55155	-0.00000	1.00000	-0.00014	-1.00000	-0.00000	0.00147	0.00147	0.00014	1.00000	
1026.63980	-614.94512	378.06994	-0.00227	0.08462	89.99405	0.51434	0.00010	1.00000	-0.00004	-1.00000	0.00010	0.00148	0.00148	0.00004	1.00000	
1026.83162	-614.86441	378.03160	-0.00149	0.08501	89.99869	0.49943	0.00002	1.00000	-0.00003	-1.00000	0.00002	0.00148	0.00148	0.00003	1.00000	
1026.25641	-615.23520	378.47144	-0.00991	0.07639	89.98155	0.53860	0.00032	1.00000	-0.00017	-1.00000	0.00032	0.00133	0.00133	0.00017	1.00000	
1026.36669	-615.09442	378.04252	-0.00514	0.09370	89.98749	0.53775	0.00022	1.00000	-0.00009	-1.00000	0.00022	0.00164	0.00164	0.00009	1.00000	
1026.87502	-614.99628	378.20938	-0.00507	0.07914	89.99609	0.50853	0.00007	1.00000	-0.00009	-1.00000	0.00007	0.00138	0.00138	0.00009	1.00000	
1026.23051	-615.28885	378.37939	-0.00905	0.07722	89.97897	0.52408	0.00037	1.00000	-0.00016	-1.00000	0.00037	0.00135	0.00135	0.00016	1.00000	
1026.23317	-615.29988	378.44504	-0.01361	0.08473	89.98055	0.53437	0.00034	1.00000	-0.00024	-1.00000	0.00034	0.00148	0.00148	0.00024	1.00000	
1026.31268	-615.33754	378.43819	-0.01141	0.07906	89.97951	0.52327	0.00036	1.00000	-0.00020	-1.00000	0.00036	0.00138	0.00138	0.00020	1.00000	
1026.32044	-615.18968	378.05960	-0.00305	0.08640	89.98161	0.50014	0.00032	1.00000	-0.00005	-1.00000	0.00032	0.00151	0.00151	0.00005	1.00000	
1025.88624	-615.51584	378.65464	-0.01697	0.08432	89.96994	0.54246	0.00052	1.00000	-0.00030	-1.00000	0.00053	0.00147	0.00147	0.00030	1.00000	
1025.49401	-615.74839	379.05443	-0.02424	0.07819	89.95700	0.50315	0.00075	1.00000	-0.00042	-1.00000	0.00075	0.00136	0.00136	0.00042	1.00000	
1027.14190	-615.16884	379.13432	-0.01570	0.04924	89.99107	0.49580	0.00016	1.00000	-0.00027	-1.00000	0.00016	0.00086	0.00086	0.00027	1.00000	
1026.94871	-615.21305	378.78303	-0.01024	0.06266	89.98882	0.48395	0.00020	1.00000	-0.00018	-1.00000	0.00020	0.00109	0.00109	0.00018	1.00000	
1026.78488	-615.27497	378.84842	-0.01346	0.06773	89.98557	0.49414	0.00025	1.00000	-0.00024	-1.00000	0.00025	0.00118	0.00118	0.00023	1.00000	
1027.00965	-615.06453	378.55871	-0.00906	0.07523	89.99498	0.48165	0.00009	1.00000	-0.00016	-1.00000	0.00009	0.00131	0.00131	0.00016	1.00000	
1026.92834	-614.91918	378.20462	-0.00495	0.08978	89.99767	0.49656	0.00004	1.00000	-0.00009	-1.00000	0.00004	0.00157	0.00157	0.00009	1.00000	
1027.37771	-614.75706	378.38748	-0.00437	0.07422	90.00539	0.50826	-0.00009	1.00000	-0.00008	-1.00000	-0.00009	0.00130	0.00130	0.00008	1.00000	
1027.88066	-614.62824	378.53847	-0.00743	0.07033	90.01852	0.49663	-0.00032	1.00000	-0.00013	-1.00000	-0.00032	0.00123	0.00123	0.00013	1.00000	
1027.03630	-614.93525	378.56990	-0.01049	0.07512	89.99872	0.48590	0.00002	1.00000	-0.00018	-1.00000	0.00002	0.00131	0.00131	0.00018	1.00000	
1027.16299	-614.86473	378.51980	-0.00962	0.07601	90.00137	0.49186	-0.00002	1.00000	-0.00017	-1.00000	-0.00002	0.00133	0.00133	0.00017	1.00000	
1027.57282	-614.76918	378.88004	-0.01354	0.05986	90.00816	0.50880	-0.00014	1.00000	-0.00024	-1.00000	-0.00014	0.00104	0.00104	0.00024	1.00000	
1027.58790	-614.75707	378.84374	-0.01193	0.05478	90.00680	0.49767	-0.00012	1.00000	-0.00021	-1.00000	-0.00012	0.00096	0.00096	0.00021	1.00000	
1026.83533	-615.02848	378.80103	-0.01268	0.05626	89.98556	0.48056	0.00025	1.00000	-0.00022	-1.00000	0.00025	0.00098	0.00098	0.00022	1.00000	
1027.81106	-614.66232	378.66240	-0.00803	0.04859	90.01074	0.50547	-0.00019	1.00000	-0.00014	-1.00000	-0.00019	0.00085	0.00085	0.00014	1.00000	
1027.10770	-614.92229	378.69426	-0.00912	0.04863	89.99184	0.52105	0.00014	1.00000	-0.00016	-1.00000	0.00014	0.00085	0.00085	0.00016	1.00000	
1027.03873	-614.97911	378.82829	-0.01889	0.06326	89.99309	0.50139	0.00012	1.00000	-0.00033	-1.00000	0.00012	0.00110	0.00110	0.00033	1.00000	
1026.86766	-615.17906	379.16728	-0.02245	0.04769	89.98397	0.48902	0.00028	1.00000	-0.00039	-1.00000	0.00028	0.00083	0.00083	0.00039	1.00000	
1026.98857	-615.12668	379.14042	-0.02023	0.04486	89.98637	0.49832	0.00024	1.00000	-0.00035	-1.00000	0.00024	0.00078	0.00078	0.00035	1.00000	
1026.73655	-615.21529	379.19405	-0.02245	0.04814	89.98046	0.47481	0.00034	1.00000	-0.00039	-1.00000	0.00034	0.00084	0.00084	0.00039	1.00000	
1026.77239	-615.18896	379.16326	-0.01817	0.04114	89.97985	0.50079	0.00035	1.00000	-0.00032	-1.00000	0.00035	0.00072	0.00072	0.00032	1.00000	
1026.31084	-615.28550	379.07376	-0.02309	0.06085	89.97288	0.51782	0.00047	1.00000	-0.00040	-1.00000	0.00047	0.00106	0.00106	0.00040	1.00000	
1027.19798	-614.84640	378.53667	-0.00616	0.05224	89.99334	0.49050	0.00012	1.00000	-0.00011	-1.00000	0.00012	0.00091	0.00091	0.00011	1.00000	
1027.52971	-614.53648	378.15732	0.00191	0.05755	90.00489	0.52064	-0.00009	1.00000	0.00003	-1.00000	-0.00009	0.00100	0.00100	-0.00003	1.00000	
1027.32222	-614.61779	378.31573	-0.00616	0.07155	90.00376	0.50321	-0.00007	1.00000	-0.00011	-1.00000	-0.00007	0.00125	0.00125	0.00011	1.00000	
1026.90676	-614.87951	378.90863	-0.01639	0.05623	89.99070	0.48186	0.00016	1.00000	-0.00029	-1.00000	0.00016	0.00098	0.00098	0.00029	1.00000	
1027.37534	-614.53027	378.40234	-0.00891	0.07215	90.00706	0.48177	-0.00012	1.00000	-0.00016	-1.00000	-0.00012	0.00126	0.00126	0.00016	1.00000	
1026.95930	-614.66154	378.34931	-0.00696	0.06898	89.99570	0.48008	0.00008	1.00000	-0.00012	-1.00000	0.00008	0.00120	0.00120	0.00012	1.00000	
1027.09998	-614.49442	378.00692	-0.00172	0.07547	90.00204	0.48126	-0.00004	1.00000	-0.00003	-1.00000	-0.00004	0.00132	0.00132	0.00003	1.00000	
1027.37681	-614.54223	378.41957	-0.01028	0.06911	90.00730	0.49878	-0.00013	1.00000	-0.00018	-1.00000	-0.00013	0.00121	0.00121	0.00018	1.00000	
1027.09969	-614.71442	378.90448	-0.02328	0.06932	90.00092	0.50917	-0.00002	1.00000	-0.00041	-1.00000	-0.00002	0.00121	0.00121	0.00041	1.00000	
1027.25516	-614.70648	378.88629	-0.02306	0.06520	90.00370	0.48044	-0.00006	1.00000	-0.00040	-1.00000	-0.00006	0.00114	0.00114	0.00040	1.00000	
1027.01451	-614.86515	379.33553	-0.03214	0.05678	89.99644	0.47739	0.00006	1.00000	-0.00056	-1.00000	0.00006	0.00099	0.00099	0.00056	1.00000	
1027.72735	-614.41363	378.30663	-0.01126	0.07166	90.01781	0.46469	-0.00031	1.00000	-0.00020	-1.00000	-0.00031	0.00125	0.00125	0.00020	1.00000	
1027.68270	-614.50639	378.74728	-0.01815	0.06224	90.01461	0.49716	-0.00026	1.00000	-0.00032	-1.00000	-0.00025	0.00109	0.00109	0.00032	1.00000	
1027.10362	-614.72128	378.93555	-0.02415	0.06761	90.00182	0.48911	-0.00003	1.00000	-0.00042	-1.00000	-0.00003	0.00118	0.00118	0.00042	1.00000	
1026.28032	-615.15384	379.47189	-0.03851	0.07142	89.98135	0.47354	0.00033	1.00000	-0.00067	-1.00000	0.00033	0.00125	0.00125	0.00067	1.00000	
1026.13761	-615.13708	379.27215	-0.03392	0.07562	89.97873	0.51649	0.00037	1.00000	-0.00059	-1.00000	0.00037	0.00132	0.00132	0.00059	1.00000	
1025.69170	-615.22507	379.20511	-0.03274	0.08127	89.96905	0.49409	0.00054	1.00000	-0.00057	-1.00000	0.00054	0.00142	0.00142	0.00057	1.00000	
1025.78110	-615.13976	379.20767	-0.02825	0.07070	89.96960	0.51511	0.00053	1.00000	-0.00049	-1.00000	0.00053	0.00123	0.00123	0.00049	1.00000	
1024.93721	-615.51228	379.99473	-0.04730	0.07222	89.95018	0.54442	0.00087	1.00000	-0.00083	-1.00000	0.00087	0.00126	0.00126	0.00083	1.00000	
1024.54708	-615.72629	380.35088	-0.05080	0.05713	89.93774	0.52660	0.00109	1.00000	-0.00089	-1.00000	0.00109	0.00100	0.00100	0.00089	1.00000	
1024.55693	-615.62661	380.30356	-0.04892	0.05744	89.93925	0.54323	0.00106	1.00000	-0.00085	-1.00000	0.00106	0.00100	0.00100	0.00085	1.00000	
1025.13146	-615.35488	380.42236	-0.04685	0.04270	89.95279	0.51410	0.00082	1.00000	-0.00082	-1.00000	0.00082	0.00074	0.00075	0.00082	1.00000	
1024.42765	-615.58233	380.69114	-0.05392	0.04392	89.93636	0.52430	0.00111	1.00000	-0.00094	-1.00000	0.00111	0.00077	0.00077	0.00094	1.00000	
1023.57629	-615.96264	381.37168	-0.07279	0.05048	89.91761	0.52207	0.00144	1.00000	-0.00127	-1.00000	0.00144	0.00088	0.00088	0.00127	1.00000	
1024.01281	-615.64142	380.60378	-0.05562	0.05301	89.92978	0.51269	0.00123	1.00000	-0.00097	-1.00000	0.00123	0.00092	0.00093	0.00097	1.00000	
1023.75339	-615.66299	380.48419	-0.05536	0.06134	89.92696	0.48141	0.00127	1.00000	-0.00097	-1.00000	0.00128	0.00107	0.00107	0.00097	1.00000	
1023.45856	-615.81062	380.78630	-0.05958	0.05075	89.91680	0.52305	0.00145	1.00000	-0.00104	-1.00000	0.00145	0.00088	0.00089	0.00104	1.00000	
1024.34050	-615.24111	379.73842	-0.04077	0.07449	89.94543	0.47034	0.00095	1.00000	-0.00071	-1.00000	0.00095	0.00130	0.00130	0.00071	1.00000	
1024.78956	-615.18996	379.91785	-0.03943	0.05821	89.95052	0.46760	0.00086	1.00000	-0.00069	-1.00000	0.00086	0.00102	0.00102	0.00069	1.00000	
1023.95973	-615.50374	380.19623	-0.05013	0.06804	89.93165	0.49321	0.00119	1.00000	-0.00088	-1.00000	0.00119	0.00119	0.00119	0.00087	1.00000	
1024.80141	-615.14634	379.75462	-0.03631	0.06082	89.95156	0.46768	0.00085	1.00000	-0.00063	-1.00000	0.00085	0.00106	0.00106	0.00063	1.00000	
1025.05077	-615.04635	379.73330	-0.03501	0.05914	89.95702	0.45253	0.00075	1.00000	-0.00061	-1.00000	0.00075	0.00103	0.00103	0.00061	1.00000	
1024.75797	-615.17250	379.80606	-0.04035	0.07153	89.95197	0.42211	0.00084	1.00000	-0.00071	-1.00000	0.00084	0.00125	0.00125	0.00070	1.00000	
1025.13306	-615.04513	379.93963	-0.04246	0.06917	89.96099	0.43929	0.00068	1.00000	-0.00074	-1.00000	0.00068	0.00121	0.00121	0.00074	1.00000	
1025.15869	-615.10371	380.21695	-0.04527	0.05820	89.95882	0.41132	0.00072	1.00000	-0.00079	-1.00000	0.00072	0.00102	0.00102	0.00079	1.00000	
1025.08784	-615.08790	379.93555	-0.03595	0.05169	89.95374	0.43923	0.00081	1.00000	-0.00063	-1.00000	0.00081	0.00090	0.00090	0.00063	1.00000	
1024.94108	-615.20682	380.28051	-0.04631	0.05984	89.95174	0.44373	0.00084	1.00000	-0.00081	-1.00000	0.00084	0.00104	0.00104	0.00081	1.00000	
1025.15291	-615.05028	379.98978	-0.03440	0.04584	89.95291	0.44970	0.00082	1.00000	-0.00060	-1.00000	0.00082	0.00080	0.00080	0.00060	1.00000	
1024.50614	-615.26036	380.11488	-0.04446	0.06874	89.94257	0.48312	0.00100	1.00000	-0.00078	-1.00000	0.00100	0.00120	0.00120	0.00078	1.00000	
1025.24381	-614.91569	379.68028	-0.03577	0.07286	89.96428	0.46280	0.00062	1.00000	-0.00063	-1.00000	0.00062	0.00127	0.00127	0.00062	1.00000	
1025.10920	-614.90587	379.52135	-0.03053	0.07078	89.95992	0.49465	0.00070	1.00000	-0.00053	-1.00000	0.00070	0.00124	0.00124	0.00053	1.00000	
1025.28602	-614.95523	379.68580	-0.03014	0.05942	89.96019	0.47599	0.00069	1.00000	-0.00053	-1.00000	0.00070	0.00104	0.00104	0.00053	1.00000	
1025.20633	-614.93410	379.45716	-0.02789	0.06822	89.95911	0.47445	0.00071	1.00000	-0.00049	-1.00000	0.00071	0.00119	0.00119	0.00049	1.00000	
1026.21347	-614.62493	379.59841	-0.02960	0.06135	89.98390	0.49107	0.00028	1.00000	-0.00052	-1.00000	0.00028	0.00107	0.00107	0.00052	1.00000	
1025.99329	-614.66777	379.41927	-0.02248	0.05341	89.97533	0.49464	0.00043	1.00000	-0.00039	-1.00000	0.00043	0.00093	0.00093	0.00039	1.00000	
1025.31502	-614.93293	379.82985	-0.03436	0.06229	89.96106	0.41171	0.00068	1.00000	-0.00060	-1.00000	0.00068	0.00109	0.00109	0.00060	1.00000	
1025.62786	-614.80344	380.06495	-0.03139	0.03482	89.96400	0.43888	0.00063	1.00000	-0.00055	-1.00000	0.00063	0.00061	0.00061	0.00055	1.00000	
1025.86776	-614.61676	379.78679	-0.02660	0.04132	89.97334	0.42090	0.00047	1.00000	-0.00046	-1.00000	0.00047	0.00072	0.00072	0.00046	1.00000	
1025.88911	-614.59218	380.16289	-0.03300	0.03668	89.97434	0.43444	0.00045	1.00000	-0.00058	-1.00000	0.00045	0.00064	0.00064	0.00058	1.00000	
1026.66143	-614.18307	379.62213	-0.02316	0.04485	89.99669	0.42950	0.00006	1.00000	-0.00040	-1.00000	0.00006	0.00078	0.00078	0.00040	1.00000	
1025.71725	-614.51158	379.72950	-0.02816	0.04894	89.97414	0.46330	0.00045	1.00000	-0.00049	-1.00000	0.00045	0.00085	0.00085	0.00049	1.00000	
1025.91458	-614.41751	379.67361	-0.02661	0.04721	89.97780	0.46589	0.00039	1.00000	-0.00046	-1.00000	0.00039	0.00082	0.00082	0.00046	1.00000	
1026.18420	-614.41274	379.55387	-0.02470	0.04520	89.98241	0.45420	0.00031	1.00000	-0.00043	-1.00000	0.00031	0.00079	0.00079	0.00043	1.00000	
1025.61276	-614.56688	379.21780	-0.02168	0.05582	89.96722	0.44530	0.00057	1.00000	-0.00038	-1.00000	0.00057	0.00097	0.00097	0.00038	1.00000	
1025.75529	-614.50989	378.94841	-0.01464	0.04804	89.96727	0.48667	0.00057	1.00000	-0.00026	-1.00000	0.00057	0.00084	0.00084	0.00026	1.00000	
1026.25886	-614.36255	378.90039	-0.01797	0.05630	89.98134	0.45842	0.00033	1.00000	-0.00031	-1.00000	0.00033	0.00098	0.00098	0.00031	1.00000	
1026.12128	-614.59188	379.38988	-0.02766	0.04462	89.97363	0.45820	0.00046	1.00000	-0.00048	-1.00000	0.00046	0.00078	0.00078	0.00048	1.00000	
1026.28372	-614.51332	379.30629	-0.02780	0.04940	89.97855	0.47630	0.00037	1.00000	-0.00049	-1.00000	0.00037	0.00086	0.00086	0.00049	1.00000	
1026.37809	-614.24132	378.84630	-0.01497	0.04774	89.98143	0.46617	0.00032	1.00000	-0.00026	-1.00000	0.00032	0.00083	0.00083	0.00026	1.00000	
1025.17581	-614.68373	379.33697	-0.02901	0.05775	89.95497	0.47983	0.00079	1.00000	-0.00051	-1.00000	0.00079	0.00101	0.00101	0.00051	1.00000	
1025.07339	-614.70085	379.54799	-0.03479	0.06074	89.95477	0.47980	0.00079	1.00000	-0.00061	-1.00000	0.00079	0.00106	0.00106	0.00061	1.00000	
1025.21233	-614.71855	379.86251	-0.04082	0.05366	89.95699	0.47954	0.00075	1.00000	-0.00071	-1.00000	0.00075	0.00094	0.00094	0.00071	1.00000	
1025.54035	-614.50216	379.57019	-0.03296	0.05149	89.96476	0.50056	0.00062	1.00000	-0.00058	-1.00000	0.00062	0.00090	0.00090	0.00058	1.00000	
1024.38005	-615.09807	380.38011	-0.05203	0.04776	89.93424	0.49349	0.00115	1.00000	-0.00091	-1.00000	0.00115	0.00083	0.00083	0.00091	1.00000	
1025.11543	-614.80855	380.15621	-0.04522	0.04293	89.95216	0.47925	0.00084	1.00000	-0.00079	-1.00000	0.00084	0.00075	0.00075	0.00079	1.00000	
1024.79714	-614.95747	380.37766	-0.05055	0.04219	89.94476	0.49462	0.00096	1.00000	-0.00088	-1.00000	0.00096	0.00074	0.00074	0.00088	1.00000	
1025.38240	-614.61996	379.77242	-0.03523	0.04180	89.95861	0.48189	0.00072	1.00000	-0.00062	-1.00000	0.00072	0.00073	0.00073	0.00061	1.00000	
1025.61766	-614.53465	379.80691	-0.03562	0.04211	89.96423	0.50943	0.00062	1.00000	-0.00062	-1.00000	0.00062	0.00073	0.00073	0.00062	1.00000	
1025.08194	-614.81474	380.34944	-0.04936	0.04439	89.95127	0.46699	0.00085	1.00000	-0.00086	-1.00000	0.00085	0.00077	0.00077	0.00086	1.00000	
1025.04967	-614.80007	380.27048	-0.04930	0.05108	89.95210	0.50127	0.00084	1.00000	-0.00086	-1.00000	0.00084	0.00089	0.00089	0.00086	1.00000	
1024.64783	-614.85114	380.13353	-0.04651	0.05402	89.94373	0.49729	0.00098	1.00000	-0.00081	-1.00000	0.00098	0.00094	0.00094	0.00081	1.00000	
1025.13541	-614.70265	380.21347	-0.04706	0.04840	89.95577	0.48173	0.00077	1.00000	-0.00082	-1.00000	0.00077	0.00084	0.00084	0.00082	1.00000	
1024.69690	-614.82466	380.47593	-0.05208	0.04564	89.94459	0.48499	0.00097	1.00000	-0.00091	-1.00000	0.00097	0.00080	0.00080	0.00091	1.00000	
1024.65372	-614.79674	380.26154	-0.04681	0.04706	89.94468	0.48116	0.00097	1.00000	-0.00082	-1.00000	0.00097	0.00082	0.00082	0.00082	1.00000	
1025.04511	-614.70220	380.57283	-0.05360	0.04331	89.95304	0.46620	0.00082	1.00000	-0.00094	-1.00000	0.00082	0.00076	0.00076	0.00094	1.00000	
1025.26162	-614.55165	380.24106	-0.04549	0.04190	89.95818	0.43411	0.00073	1.00000	-0.00079	-1.00000	0.00073	0.00073	0.00073	0.00079	1.00000	
1025.44238	-614.37694	380.01181	-0.03777	0.03758	89.96244	0.42865	0.00066	1.00000	-0.00066	-1.00000	0.00066	0.00066	0.00066	0.00066	1.00000	
1025.48022	-614.40706	380.05260	-0.03646	0.03302	89.96098	0.42915	0.00068	1.00000	-0.00064	-1.00000	0.00068	0.00058	0.00058	0.00064	1.00000	
1024.93276	-614.61927	380.22584	-0.04352	0.04156	89.95021	0.43919	0.00087	1.00000	-0.00076	-1.00000	0.00087	0.00072	0.00073	0.00076	1.00000	
1024.78535	-614.66854	380.17989	-0.04801	0.06080	89.95086	0.45673	0.00086	1.00000	-0.00084	-1.00000	0.00086	0.00106	0.00106	0.00084	1.00000	
1025.22803	-614.54741	380.13838	-0.04117	0.04320	89.95609	0.49699	0.00077	1.00000	-0.00072	-1.00000	0.00077	0.00075	0.00075	0.00072	1.00000	
1024.50625	-614.95508	380.70281	-0.05530	0.04208	89.93668	0.47607	0.00111	1.00000	-0.00097	-1.00000	0.00111	0.00073	0.00073	0.00097	1.00000	
1024.34448	-614.94110	380.33172	-0.05088	0.05784	89.93659	0.49149	0.00111	1.00000	-0.00089	-1.00000	0.00111	0.00101	0.00101	0.00089	1.00000	
1025.27646	-614.63272	380.26716	-0.04331	0.03578	89.95314	0.51675	0.00082	1.00000	-0.00076	-1.00000	0.00082	0.00062	0.00062	0.00076	1.00000	
1025.45558	-614.48965	380.03558	-0.03959	0.04277	89.96012	0.47878	0.00070	1.00000	-0.00069	-1.00000	0.00070	0.00075	0.00075	0.00069	1.00000	
1025.69706	-614.41837	379.91604	-0.03432	0.03495	89.96275	0.42358	0.00065	1.00000	-0.00060	-1.00000	0.00065	0.00061	0.00061	0.00060	1.00000	
1024.98498	-614.66393	379.84219	-0.03555	0.04228	89.94588	0.45353	0.00094	1.00000	-0.00062	-1.00000	0.00095	0.00074	0.00074	0.00062	1.00000	
1025.20869	-614.60263	379.85087	-0.03710	0.04515	89.95267	0.46872	0.00083	1.00000	-0.00065	-1.00000	0.00083	0.00079	0.00079	0.00065	1.00000	
1025.91829	-614.13140	379.19057	-0.02240	0.04981	89.97189	0.47233	0.00049	1.00000	-0.00039	-1.00000	0.00049	0.00087	0.00087	0.00039	1.00000	
1025.97623	-614.30989	379.60955	-0.02963	0.03602	89.96857	0.44920	0.00055	1.00000	-0.00052	-1.00000	0.00055	0.00063	0.00063	0.00052	1.00000	
1026.52424	-614.05322	379.47201	-0.02772	0.04241	89.98429	0.46453	0.00027	1.00000	-0.00048	-1.00000	0.00027	0.00074	0.00074	0.00048	1.00000	
1025.37376	-614.57369	380.07435	-0.04357	0.04345	89.95576	0.49036	0.00077	1.00000	-0.00076	-1.00000	0.00077	0.00076	0.00076	0.00076	1.00000	
1025.64721	-614.41849	380.02217	-0.04383	0.05024	89.96564	0.48823	0.00060	1.00000	-0.00077	-1.00000	0.00060	0.00088	0.00088	0.00076	1.00000	
1025.09232	-614.54318	380.04330	-0.04527	0.05294	89.95383	0.49014	0.00081	1.00000	-0.00079	-1.00000	0.00081	0.00092	0.00092	0.00079	1.00000	
1025.60097	-614.34403	380.34581	-0.04631	0.03553	89.96389	0.47284	0.00063	1.00000	-0.00081	-1.00000	0.00063	0.00062	0.00062	0.00081	1.00000	
1025.54687	-614.31146	380.32634	-0.04477	0.03714	89.96314	0.46501	0.00064	1.00000	-0.00078	-1.00000	0.00064	0.00065	0.00065	0.00078	1.00000	
1025.42051	-614.44468	380.87380	-0.05473	0.02741	89.95847	0.41619	0.00072	1.00000	-0.00096	-1.00000	0.00073	0.00048	0.00048	0.00096	1.00000	
1025.18880	-614.48945	380.82189	-0.05261	0.02768	89.95219	0.43992	0.00083	1.00000	-0.00092	-1.00000	0.00083	0.00048	0.00048	0.00092	1.00000	
1025.38224	-614.42230	380.84210	-0.05521	0.03600	89.95925	0.47598	0.00071	1.00000	-0.00096	-1.00000	0.00071	0.00063	0.00063	0.00096	1.00000	
1025.27531	-614.49001	380.96988	-0.05814	0.03520	89.95631	0.47117	0.00076	1.00000	-0.00102	-1.00000	0.00076	0.00061	0.00061	0.00101	1.00000	
1025.70435	-614.43411	381.42581	-0.06329	0.01711	89.96120	0.45825	0.00068	1.00000	-0.00110	-1.00000	0.00068	0.00030	0.00030	0.00110	1.00000	
1025.61656	-614.39012	381.04321	-0.05356	0.01771	89.95889	0.48183	0.00072	1.00000	-0.00093	-1.00000	0.00072	0.00031	0.00031	0.00093	1.00000	
1024.98082	-614.67276	381.21718	-0.05992	0.02290	89.94355	0.48335	0.00099	1.00000	-0.00105	-1.00000	0.00099	0.00040	0.00040	0.00105	1.00000	
1025.23609	-614.43986	380.60439	-0.04665	0.02878	89.95200	0.50066	0.00084	1.00000	-0.00081	-1.00000	0.00084	0.00050	0.00050	0.00081	1.00000	
1025.33856	-614.31347	380.44805	-0.04372	0.03063	89.95560	0.48184	0.00077	1.00000	-0.00076	-1.00000	0.00078	0.00053	0.00053	0.00076	1.00000	
1024.16504	-614.73605	380.80040	-0.05555	0.03932	89.92828	0.46985	0.00125	1.00000	-0.00097	-1.00000	0.00125	0.00069	0.00069	0.00097	1.00000	
1025.05120	-614.30674	380.23463	-0.04178	0.03989	89.95144	0.49543	0.00085	1.00000	-0.00073	-1.00000	0.00085	0.00070	0.00070	0.00073	1.00000	
1025.07851	-614.31845	380.41048	-0.04582	0.03676	89.95139	0.47681	0.00085	1.00000	-0.00080	-1.00000	0.00085	0.00064	0.00064	0.00080	1.00000	
1025.00712	-614.27821	380.17254	-0.04282	0.04362	89.95086	0.48649	0.00086	1.00000	-0.00075	-1.00000	0.00086	0.00076	0.00076	0.00075	1.00000	
1024.89722	-614.25956	379.93504	-0.04230	0.05956	89.95083	0.48479	0.00086	1.00000	-0.00074	-1.00000	0.00086	0.00104	0.00104	0.00074	1.00000	
1025.57133	-613.90666	379.56928	-0.03124	0.05426	89.96664	0.47073	0.00058	1.00000	-0.00055	-1.00000	0.00058	0.00095	0.00095	0.00055	1.00000	
1025.11646	-614.20052	380.00898	-0.04210	0.05233	89.95407	0.46827	0.00080	1.00000	-0.00074	-1.00000	0.00080	0.00091	0.00091	0.00073	1.00000	
1025.44834	-614.16455	380.16385	-0.04266	0.03877	89.95842	0.48129	0.00073	1.00000	-0.00075	-1.00000	0.00073	0.00068	0.00068	0.00074	1.00000	
1026.04315	-613.85703	379.88980	-0.03776	0.04716	89.97595	0.45292	0.00042	1.00000	-0.00066	-1.00000	0.00042	0.00082	0.00082	0.00066	1.00000	
1025.52948	-614.26297	380.63190	-0.05316	0.03372	89.95916	0.47790	0.00071	1.00000	-0.00093	-1.00000	0.00071	0.00059	0.00059	0.00093	1.00000	
1025.31837	-614.23240	380.27815	-0.04692	0.04185	89.95547	0.49847	0.00078	1.00000	-0.00082	-1.00000	0.00078	0.00073	0.00073	0.00082	1.00000	
1025.31077	-614.33593	380.77684	-0.05675	0.03528	89.95410	0.49070	0.00080	1.00000	-0.00099	-1.00000	0.00080	0.00061	0.00062	0.00099	1.00000	
1024.81406	-614.51205	381.04110	-0.06215	0.03594	89.94122	0.52956	0.00103	1.00000	-0.00109	-1.00000	0.00103	0.00063	0.00063	0.00108	1.00000	
1025.17545	-614.44067	381.26785	-0.06589	0.03025	89.94852	0.50163	0.00090	1.00000	-0.00115	-1.00000	0.00090	0.00053	0.00053	0.00115	1.00000	
1025.23716	-614.38290	381.31686	-0.06635	0.02940	89.95096	0.49597	0.00086	1.00000	-0.00116	-1.00000	0.00086	0.00051	0.00051	0.00116	1.00000	
1024.52675	-614.52736	381.08619	-0.06393	0.04034	89.93587	0.51616	0.00112	1.00000	-0.00112	-1.00000	0.00112	0.00070	0.00070	0.00112	1.00000	
1024.14459	-614.73402	381.34304	-0.06654	0.02931	89.92236	0.51395	0.00136	1.00000	-0.00116	-1.00000	0.00136	0.00051	0.00051	0.00116	1.00000	
1024.59112	-614.45770	380.96895	-0.05943	0.03823	89.93652	0.49895	0.00111	1.00000	-0.00104	-1.00000	0.00111	0.00067	0.00067	0.00104	1.00000	
1024.26094	-614.55486	381.02119	-0.05951	0.03575	89.92800	0.50295	0.00126	1.00000	-0.00104	-1.00000	0.00126	0.00062	0.00062	0.00104	1.00000	
1024.19636	-614.67929	381.62733	-0.07145	0.02567	89.92435	0.48173	0.00132	1.00000	-0.00125	-1.00000	0.00132	0.00045	0.00045	0.00125	1.00000	
1024.99596	-614.24144	380.75736	-0.05242	0.03503	89.94662	0.47941	0.00093	1.00000	-0.00092	-1.00000	0.00093	0.00061	0.00061	0.00091	1.00000	
1024.74234	-614.44469	381.42847	-0.06714	0.02857	89.93906	0.44648	0.00106	1.00000	-0.00117	-1.00000	0.00106	0.00050	0.00050	0.00117	1.00000	
1024.01498	-614.61575	381.24302	-0.06627	0.03803	89.92314	0.46620	0.00134	1.00000	-0.00116	-1.00000	0.00134	0.00066	0.00066	0.00116	1.00000	
1024.05786	-614.57326	381.13377	-0.06492	0.04155	89.92504	0.50424	0.00131	1.00000	-0.00113	-1.00000	0.00131	0.00072	0.00073	0.00113	1.00000	
1024.72504	-614.30373	381.13757	-0.05863	0.02342	89.93839	0.47273	0.00108	1.00000	-0.00102	-1.00000	0.00108	0.00041	0.00041	0.00102	1.00000	
1023.65863	-614.66617	381.09639	-0.06486	0.04694	89.91689	0.50678	0.00145	1.00000	-0.00113	-1.00000	0.00145	0.00082	0.00082	0.00113	1.00000	
1024.20917	-614.53352	381.53505	-0.06928	0.02452	89.92481	0.48989	0.00131	1.00000	-0.00121	-1.00000	0.00131	0.00043	0.00043	0.00121	1.00000	
1024.71124	-614.23757	380.96425	-0.05501	0.02756	89.93816	0.51592	0.00108	1.00000	-0.00096	-1.00000	0.00108	0.00048	0.00048	0.00096	1.00000	
1024.50102	-614.55760	381.73981	-0.07149	0.01262	89.92710	0.47779	0.00127	1.00000	-0.00125	-1.00000	0.00127	0.00022	0.00022	0.00125	1.00000	
1024.07435	-614.62109	381.40307	-0.06601	0.02247	89.91772	0.49190	0.00144	1.00000	-0.00115	-1.00000	0.00144	0.00039	0.00039	0.00115	1.00000	
1024.60144	-614.27747	380.85794	-0.05552	0.02978	89.93452	0.47057	0.00114	1.00000	-0.00097	-1.00000	0.00114	0.00052	0.00052	0.00097	1.00000	
1023.39826	-614.83847	381.38308	-0.06842	0.02834	89.90303	0.50632	0.00169	1.00000	-0.00119	-1.00000	0.00169	0.00049	0.00049	0.00119	1.00000	
1024.45701	-614.46424	381.19951	-0.06166	0.02090	89.92750	0.47810	0.00127	1.00000	-0.00108	-1.00000	0.00127	0.00036	0.00036	0.00108	1.00000	
1024.47317	-614.29137	380.75794	-0.05616	0.03489	89.93167	0.50881	0.00119	1.00000	-0.00098	-1.00000	0.00119	0.00061	0.00061	0.00098	1.00000	
1023.68045	-614.71069	381.25422	-0.07045	0.04154	89.91315	0.51554	0.00152	1.00000	-0.00123	-1.00000	0.00152	0.00072	0.00072	0.00123	1.00000	
1024.33469	-614.49964	381.40181	-0.07204	0.03506	89.92819	0.50040	0.00125	1.00000	-0.00126	-1.00000	0.00125	0.00061	0.00061	0.00126	1.00000	
1023.67053	-614.75714	381.62775	-0.07636	0.02863	89.90974	0.48284	0.00158	1.00000	-0.00133	-1.00000	0.00158	0.00050	0.00050	0.00133	1.00000	
1023.42548	-614.87287	381.86209	-0.08257	0.03178	89.90343	0.51538	0.00169	1.00000	-0.00144	-1.00000	0.00169	0.00055	0.00055	0.00144	1.00000	
1023.78489	-614.63967	381.32890	-0.07312	0.04428	89.91385	0.51126	0.00150	1.00000	-0.00128	-1.00000	0.00150	0.00077	0.00077	0.00128	1.00000	
1023.38392	-614.80697	381.49355	-0.07774	0.04210	89.90365	0.51515	0.00168	1.00000	-0.00136	-1.00000	0.00168	0.00073	0.00073	0.00136	1.00000	
1024.37269	-614.32125	380.91968	-0.06451	0.04889	89.92911	0.52355	0.00124	1.00000	-0.00113	-1.00000	0.00124	0.00085	0.00085	0.00113	1.00000	
1024.27012	-614.43088	381.24007	-0.07365	0.04913	89.92568	0.51550	0.00130	1.00000	-0.00129	-1.00000	0.00130	0.00086	0.00086	0.00129	1.00000	
1025.31156	-613.88155	380.59494	-0.05644	0.04539	89.95096	0.49388	0.00086	1.00000	-0.00099	-1.00000	0.00086	0.00079	0.00079	0.00099	1.00000	
1025.08536	-614.05387	380.85957	-0.06172	0.04239	89.94437	0.48490	0.00097	1.00000	-0.00108	-1.00000	0.00097	0.00074	0.00074	0.00108	1.00000	
1025.81013	-613.76153	380.55752	-0.05161	0.03345	89.95995	0.45890	0.00070	1.00000	-0.00090	-1.00000	0.00070	0.00058	0.00058	0.00090	1.00000	
1025.25801	-613.94202	380.45746	-0.05293	0.04380	89.94946	0.45323	0.00088	1.00000	-0.00092	-1.00000	0.00088	0.00076	0.00076	0.00092	1.00000	
1024.85466	-614.18326	380.94840	-0.05775	0.02411	89.93359	0.44938	0.00116	1.00000	-0.00101	-1.00000	0.00116	0.00042	0.00042	0.00101	1.00000	
1025.14663	-613.99305	380.44357	-0.05170	0.04114	89.94678	0.45311	0.00093	1.00000	-0.00090	-1.00000	0.00093	0.00072	0.00072	0.00090	1.00000	
1025.08722	-614.04107	380.60760	-0.05548	0.03781	89.94493	0.49821	0.00096	1.00000	-0.00097	-1.00000	0.00096	0.00066	0.00066	0.00097	1.00000	
1025.10554	-614.09188	380.67847	-0.05869	0.04202	89.94677	0.47680	0.00093	1.00000	-0.00102	-1.00000	0.00093	0.00073	0.00073	0.00102	1.00000	
1024.31344	-614.44872	380.90348	-0.06864	0.05525	89.92857	0.49044	0.00125	1.00000	-0.00120	-1.00000	0.00125	0.00096	0.00096	0.00120	1.00000	
1024.46088	-614.42042	381.29759	-0.07161	0.03749	89.92917	0.48337	0.00124	1.00000	-0.00125	-1.00000	0.00124	0.00065	0.00065	0.00125	1.00000	
1024.36026	-614.28773	380.69687	-0.06342	0.05727	89.93102	0.49606	0.00120	1.00000	-0.00111	-1.00000	0.00121	0.00100	0.00100	0.00111	1.00000	
1024.42274	-614.29895	380.86627	-0.06353	0.04508	89.92892	0.51188	0.00124	1.00000	-0.00111	-1.00000	0.00124	0.00079	0.00079	0.00111	1.00000	
1024.89871	-613.99135	380.49593	-0.05468	0.04668	89.94212	0.49595	0.00101	1.00000	-0.00096	-1.00000	0.00101	0.00081	0.00081	0.00095	1.00000	
1024.84559	-614.00301	380.68885	-0.05805	0.04568	89.94165	0.45935	0.00102	1.00000	-0.00101	-1.00000	0.00102	0.00080	0.00080	0.00101	1.00000	
1024.82851	-613.94462	380.48697	-0.05110	0.04091	89.93951	0.49152	0.00106	1.00000	-0.00089	-1.00000	0.00106	0.00071	0.00071	0.00089	1.00000	
1024.15788	-614.21114	380.75940	-0.05999	0.04777	89.92467	0.46769	0.00131	1.00000	-0.00105	-1.00000	0.00132	0.00083	0.00083	0.00105	1.00000	
1024.23318	-614.09869	380.46927	-0.05407	0.05595	89.92880	0.47629	0.00124	1.00000	-0.00094	-1.00000	0.00124	0.00098	0.00098	0.00094	1.00000	
1025.08665	-613.74824	380.51253	-0.04833	0.03627	89.94660	0.48331	0.00093	1.00000	-0.00084	-1.00000	0.00093	0.00063	0.00063	0.00084	1.00000	
1024.68099	-613.82795	380.18710	-0.04401	0.04814	89.93919	0.48854	0.00106	1.00000	-0.00077	-1.00000	0.00106	0.00084	0.00084	0.00077	1.00000	
1024.38242	-613.92171	380.43029	-0.05136	0.05372	89.93329	0.46753	0.00116	1.00000	-0.00090	-1.00000	0.00117	0.00094	0.00094	0.00090	1.00000	
1024.24786	-614.07332	380.72559	-0.05710	0.04801	89.92813	0.48481	0.00125	1.00000	-0.00100	-1.00000	0.00126	0.00084	0.00084	0.00100	1.00000	
1023.52734	-614.24874	380.70593	-0.05961	0.06014	89.91380	0.46504	0.00150	1.00000	-0.00104	-1.00000	0.00151	0.00105	0.00105	0.00104	1.00000	
1023.23842	-614.29966	380.47614	-0.05505	0.06286	89.90605	0.48598	0.00164	1.00000	-0.00096	-1.00000	0.00164	0.00110	0.00110	0.00096	1.00000	
1023.92932	-613.90420	380.11035	-0.04124	0.05155	89.92091	0.50423	0.00138	1.00000	-0.00072	-1.00000	0.00138	0.00090	0.00090	0.00072	1.00000	
1024.33716	-613.73923	380.11824	-0.04130	0.05396	89.93092	0.50196	0.00121	1.00000	-0.00072	-1.00000	0.00121	0.00094	0.00094	0.00072	1.00000	
1024.96474	-613.74180	380.78864	-0.04766	0.02285	89.93915	0.51085	0.00106	1.00000	-0.00083	-1.00000	0.00106	0.00040	0.00040	0.00083	1.00000	
1024.08218	-614.12877	381.17375	-0.05951	0.03252	89.91780	0.50700	0.00143	1.00000	-0.00104	-1.00000	0.00144	0.00057	0.00057	0.00104	1.00000	
1024.36926	-613.98233	381.06716	-0.05570	0.03014	89.92352	0.51346	0.00133	1.00000	-0.00097	-1.00000	0.00134	0.00052	0.00053	0.00097	1.00000	
1024.63257	-613.81972	380.61108	-0.04605	0.03658	89.93095	0.47326	0.00121	1.00000	-0.00080	-1.00000	0.00121	0.00064	0.00064	0.00080	1.00000	
1024.85142	-613.72221	380.58520	-0.04399	0.03309	89.93484	0.44253	0.00114	1.00000	-0.00077	-1.00000	0.00114	0.00058	0.00058	0.00077	1.00000	
1025.27608	-613.60362	380.67460	-0.04824	0.03712	89.94800	0.47464	0.00091	1.00000	-0.00084	-1.00000	0.00091	0.00065	0.00065	0.00084	1.00000	
1025.49964	-613.60079	380.77487	-0.04784	0.02436	89.95026	0.45786	0.00087	1.00000	-0.00084	-1.00000	0.00087	0.00042	0.00043	0.00083	1.00000	
1024.70911	-614.02609	381.28869	-0.06671	0.03999	89.93362	0.47415	0.00116	1.00000	-0.00117	-1.00000	0.00116	0.00070	0.00070	0.00116	1.00000	
1023.71389	-614.38280	381.47797	-0.07223	0.03912	89.90958	0.45115	0.00158	1.00000	-0.00126	-1.00000	0.00158	0.00068	0.00068	0.00126	1.00000	
1024.28174	-614.03127	381.14888	-0.06564	0.04458	89.92659	0.47268	0.00128	1.00000	-0.00115	-1.00000	0.00128	0.00078	0.00078	0.00115	1.00000	
1023.98921	-614.00967	380.89078	-0.06321	0.05291	89.92294	0.46557	0.00135	1.00000	-0.00110	-1.00000	0.00135	0.00092	0.00092	0.00110	1.00000	
1024.09695	-613.90088	380.75105	-0.05857	0.04767	89.92538	0.48831	0.00130	1.00000	-0.00102	-1.00000	0.00130	0.00083	0.00083	0.00102	1.00000	
1023.12751	-614.13644	380.59735	-0.06016	0.06244	89.90520	0.48864	0.00165	1.00000	-0.00105	-1.00000	0.00166	0.00109	0.00109	0.00105	1.00000	
1023.49611	-614.02568	380.69503	-0.05988	0.05171	89.91231	0.50329	0.00153	1.00000	-0.00105	-1.00000	0.00153	0.00090	0.00090	0.00105	1.00000	
1023.57649	-614.04951	380.61238	-0.05807	0.05323	89.91352	0.48813	0.00151	1.00000	-0.00101	-1.00000	0.00151	0.00093	0.00093	0.00101	1.00000	
1023.92275	-613.91769	380.55363	-0.05897	0.06103	89.92444	0.50954	0.00132	1.00000	-0.00103	-1.00000	0.00132	0.00106	0.00107	0.00103	1.00000	
1023.99088	-613.92829	380.31235	-0.05660	0.06987	89.92627	0.50805	0.00129	1.00000	-0.00099	-1.00000	0.00129	0.00122	0.00122	0.00099	1.00000	
1024.27775	-613.79022	380.40043	-0.05226	0.05017	89.93010	0.47767	0.00122	1.00000	-0.00091	-1.00000	0.00122	0.00087	0.00088	0.00091	1.00000	
1024.14614	-613.90238	380.45848	-0.05742	0.06000	89.92683	0.46769	0.00128	1.00000	-0.00100	-1.00000	0.00128	0.00105	0.00105	0.00100	1.00000	
1024.63509	-613.85809	380.91587	-0.06158	0.04000	89.93446	0.49449	0.00114	1.00000	-0.00108	-1.00000	0.00114	0.00070	0.00070	0.00107	1.00000	
1023.59331	-614.32506	381.22153	-0.07253	0.05065	89.90964	0.47578	0.00158	1.00000	-0.00127	-1.00000	0.00158	0.00088	0.00088	0.00127	1.00000	
1024.38385	-613.93499	380.71683	-0.06084	0.05631	89.93026	0.50712	0.00122	1.00000	-0.00106	-1.00000	0.00122	0.00098	0.00098	0.00106	1.00000	
1024.16845	-614.04198	380.85047	-0.06210	0.05272	89.92435	0.48654	0.00132	1.00000	-0.00109	-1.00000	0.00132	0.00092	0.00092	0.00108	1.00000	
1024.34248	-613.86272	380.32079	-0.05211	0.06665	89.93225	0.45999	0.00118	1.00000	-0.00091	-1.00000	0.00118	0.00116	0.00116	0.00091	1.00000	
1024.09475	-613.97443	380.45789	-0.05374	0.06066	89.92397	0.48691	0.00133	1.00000	-0.00094	-1.00000	0.00133	0.00106	0.00106	0.00094	1.00000	
1024.67382	-613.70584	380.35037	-0.05089	0.06239	89.93885	0.48150	0.00107	1.00000	-0.00089	-1.00000	0.00107	0.00109	0.00109	0.00089	1.00000	
1023.55350	-614.06367	380.12872	-0.05181	0.08030	89.91353	0.49618	0.00151	1.00000	-0.00091	-1.00000	0.00151	0.00140	0.00140	0.00090	1.00000	
1023.91061	-613.96236	380.30834	-0.05190	0.06845	89.92001	0.50624	0.00140	1.00000	-0.00091	-1.00000	0.00140	0.00119	0.00119	0.00091	1.00000	
1023.94064	-614.02523	380.39804	-0.05240	0.06554	89.91798	0.49821	0.00143	1.00000	-0.00092	-1.00000	0.00143	0.00114	0.00114	0.00091	1.00000	
1024.11464	-613.97905	380.53274	-0.05785	0.06900	89.92336	0.50541	0.00134	1.00000	-0.00101	-1.00000	0.00134	0.00120	0.00120	0.00101	1.00000	
1023.69672	-614.11296	380.68122	-0.05880	0.06084	89.91172	0.51499	0.00154	1.00000	-0.00103	-1.00000	0.00154	0.00106	0.00106	0.00103	1.00000	
1023.50007	-614.34712	381.49464	-0.07532	0.04590	89.90351	0.50500	0.00168	1.00000	-0.00132	-1.00000	0.00169	0.00080	0.00080	0.00131	1.00000	
1023.05157	-614.49579	381.48870	-0.07566	0.04223	89.89191	0.53145	0.00189	1.00000	-0.00132	-1.00000	0.00189	0.00073	0.00074	0.00132	1.00000	
1022.91005	-614.48875	381.55911	-0.07839	0.04518	89.89040	0.50753	0.00191	1.00000	-0.00137	-1.00000	0.00191	0.00079	0.00079	0.00137	1.00000	
1022.68254	-614.47827	381.50553	-0.08092	0.05214	89.88853	0.48179	0.00195	1.00000	-0.00141	-1.00000	0.00195	0.00091	0.00091	0.00141	1.00000	
1022.39270	-614.50990	381.40368	-0.07790	0.04914	89.88145	0.48123	0.00207	1.00000	-0.00136	-1.00000	0.00207	0.00085	0.00086	0.00136	1.00000	
1022.02968	-614.52050	381.22554	-0.07679	0.05711	89.87399	0.46496	0.00220	1.00000	-0.00134	-1.00000	0.00220	0.00099	0.00100	0.00134	1.00000	
1021.84962	-614.49885	381.04528	-0.07152	0.05928	89.87064	0.44369	0.00226	1.00000	-0.00125	-1.00000	0.00226	0.00103	0.00103	0.00125	1.00000	
1021.66539	-614.54946	381.08391	-0.07355	0.06305	89.86603	0.47950	0.00234	1.00000	-0.00129	-1.00000	0.00234	0.00110	0.00110	0.00128	1.00000	
1022.32332	-614.30441	380.94014	-0.06829	0.06160	89.88192	0.44073	0.00206	1.00000	-0.00119	-1.00000	0.00206	0.00107	0.00108	0.00119	1.00000	
1022.42744	-614.17937	380.63993	-0.06059	0.06482	89.88542	0.44316	0.00200	1.00000	-0.00106	-1.00000	0.00200	0.00113	0.00113	0.00106	1.00000	
1022.47164	-614.17176	380.89833	-0.06460	0.06294	89.88576	0.48551	0.00199	1.00000	-0.00113	-1.00000	0.00200	0.00110	0.00110	0.00113	1.00000	
1023.73411	-613.74644	380.91921	-0.06289	0.05514	89.91680	0.45488	0.00145	1.00000	-0.00110	-1.00000	0.00145	0.00096	0.00096	0.00110	1.00000	
1023.10231	-613.88202	380.74402	-0.05755	0.05774	89.90089	0.48319	0.00173	1.00000	-0.00101	-1.00000	0.00173	0.00101	0.00101	0.00100	1.00000	
1023.83648	-613.47860	380.15146	-0.04269	0.05795	89.91934	0.45172	0.00141	1.00000	-0.00075	-1.00000	0.00141	0.00101	0.00101	0.00075	1.00000	
1023.30808	-613.71287	380.37229	-0.05177	0.06715	89.90813	0.51071	0.00160	1.00000	-0.00091	-1.00000	0.00160	0.00117	0.00117	0.00090	1.00000	
1024.38072	-613.40751	380.67870	-0.05323	0.04964	89.93141	0.51086	0.00120	1.00000	-0.00093	-1.00000	0.00120	0.00087	0.00087	0.00093	1.00000	
1023.53449	-613.81832	381.19067	-0.06626	0.04877	89.90923	0.49492	0.00158	1.00000	-0.00116	-1.00000	0.00159	0.00085	0.00085	0.00116	1.00000	
1023.34443	-613.79015	380.96178	-0.06143	0.04995	89.90607	0.52180	0.00164	1.00000	-0.00107	-1.00000	0.00164	0.00087	0.00087	0.00107	1.00000	
1023.00646	-614.04188	381.70152	-0.07474	0.03638	89.89507	0.52428	0.00183	1.00000	-0.00131	-1.00000	0.00183	0.00063	0.00063	0.00130	1.00000	
1023.26061	-613.76382	381.16092	-0.06672	0.05367	89.90673	0.53811	0.00163	1.00000	-0.00117	-1.00000	0.00163	0.00093	0.00094	0.00116	1.00000	
1023.52795	-613.48667	380.58025	-0.05581	0.06290	89.91698	0.53389	0.00145	1.00000	-0.00098	-1.00000	0.00145	0.00110	0.00110	0.00097	1.00000	
1023.48025	-613.50190	380.47807	-0.05105	0.05616	89.91201	0.49153	0.00154	1.00000	-0.00089	-1.00000	0.00154	0.00098	0.00098	0.00089	1.00000	
1023.65768	-613.53788	380.98395	-0.06159	0.05103	89.91533	0.50832	0.00148	1.00000	-0.00108	-1.00000	0.00148	0.00089	0.00089	0.00107	1.00000	
1023.29902	-613.67026	380.89696	-0.06018	0.05291	89.90671	0.48523	0.00163	1.00000	-0.00105	-1.00000	0.00163	0.00092	0.00092	0.00105	1.00000	
1023.74772	-613.47533	380.65230	-0.05458	0.05532	89.91813	0.48008	0.00143	1.00000	-0.00095	-1.00000	0.00143	0.00096	0.00097	0.00095	1.00000	
1022.98818	-613.81969	381.10253	-0.06445	0.04901	89.89722	0.49663	0.00179	1.00000	-0.00113	-1.00000	0.00179	0.00085	0.00086	0.00112	1.00000	
1024.09048	-613.26690	380.11893	-0.03838	0.04756	89.92380	0.45567	0.00133	1.00000	-0.00067	-1.00000	0.00133	0.00083	0.00083	0.00067	1.00000	
1022.66475	-613.75577	380.11466	-0.04401	0.06615	89.89172	0.48595	0.00189	1.00000	-0.00077	-1.00000	0.00189	0.00115	0.00115	0.00077	1.00000	
1023.36184	-613.56233	380.16226	-0.05024	0.07651	89.91263	0.47929	0.00152	1.00000	-0.00088	-1.00000	0.00153	0.00133	0.00134	0.00088	1.00000	
1023.04143	-613.58863	379.87779	-0.03865	0.06635	89.90041	0.51001	0.00174	1.00000	-0.00068	-1.00000	0.00174	0.00116	0.00116	0.00067	1.00000	
1023.15189	-613.76566	380.80549	-0.05886	0.05726	89.90128	0.53570	0.00172	1.00000	-0.00103	-1.00000	0.00172	0.00100	0.00100	0.00103	1.00000	
1023.40471	-613.61263	380.55680	-0.05402	0.06106	89.90841	0.52840	0.00160	1.00000	-0.00094	-1.00000	0.00160	0.00106	0.00107	0.00094	1.00000	
1022.22498	-614.23096	381.41256	-0.07789	0.06259	89.87971	0.51587	0.00210	1.00000	-0.00136	-1.00000	0.00210	0.00109	0.00109	0.00136	1.00000	
1021.79069	-614.38298	381.59659	-0.08100	0.05927	89.86928	0.49198	0.00228	1.00000	-0.00142	-1.00000	0.00228	0.00103	0.00103	0.00141	1.00000	
1022.77291	-613.89346	381.09501	-0.06785	0.05825	89.89411	0.48045	0.00185	1.00000	-0.00119	-1.00000	0.00185	0.00101	0.00102	0.00118	1.00000	
1021.54609	-614.42556	381.88833	-0.08665	0.05286	89.86367	0.47990	0.00238	1.00000	-0.00151	-1.00000	0.00238	0.00092	0.00092	0.00151	1.00000	
1021.91702	-614.25662	381.80387	-0.08262	0.04766	89.87230	0.48905	0.00223	1.00000	-0.00144	-1.00000	0.00223	0.00083	0.00083	0.00144	1.00000	
1021.55640	-614.16436	381.04979	-0.06669	0.05949	89.86581	0.47837	0.00234	1.00000	-0.00117	-1.00000	0.00234	0.00104	0.00104	0.00116	1.00000	
1021.61233	-614.11515	381.11082	-0.06486	0.05003	89.86584	0.50099	0.00234	1.00000	-0.00113	-1.00000	0.00234	0.00087	0.00087	0.00113	1.00000	
1022.24423	-613.87755	380.85293	-0.06164	0.05984	89.88477	0.49296	0.00201	1.00000	-0.00108	-1.00000	0.00201	0.00104	0.00104	0.00108	1.00000	
1022.60467	-613.78638	381.06605	-0.06880	0.06403	89.89516	0.49052	0.00183	1.00000	-0.00120	-1.00000	0.00183	0.00112	0.00112	0.00120	1.00000	
1023.11511	-613.46047	380.32347	-0.05229	0.07308	89.90945	0.50071	0.00158	1.00000	-0.00091	-1.00000	0.00158	0.00127	0.00128	0.00091	1.00000	
1023.03177	-613.53848	380.57684	-0.06017	0.07958	89.90864	0.51085	0.00159	1.00000	-0.00105	-1.00000	0.00160	0.00139	0.00139	0.00105	1.00000	
1023.31175	-613.62783	381.07470	-0.06690	0.06055	89.90830	0.52606	0.00160	1.00000	-0.00117	-1.00000	0.00160	0.00105	0.00106	0.00117	1.00000	
1022.95990	-613.72310	381.04922	-0.06738	0.06650	89.90221	0.51603	0.00171	1.00000	-0.00118	-1.00000	0.00171	0.00116	0.00116	0.00118	1.00000	
1022.38219	-613.93782	381.08028	-0.07331	0.07917	89.88941	0.49312	0.00193	1.00000	-0.00128	-1.00000	0.00193	0.00138	0.00138	0.00128	1.00000	
1022.83461	-613.71393	380.89480	-0.06546	0.07092	89.89937	0.51784	0.00176	1.00000	-0.00114	-1.00000	0.00176	0.00124	0.00124	0.00114	1.00000	
1022.89075	-613.66310	380.69607	-0.05874	0.06283	89.89912	0.51215	0.00176	1.00000	-0.00103	-1.00000	0.00176	0.00109	0.00110	0.00103	1.00000	
1023.16065	-613.36205	380.03712	-0.04283	0.06613	89.90830	0.49743	0.00160	1.00000	-0.00075	-1.00000	0.00160	0.00115	0.00115	0.00075	1.00000	
1022.50324	-613.77157	380.78098	-0.06371	0.06966	89.89352	0.49376	0.00186	1.00000	-0.00111	-1.00000	0.00186	0.00121	0.00122	0.00111	1.00000	
1022.76640	-613.53521	380.32019	-0.05108	0.06951	89.89923	0.50973	0.00176	1.00000	-0.00089	-1.00000	0.00176	0.00121	0.00121	0.00089	1.00000	
1022.54015	-613.59167	380.15406	-0.05009	0.07853	89.89529	0.50254	0.00183	1.00000	-0.00088	-1.00000	0.00183	0.00137	0.00137	0.00087	1.00000	
1022.40445	-613.77861	380.76647	-0.06400	0.07182	89.89053	0.48276	0.00191	1.00000	-0.00112	-1.00000	0.00191	0.00125	0.00125	0.00112	1.00000	
1023.22989	-613.27628	379.74991	-0.03878	0.07551	89.91142	0.51330	0.00155	1.00000	-0.00068	-1.00000	0.00155	0.00132	0.00132	0.00068	1.00000	
1022.30055	-613.69144	380.17120	-0.05083	0.07834	89.88809	0.49276	0.00195	1.00000	-0.00089	-1.00000	0.00195	0.00137	0.00137	0.00089	1.00000	
1022.69529	-613.65229	380.40793	-0.05113	0.06089	89.89339	0.52245	0.00186	1.00000	-0.00089	-1.00000	0.00186	0.00106	0.00106	0.00089	1.00000	
1022.68382	-613.77696	380.92517	-0.06561	0.06048	89.89316	0.48788	0.00186	1.00000	-0.00115	-1.00000	0.00187	0.00105	0.00106	0.00115	1.00000	
1022.35945	-613.96309	381.17730	-0.06722	0.04467	89.88113	0.46082	0.00207	1.00000	-0.00117	-1.00000	0.00208	0.00078	0.00078	0.00117	1.00000	
1022.51118	-613.87057	381.00552	-0.06595	0.05083	89.88618	0.48376	0.00199	1.00000	-0.00115	-1.00000	0.00199	0.00088	0.00089	0.00115	1.00000	
1022.44846	-613.89269	381.06075	-0.07016	0.06096	89.88689	0.45102	0.00197	1.00000	-0.00123	-1.00000	0.00198	0.00106	0.00106	0.00122	1.00000	
1023.85825	-613.37938	380.85734	-0.06486	0.06090	89.92167	0.45673	0.00137	1.00000	-0.00113	-1.00000	0.00137	0.00106	0.00106	0.00113	1.00000	
1023.02002	-613.73817	381.07199	-0.06734	0.04902	89.89626	0.49606	0.00181	1.00000	-0.00118	-1.00000	0.00181	0.00085	0.00086	0.00118	1.00000	
1022.45927	-613.95040	381.03871	-0.06914	0.05773	89.88284	0.48053	0.00205	1.00000	-0.00121	-1.00000	0.00205	0.00101	0.00101	0.00121	1.00000	
1023.24613	-613.73937	381.07494	-0.06740	0.05054	89.89991	0.48229	0.00175	1.00000	-0.00118	-1.00000	0.00175	0.00088	0.00088	0.00118	1.00000	
1023.01387	-613.84712	381.17355	-0.06963	0.05034	89.89429	0.49279	0.00184	1.00000	-0.00122	-1.00000	0.00185	0.00088	0.00088	0.00122	1.00000	
1023.28479	-613.92059	381.79001	-0.08298	0.04639	89.89922	0.49990	0.00176	1.00000	-0.00145	-1.00000	0.00176	0.00081	0.00081	0.00145	1.00000	
1022.55244	-614.07113	381.65598	-0.07699	0.04139	89.88177	0.51893	0.00206	1.00000	-0.00135	-1.00000	0.00206	0.00072	0.00072	0.00134	1.00000	
1023.17369	-613.76598	381.38307	-0.07356	0.05324	89.90122	0.54799	0.00172	1.00000	-0.00129	-1.00000	0.00173	0.00093	0.00093	0.00128	1.00000	
1023.65406	-613.57845	381.33531	-0.06848	0.04568	89.91143	0.51808	0.00155	1.00000	-0.00120	-1.00000	0.00155	0.00080	0.00080	0.00120	1.00000	
1022.82168	-613.92756	381.83011	-0.07908	0.04202	89.89177	0.51102	0.00189	1.00000	-0.00138	-1.00000	0.00189	0.00073	0.00073	0.00138	1.00000	
1023.61584	-613.52636	381.46668	-0.06507	0.03105	89.90927	0.51025	0.00158	1.00000	-0.00114	-1.00000	0.00158	0.00054	0.00054	0.00114	1.00000	
1023.37149	-613.62600	381.51510	-0.07087	0.04555	89.90725	0.50841	0.00162	1.00000	-0.00124	-1.00000	0.00162	0.00079	0.00080	0.00124	1.00000	
1023.02530	-613.65171	381.21381	-0.06401	0.04691	89.89968	0.53668	0.00175	1.00000	-0.00112	-1.00000	0.00175	0.00082	0.00082	0.00112	1.00000	
1022.09016	-614.07483	381.44221	-0.07316	0.05491	89.87693	0.52854	0.00215	1.00000	-0.00128	-1.00000	0.00215	0.00096	0.00096	0.00128	1.00000	
1022.77202	-613.69421	380.78284	-0.05591	0.05252	89.89277	0.53125	0.00187	1.00000	-0.00098	-1.00000	0.00187	0.00091	0.00092	0.00098	1.00000	
1023.72689	-613.42655	380.85138	-0.05546	0.04669	89.91402	0.50671	0.00150	1.00000	-0.00097	-1.00000	0.00150	0.00081	0.00081	0.00097	1.00000	
1023.10643	-613.76090	381.22711	-0.06567	0.04912	89.89878	0.52616	0.00177	1.00000	-0.00115	-1.00000	0.00177	0.00086	0.00086	0.00115	1.00000	
1022.09099	-614.18763	381.54904	-0.07986	0.06773	89.87814	0.50778	0.00213	1.00000	-0.00140	-1.00000	0.00213	0.00118	0.00118	0.00139	1.00000	
1022.65794	-613.95839	381.33425	-0.06793	0.04652	89.88748	0.51348	0.00196	1.00000	-0.00119	-1.00000	0.00196	0.00081	0.00081	0.00119	1.00000	
1022.94802	-613.76403	380.88515	-0.05715	0.05200	89.89623	0.50345	0.00181	1.00000	-0.00100	-1.00000	0.00181	0.00091	0.00091	0.00100	1.00000	
1022.74581	-613.86288	380.95123	-0.05889	0.05099	89.89131	0.52648	0.00190	1.00000	-0.00103	-1.00000	0.00190	0.00089	0.00089	0.00103	1.00000	
1022.92925	-613.84188	381.17472	-0.06228	0.04498	89.89532	0.50149	0.00183	1.00000	-0.00109	-1.00000	0.00183	0.00078	0.00079	0.00109	1.00000	
1023.14286	-613.76805	381.29314	-0.06829	0.05477	89.90341	0.54206	0.00169	1.00000	-0.00119	-1.00000	0.00169	0.00095	0.00096	0.00119	1.00000	
1022.71144	-613.79227	381.06392	-0.06320	0.05641	89.89307	0.51583	0.00187	1.00000	-0.00110	-1.00000	0.00187	0.00098	0.00098	0.00110	1.00000	
1023.25608	-613.55737	381.03674	-0.05943	0.04520	89.90462	0.54342	0.00166	1.00000	-0.00104	-1.00000	0.00167	0.00079	0.00079	0.00104	1.00000	
1022.13403	-614.00965	381.10470	-0.06239	0.04561	89.87694	0.52655	0.00215	1.00000	-0.00109	-1.00000	0.00215	0.00079	0.00080	0.00109	1.00000	
1022.99521	-613.53088	380.54904	-0.04880	0.04741	89.89866	0.52787	0.00177	1.00000	-0.00085	-1.00000	0.00177	0.00083	0.00083	0.00085	1.00000	
1022.74399	-613.54038	380.59236	-0.04903	0.04555	89.89424	0.53948	0.00185	1.00000	-0.00086	-1.00000	0.00185	0.00079	0.00080	0.00086	1.00000	
1023.02861	-613.47676	380.56878	-0.05087	0.05158	89.90303	0.55643	0.00169	1.00000	-0.00089	-1.00000	0.00169	0.00090	0.00090	0.00089	1.00000	
1022.22559	-613.69676	380.61226	-0.05611	0.06312	89.88583	0.54306	0.00199	1.00000	-0.00098	-1.00000	0.00199	0.00110	0.00110	0.00098	1.00000	
1022.80838	-613.48035	380.52930	-0.05040	0.05474	89.89883	0.54059	0.00177	1.00000	-0.00088	-1.00000	0.00177	0.00095	0.00096	0.00088	1.00000	
1022.80343	-613.54435	380.76477	-0.05743	0.05585	89.89868	0.51877	0.00177	1.00000	-0.00100	-1.00000	0.00177	0.00097	0.00097	0.00100	1.00000	
1022.99062	-613.27516	380.13166	-0.04670	0.07331	89.90945	0.53092	0.00158	1.00000	-0.00082	-1.00000	0.00158	0.00128	0.00128	0.00082	1.00000	
1022.17481	-613.63703	380.35875	-0.05378	0.07679	89.88941	0.53795	0.00193	1.00000	-0.00094	-1.00000	0.00193	0.00134	0.00134	0.00094	1.00000	
1023.60682	-613.12435	380.22125	-0.04748	0.06860	89.92378	0.50392	0.00133	1.00000	-0.00083	-1.00000	0.00133	0.00120	0.00120	0.00083	1.00000	
1023.66788	-613.09260	380.05708	-0.04178	0.06538	89.92300	0.49804	0.00134	1.00000	-0.00073	-1.00000	0.00134	0.00114	0.00114	0.00073	1.00000	
1023.60432	-613.03807	379.68699	-0.03845	0.08116	89.92451	0.51138	0.00132	1.00000	-0.00067	-1.00000	0.00132	0.00142	0.00142	0.00067	1.00000	
1023.37924	-613.26137	380.17691	-0.04972	0.07573	89.91641	0.51224	0.00146	1.00000	-0.00087	-1.00000	0.00146	0.00132	0.00132	0.00087	1.00000	
1022.82432	-613.52082	380.32993	-0.05206	0.06950	89.90046	0.49799	0.00174	1.00000	-0.00091	-1.00000	0.00174	0.00121	0.00121	0.00091	1.00000	
1022.53320	-613.62080	380.30335	-0.04925	0.06007	89.89053	0.54825	0.00191	1.00000	-0.00086	-1.00000	0.00191	0.00105	0.00105	0.00086	1.00000	
1022.08691	-613.86476	380.43834	-0.05332	0.06130	89.87746	0.52270	0.00214	1.00000	-0.00093	-1.00000	0.00214	0.00107	0.00107	0.00093	1.00000	
1022.58067	-613.76135	380.53146	-0.05710	0.05858	89.88825	0.49676	0.00195	1.00000	-0.00100	-1.00000	0.00195	0.00102	0.00102	0.00100	1.00000	
1022.29855	-613.88913	380.68019	-0.05917	0.05287	89.87923	0.52863	0.00211	1.00000	-0.00103	-1.00000	0.00211	0.00092	0.00092	0.00103	1.00000	
1021.71705	-613.95094	380.15223	-0.05210	0.06714	89.86764	0.49969	0.00231	1.00000	-0.00091	-1.00000	0.00231	0.00117	0.00117	0.00091	1.00000	
1021.44907	-614.19591	380.78159	-0.06964	0.07186	89.86164	0.50225	0.00241	1.00000	-0.00122	-1.00000	0.00242	0.00125	0.00125	0.00122	1.00000	
1022.00717	-614.15485	381.17993	-0.07351	0.05382	89.87005	0.51169	0.00227	1.00000	-0.00129	-1.00000	0.00227	0.00094	0.00094	0.00128	1.00000	
1022.69202	-613.80220	380.74163	-0.06269	0.05195	89.88759	0.52105	0.00196	1.00000	-0.00110	-1.00000	0.00196	0.00090	0.00091	0.00109	1.00000	
1021.67476	-614.21669	380.97598	-0.06819	0.04859	89.86121	0.54962	0.00242	1.00000	-0.00119	-1.00000	0.00242	0.00085	0.00085	0.00119	1.00000	
1022.35477	-614.09060	381.37322	-0.07491	0.03939	89.87611	0.54628	0.00216	1.00000	-0.00131	-1.00000	0.00216	0.00068	0.00069	0.00131	1.00000	
1021.16754	-614.54327	381.59616	-0.08540	0.05120	89.84853	0.54693	0.00264	1.00000	-0.00149	-1.00000	0.00265	0.00089	0.00089	0.00149	1.00000	
1021.54862	-614.45824	381.74299	-0.08539	0.03775	89.85610	0.51742	0.00251	1.00000	-0.00149	-1.00000	0.00251	0.00066	0.00066	0.00149	1.00000	
1021.75655	-614.37355	381.47661	-0.08277	0.04993	89.86390	0.52606	0.00238	1.00000	-0.00145	-1.00000	0.00238	0.00087	0.00087	0.00144	1.00000	
1021.16337	-614.54151	381.28527	-0.07876	0.05288	89.84904	0.57337	0.00263	1.00000	-0.00138	-1.00000	0.00264	0.00092	0.00092	0.00137	1.00000	
1021.51718	-614.55492	381.60903	-0.08423	0.04322	89.85593	0.51890	0.00251	1.00000	-0.00147	-1.00000	0.00252	0.00075	0.00075	0.00147	1.00000	
1022.03862	-614.29554	381.32585	-0.08026	0.05432	89.87011	0.57558	0.00227	1.00000	-0.00140	-1.00000	0.00227	0.00094	0.00095	0.00140	1.00000	
1022.72479	-614.14057	381.54547	-0.08049	0.03755	89.88224	0.57369	0.00206	1.00000	-0.00141	-1.00000	0.00206	0.00065	0.00066	0.00140	1.00000	
1022.55336	-614.41838	382.37384	-0.09566	0.01854	89.87295	0.54111	0.00222	1.00000	-0.00167	-1.00000	0.00222	0.00032	0.00032	0.00167	1.00000	
1022.04755	-614.51457	382.10763	-0.09171	0.02412	89.86252	0.55959	0.00240	1.00000	-0.00160	-1.00000	0.00240	0.00042	0.00042	0.00160	1.00000	
1022.75887	-614.07448	381.50091	-0.08026	0.03670	89.88499	0.52206	0.00201	1.00000	-0.00140	-1.00000	0.00201	0.00064	0.00064	0.00140	1.00000	
1022.51777	-614.16848	381.56230	-0.08394	0.04386	89.88078	0.50481	0.00208	1.00000	-0.00147	-1.00000	0.00208	0.00076	0.00077	0.00146	1.00000	
1022.05497	-614.35470	381.86382	-0.09113	0.04202	89.86945	0.54167	0.00228	1.00000	-0.00159	-1.00000	0.00228	0.00073	0.00073	0.00159	1.00000	
1022.20949	-614.28613	381.73695	-0.08676	0.03966	89.87373	0.50691	0.00220	1.00000	-0.00152	-1.00000	0.00220	0.00069	0.00069	0.00151	1.00000	
1022.17224	-614.23954	381.55016	-0.08424	0.04933	89.87532	0.54442	0.00218	1.00000	-0.00147	-1.00000	0.00218	0.00086	0.00086	0.00147	1.00000	
1022.58312	-614.14404	381.50372	-0.08310	0.05344	89.88530	0.52852	0.00200	1.00000	-0.00145	-1.00000	0.00200	0.00093	0.00093	0.00145	1.00000	
1022.62939	-614.19761	381.72401	-0.08170	0.03916	89.88127	0.53066	0.00207	1.00000	-0.00143	-1.00000	0.00207	0.00068	0.00068	0.00143	1.00000	
1022.66962	-614.26178	382.06489	-0.08961	0.04020	89.88102	0.55835	0.00208	1.00000	-0.00157	-1.00000	0.00208	0.00070	0.00070	0.00156	1.00000	
1022.99592	-614.18070	382.12179	-0.09031	0.03728	89.88906	0.53878	0.00194	1.00000	-0.00158	-1.00000	0.00194	0.00065	0.00065	0.00158	1.00000	
1022.55732	-614.29851	382.13335	-0.09223	0.04436	89.88020	0.52921	0.00209	1.00000	-0.00161	-1.00000	0.00209	0.00077	0.00077	0.00161	1.00000	
1022.99264	-614.11126	381.90037	-0.08655	0.04315	89.89151	0.52832	0.00189	1.00000	-0.00151	-1.00000	0.00189	0.00075	0.00075	0.00151	1.00000	
1021.38185	-614.67691	382.23806	-0.09900	0.04982	89.85342	0.54415	0.00256	1.00000	-0.00173	-1.00000	0.00256	0.00087	0.00087	0.00173	1.00000	
1022.91564	-614.01867	381.70600	-0.08549	0.04857	89.89302	0.51983	0.00187	1.00000	-0.00149	-1.00000	0.00187	0.00084	0.00085	0.00149	1.00000	
1022.38990	-614.15259	381.47624	-0.08250	0.05310	89.87941	0.51278	0.00210	1.00000	-0.00144	-1.00000	0.00211	0.00092	0.00093	0.00144	1.00000	
1022.55150	-613.97961	381.16877	-0.07995	0.06613	89.88776	0.49227	0.00196	1.00000	-0.00140	-1.00000	0.00196	0.00115	0.00115	0.00140	1.00000	
1022.47444	-613.94671	380.96197	-0.07492	0.06748	89.88605	0.53368	0.00199	1.00000	-0.00131	-1.00000	0.00199	0.00118	0.00118	0.00131	1.00000	
1022.64514	-613.93388	381.23761	-0.08265	0.06861	89.89077	0.54403	0.00191	1.00000	-0.00144	-1.00000	0.00191	0.00119	0.00120	0.00144	1.00000	
1022.94651	-613.88290	381.62517	-0.08746	0.05682	89.89505	0.55432	0.00183	1.00000	-0.00153	-1.00000	0.00183	0.00099	0.00099	0.00153	1.00000	
1022.95301	-613.77459	381.25962	-0.07847	0.05728	89.89633	0.55470	0.00181	1.00000	-0.00137	-1.00000	0.00181	0.00100	0.00100	0.00137	1.00000	
1023.16707	-613.82635	381.71615	-0.08553	0.04895	89.89912	0.55035	0.00176	1.00000	-0.00149	-1.00000	0.00176	0.00085	0.00085	0.00149	1.00000	
1022.84789	-613.93643	381.72323	-0.08707	0.05421	89.89268	0.55465	0.00187	1.00000	-0.00152	-1.00000	0.00187	0.00094	0.00095	0.00152	1.00000	
1023.55495	-613.58315	381.06216	-0.07233	0.06077	89.91187	0.50632	0.00154	1.00000	-0.00126	-1.00000	0.00154	0.00106	0.00106	0.00126	1.00000	
1023.43813	-613.71424	381.10280	-0.07180	0.06001	89.90691	0.52046	0.00162	1.00000	-0.00125	-1.00000	0.00163	0.00105	0.00105	0.00125	1.00000	
1023.49102	-613.70017	381.22600	-0.07019	0.05201	89.90588	0.51514	0.00164	1.00000	-0.00123	-1.00000	0.00164	0.00091	0.00091	0.00123	1.00000	
1024.20109	-613.40672	381.16270	-0.06409	0.04990	89.92345	0.54980	0.00134	1.00000	-0.00112	-1.00000	0.00134	0.00087	0.00087	0.00112	1.00000	
1024.41264	-613.17528	380.63186	-0.05102	0.05379	89.93084	0.50279	0.00121	1.00000	-0.00089	-1.00000	0.00121	0.00094	0.00094	0.00089	1.00000	
1024.34513	-613.33783	381.09683	-0.05776	0.04598	89.92602	0.51690	0.00129	1.00000	-0.00101	-1.00000	0.00129	0.00080	0.00080	0.00101	1.00000	
1024.47079	-613.28361	380.97582	-0.05812	0.05082	89.93048	0.49098	0.00121	1.00000	-0.00102	-1.00000	0.00121	0.00089	0.00089	0.00101	1.00000	
1025.41360	-612.96471	380.98999	-0.05025	0.02601	89.94758	0.50542	0.00091	1.00000	-0.00088	-1.00000	0.00092	0.00045	0.00045	0.00088	1.00000	
1025.52536	-612.74080	380.25617	-0.04184	0.04896	89.95690	0.49924	0.00075	1.00000	-0.00073	-1.00000	0.00075	0.00085	0.00085	0.00073	1.00000	
1023.79148	-613.57097	381.29180	-0.06805	0.04157	89.91193	0.47541	0.00154	1.00000	-0.00119	-1.00000	0.00154	0.00072	0.00073	0.00119	1.00000	
1023.18823	-613.85588	381.57042	-0.07812	0.04442	89.89680	0.47674	0.00180	1.00000	-0.00136	-1.00000	0.00180	0.00077	0.00078	0.00136	1.00000	
1023.19369	-613.75859	381.34592	-0.06826	0.03031	89.89438	0.50918	0.00184	1.00000	-0.00119	-1.00000	0.00184	0.00053	0.00053	0.00119	1.00000	
1024.29427	-613.31629	381.16359	-0.06671	0.04141	89.92585	0.50125	0.00129	1.00000	-0.00117	-1.00000	0.00130	0.00072	0.00072	0.00116	1.00000	
1023.48681	-613.44686	380.70233	-0.05842	0.04894	89.90748	0.45529	0.00161	1.00000	-0.00102	-1.00000	0.00162	0.00085	0.00085	0.00102	1.00000	
1023.73175	-613.35577	380.66439	-0.05868	0.05323	89.91335	0.49216	0.00151	1.00000	-0.00103	-1.00000	0.00151	0.00093	0.00093	0.00102	1.00000	
1023.17399	-613.58548	380.84039	-0.06335	0.05605	89.90020	0.53699	0.00174	1.00000	-0.00111	-1.00000	0.00174	0.00098	0.00098	0.00111	1.00000	
1023.89135	-613.33167	380.83032	-0.05711	0.03902	89.91360	0.52533	0.00151	1.00000	-0.00100	-1.00000	0.00151	0.00068	0.00068	0.00100	1.00000	
1023.51097	-613.60638	381.16976	-0.06407	0.03592	89.90149	0.52601	0.00172	1.00000	-0.00112	-1.00000	0.00172	0.00063	0.00063	0.00112	1.00000	
1023.72339	-613.53765	381.09785	-0.06430	0.04241	89.90807	0.51466	0.00160	1.00000	-0.00112	-1.00000	0.00161	0.00074	0.00074	0.00112	1.00000	
1024.24234	-613.36232	380.93197	-0.05548	0.03309	89.91677	0.50985	0.00145	1.00000	-0.00097	-1.00000	0.00145	0.00058	0.00058	0.00097	1.00000	
1024.76921	-613.34987	381.43404	-0.06927	0.03561	89.93070	0.51026	0.00121	1.00000	-0.00121	-1.00000	0.00121	0.00062	0.00062	0.00121	1.00000	
1024.50929	-613.37452	380.98534	-0.05394	0.02618	89.92146	0.50452	0.00137	1.00000	-0.00094	-1.00000	0.00137	0.00046	0.00046	0.00094	1.00000	
1023.82868	-613.78547	381.55961	-0.07276	0.03662	89.90817	0.48475	0.00160	1.00000	-0.00127	-1.00000	0.00160	0.00064	0.00064	0.00127	1.00000	
1024.57343	-613.57684	381.60739	-0.07145	0.02824	89.92290	0.52959	0.00135	1.00000	-0.00125	-1.00000	0.00135	0.00049	0.00049	0.00125	1.00000	
1024.52966	-613.57893	381.40402	-0.07066	0.03918	89.92460	0.50548	0.00132	1.00000	-0.00123	-1.00000	0.00132	0.00068	0.00068	0.00123	1.00000	
1024.48693	-613.56298	381.18894	-0.06739	0.04294	89.92525	0.54214	0.00130	1.00000	-0.00118	-1.00000	0.00131	0.00075	0.00075	0.00118	1.00000	
1024.04739	-613.85926	381.84490	-0.08282	0.03718	89.91277	0.52250	0.00152	1.00000	-0.00145	-1.00000	0.00152	0.00065	0.00065	0.00145	1.00000	
1024.70921	-613.55908	381.38125	-0.07172	0.03381	89.92818	0.49265	0.00125	1.00000	-0.00125	-1.00000	0.00125	0.00059	0.00059	0.00125	1.00000	
1024.31477	-613.59653	381.36639	-0.07135	0.03876	89.92073	0.47061	0.00138	1.00000	-0.00125	-1.00000	0.00138	0.00067	0.00068	0.00125	1.00000	
1024.90671	-613.31274	380.96131	-0.06457	0.04694	89.93684	0.48461	0.00110	1.00000	-0.00113	-1.00000	0.00110	0.00082	0.00082	0.00113	1.00000	
1024.39974	-613.52029	381.10429	-0.06750	0.04437	89.92326	0.52348	0.00134	1.00000	-0.00118	-1.00000	0.00134	0.00077	0.00077	0.00118	1.00000	
1024.52624	-613.35315	380.73128	-0.05787	0.04850	89.92861	0.47782	0.00125	1.00000	-0.00101	-1.00000	0.00125	0.00085	0.00085	0.00101	1.00000	
1024.36174	-613.43008	380.79998	-0.06182	0.05396	89.92586	0.51050	0.00129	1.00000	-0.00108	-1.00000	0.00130	0.00094	0.00094	0.00108	1.00000	
1024.81105	-613.25945	380.74835	-0.06131	0.05866	89.93858	0.47026	0.00107	1.00000	-0.00107	-1.00000	0.00107	0.00102	0.00102	0.00107	1.00000	
1025.49118	-612.91062	379.96498	-0.03951	0.05469	89.95270	0.50108	0.00083	1.00000	-0.00069	-1.00000	0.00083	0.00095	0.00095	0.00069	1.00000	
1025.31495	-612.91601	379.69019	-0.03142	0.05842	89.94808	0.49662	0.00091	1.00000	-0.00055	-1.00000	0.00091	0.00102	0.00102	0.00055	1.00000	
1024.47282	-613.45270	380.53710	-0.05262	0.05605	89.92587	0.49825	0.00129	1.00000	-0.00092	-1.00000	0.00129	0.00098	0.00098	0.00092	1.00000	
1025.21891	-613.17927	380.35323	-0.04725	0.05619	89.94482	0.48364	0.00096	1.00000	-0.00083	-1.00000	0.00096	0.00098	0.00098	0.00082	1.00000	
1025.73919	-613.02100	380.28277	-0.04248	0.04506	89.95318	0.48398	0.00082	1.00000	-0.00074	-1.00000	0.00082	0.00079	0.00079	0.00074	1.00000	
1024.84068	-613.35030	380.25962	-0.05020	0.06658	89.93542	0.43308	0.00113	1.00000	-0.00088	-1.00000	0.00113	0.00116	0.00116	0.00088	1.00000	
1025.60761	-613.15511	380.22832	-0.04616	0.05645	89.95074	0.48806	0.00086	1.00000	-0.00081	-1.00000	0.00086	0.00098	0.00099	0.00081	1.00000	
1025.57335	-613.15237	380.11006	-0.04145	0.04955	89.94855	0.47957	0.00090	1.00000	-0.00072	-1.00000	0.00090	0.00086	0.00086	0.00072	1.00000	
1026.42772	-612.98182	380.41591	-0.04711	0.04194	89.96819	0.45823	0.00056	1.00000	-0.00082	-1.00000	0.00056	0.00073	0.00073	0.00082	1.00000	
1026.02497	-613.24355	380.94570	-0.05730	0.03224	89.95488	0.46461	0.00079	1.00000	-0.00100	-1.00000	0.00079	0.00056	0.00056	0.00100	1.00000	
1025.81896	-613.28439	381.03180	-0.05612	0.02257	89.94958	0.48501	0.00088	1.00000	-0.00098	-1.00000	0.00088	0.00039	0.00039	0.00098	1.00000	
1026.35629	-612.96241	380.62348	-0.04652	0.02944	89.96572	0.52590	0.00060	1.00000	-0.00081	-1.00000	0.00060	0.00051	0.00051	0.00081	1.00000	
1024.62378	-613.61385	381.03659	-0.06254	0.04439	89.92515	0.50456	0.00131	1.00000	-0.00109	-1.00000	0.00131	0.00077	0.00077	0.00109	1.00000	
1024.42333	-613.55159	380.68367	-0.05413	0.04571	89.92178	0.51929	0.00137	1.00000	-0.00095	-1.00000	0.00137	0.00080	0.00080	0.00094	1.00000	
1024.33113	-613.57373	380.60280	-0.05654	0.06020	89.92403	0.54275	0.00133	1.00000	-0.00099	-1.00000	0.00133	0.00105	0.00105	0.00099	1.00000	
1024.19162	-613.67283	380.62418	-0.05725	0.05785	89.91842	0.53773	0.00142	1.00000	-0.00100	-1.00000	0.00142	0.00101	0.00101	0.00100	1.00000	
1024.66758	-613.50514	380.61523	-0.05430	0.04741	89.92870	0.55960	0.00124	1.00000	-0.00095	-1.00000	0.00125	0.00083	0.00083	0.00095	1.00000	
1024.35443	-613.71133	380.80167	-0.05968	0.05105	89.91970	0.53230	0.00140	1.00000	-0.00104	-1.00000	0.00140	0.00089	0.00089	0.00104	1.00000	
1024.30106	-613.88482	381.00711	-0.06248	0.04243	89.91438	0.51899	0.00149	1.00000	-0.00109	-1.00000	0.00150	0.00074	0.00074	0.00109	1.00000	
1025.06752	-613.53830	380.59063	-0.05299	0.04406	89.93327	0.50693	0.00116	1.00000	-0.00093	-1.00000	0.00117	0.00077	0.00077	0.00092	1.00000	
1023.83686	-614.09477	381.08829	-0.06643	0.04703	89.90362	0.53770	0.00168	1.00000	-0.00116	-1.00000	0.00168	0.00082	0.00082	0.00116	1.00000	
1023.88828	-614.10341	381.32947	-0.07281	0.05046	89.90452	0.49577	0.00167	1.00000	-0.00127	-1.00000	0.00167	0.00088	0.00088	0.00127	1.00000	
1024.20209	-614.00698	381.31276	-0.07131	0.04737	89.91231	0.44406	0.00153	1.00000	-0.00125	-1.00000	0.00153	0.00082	0.00083	0.00124	1.00000	
1024.63289	-613.82270	381.04031	-0.06339	0.04058	89.92229	0.46116	0.00136	1.00000	-0.00111	-1.00000	0.00136	0.00071	0.00071	0.00111	1.00000	
1024.40566	-613.99082	381.23631	-0.06978	0.04533	89.91663	0.49904	0.00146	1.00000	-0.00122	-1.00000	0.00146	0.00079	0.00079	0.00122	1.00000	
1024.95920	-613.89687	381.54397	-0.06939	0.02396	89.92459	0.47253	0.00132	1.00000	-0.00121	-1.00000	0.00132	0.00042	0.00042	0.00121	1.00000	
1025.36729	-613.72207	381.33770	-0.06554	0.03276	89.93721	0.49051	0.00110	1.00000	-0.00114	-1.00000	0.00110	0.00057	0.00057	0.00114	1.00000	
1024.92507	-613.85175	381.32527	-0.06696	0.03634	89.92752	0.48996	0.00126	1.00000	-0.00117	-1.00000	0.00127	0.00063	0.00063	0.00117	1.00000	
1025.08221	-613.73678	381.22260	-0.06429	0.03722	89.93180	0.49813	0.00119	1.00000	-0.00112	-1.00000	0.00119	0.00065	0.00065	0.00112	1.00000	
1024.73737	-613.82587	381.22109	-0.06460	0.03886	89.92394	0.49765	0.00133	1.00000	-0.00113	-1.00000	0.00133	0.00068	0.00068	0.00113	1.00000	
1024.40883	-614.05992	381.44735	-0.07658	0.05399	89.91889	0.49257	0.00142	1.00000	-0.00134	-1.00000	0.00142	0.00094	0.00094	0.00134	1.00000	
1024.41939	-614.10942	381.53378	-0.07514	0.04466	89.91525	0.47691	0.00148	1.00000	-0.00131	-1.00000	0.00148	0.00078	0.00078	0.00131	1.00000	
1025.15158	-613.70677	381.04573	-0.06278	0.04471	89.93398	0.48054	0.00115	1.00000	-0.00110	-1.00000	0.00115	0.00078	0.00078	0.00110	1.00000	
1025.89020	-613.53752	381.05509	-0.05898	0.03550	89.94968	0.48027	0.00088	1.00000	-0.00103	-1.00000	0.00088	0.00062	0.00062	0.00103	1.00000	
1025.56330	-613.67668	380.91858	-0.05833	0.04451	89.94215	0.48010	0.00101	1.00000	-0.00102	-1.00000	0.00101	0.00078	0.00078	0.00102	1.00000	
1026.89035	-613.25227	380.86728	-0.05333	0.03444	89.97177	0.47047	0.00049	1.00000	-0.00093	-1.00000	0.00049	0.00060	0.00060	0.00093	1.00000	
1026.15342	-613.51701	380.84059	-0.05395	0.03317	89.95306	0.48188	0.00082	1.00000	-0.00094	-1.00000	0.00082	0.00058	0.00058	0.00094	1.00000	
1025.31380	-613.97421	381.27356	-0.06332	0.02802	89.92857	0.51115	0.00125	1.00000	-0.00111	-1.00000	0.00125	0.00049	0.00049	0.00111	1.00000	
1026.19587	-613.55707	380.73940	-0.05291	0.03721	89.95254	0.49027	0.00083	1.00000	-0.00092	-1.00000	0.00083	0.00065	0.00065	0.00092	1.00000	
1026.07767	-613.73600	381.17620	-0.06408	0.03508	89.94982	0.48401	0.00088	1.00000	-0.00112	-1.00000	0.00088	0.00061	0.00061	0.00112	1.00000	
1026.69518	-613.41739	380.83459	-0.05537	0.03532	89.96616	0.48714	0.00059	1.00000	-0.00097	-1.00000	0.00059	0.00062	0.00062	0.00097	1.00000	
1025.44761	-613.86217	380.96893	-0.06071	0.04402	89.93521	0.48522	0.00113	1.00000	-0.00106	-1.00000	0.00113	0.00077	0.00077	0.00106	1.00000	
1025.76917	-613.73484	380.98258	-0.06202	0.04372	89.94485	0.49546	0.00096	1.00000	-0.00108	-1.00000	0.00096	0.00076	0.00076	0.00108	1.00000	
1024.85865	-613.98170	380.74801	-0.05721	0.05125	89.92457	0.49535	0.00132	1.00000	-0.00100	-1.00000	0.00132	0.00089	0.00089	0.00100	1.00000	
1024.83774	-613.89753	380.49655	-0.05115	0.05211	89.92300	0.52835	0.00134	1.00000	-0.00089	-1.00000	0.00134	0.00091	0.00091	0.00089	1.00000	
1025.75228	-613.62826	380.57934	-0.04724	0.03535	89.94282	0.50053	0.00100	1.00000	-0.00083	-1.00000	0.00100	0.00062	0.00062	0.00082	1.00000	
1025.40689	-613.77553	380.64779	-0.04726	0.03247	89.93273	0.51333	0.00117	1.00000	-0.00083	-1.00000	0.00117	0.00057	0.00057	0.00082	1.00000	
1025.58126	-613.72318	380.96243	-0.05620	0.03553	89.93914	0.51750	0.00106	1.00000	-0.00098	-1.00000	0.00106	0.00062	0.00062	0.00098	1.00000	
1026.14856	-613.42314	380.60584	-0.04680	0.03317	89.95185	0.47897	0.00084	1.00000	-0.00082	-1.00000	0.00084	0.00058	0.00058	0.00082	1.00000	
1025.72587	-613.66077	380.94651	-0.05536	0.03286	89.94141	0.48811	0.00102	1.00000	-0.00097	-1.00000	0.00102	0.00057	0.00057	0.00097	1.00000	
1025.58750	-613.78218	381.20577	-0.06682	0.04488	89.94096	0.50530	0.00103	1.00000	-0.00117	-1.00000	0.00103	0.00078	0.00078	0.00117	1.00000	
1025.37376	-613.97122	381.63712	-0.07852	0.04762	89.93660	0.50665	0.00111	1.00000	-0.00137	-1.00000	0.00111	0.00083	0.00083	0.00137	1.00000	
1024.88042	-614.05998	381.37830	-0.07318	0.05073	89.92594	0.49513	0.00129	1.00000	-0.00128	-1.00000	0.00129	0.00088	0.00089	0.00128	1.00000	
1025.09189	-614.06906	381.85049	-0.08273	0.04288	89.93030	0.49557	0.00122	1.00000	-0.00144	-1.00000	0.00122	0.00075	0.00075	0.00144	1.00000	
1025.40717	-613.78774	381.13236	-0.06799	0.05270	89.94131	0.51583	0.00102	1.00000	-0.00119	-1.00000	0.00103	0.00092	0.00092	0.00119	1.00000	
1024.30917	-614.30094	381.68074	-0.07838	0.04354	89.91142	0.49857	0.00155	1.00000	-0.00137	-1.00000	0.00155	0.00076	0.00076	0.00137	1.00000	
1025.13341	-613.91800	381.42266	-0.07038	0.03803	89.93199	0.50163	0.00119	1.00000	-0.00123	-1.00000	0.00119	0.00066	0.00066	0.00123	1.00000	
1024.44545	-614.11715	381.33451	-0.06827	0.03466	89.91418	0.51086	0.00150	1.00000	-0.00119	-1.00000	0.00150	0.00060	0.00060	0.00119	1.00000	
1025.36297	-613.70415	381.08892	-0.06285	0.03495	89.93835	0.53814	0.00108	1.00000	-0.00110	-1.00000	0.00108	0.00061	0.00061	0.00110	1.00000	
1024.88899	-613.79923	380.90352	-0.05954	0.03896	89.92822	0.51535	0.00125	1.00000	-0.00104	-1.00000	0.00125	0.00068	0.00068	0.00104	1.00000	
1024.43031	-614.00090	381.12088	-0.06884	0.05021	89.91907	0.49287	0.00141	1.00000	-0.00120	-1.00000	0.00141	0.00087	0.00088	0.00120	1.00000	
1024.46860	-614.02043	381.10401	-0.07131	0.05082	89.92058	0.51259	0.00139	1.00000	-0.00125	-1.00000	0.00139	0.00089	0.00089	0.00124	1.00000	
1024.68149	-614.01854	381.24393	-0.06777	0.02930	89.92029	0.50403	0.00139	1.00000	-0.00118	-1.00000	0.00139	0.00051	0.00051	0.00118	1.00000	
1023.73589	-614.25480	381.04360	-0.06901	0.04800	89.90134	0.47903	0.00172	1.00000	-0.00121	-1.00000	0.00172	0.00084	0.00084	0.00120	1.00000	
1023.82549	-614.24362	380.83385	-0.06416	0.04711	89.90173	0.51612	0.00172	1.00000	-0.00112	-1.00000	0.00172	0.00082	0.00082	0.00112	1.00000	
1023.53806	-614.27466	380.62829	-0.06184	0.05251	89.89629	0.51697	0.00181	1.00000	-0.00108	-1.00000	0.00181	0.00091	0.00092	0.00108	1.00000	
1023.20408	-614.52612	381.01914	-0.07566	0.06313	89.88903	0.55685	0.00194	1.00000	-0.00132	-1.00000	0.00194	0.00110	0.00110	0.00132	1.00000	
1023.98246	-614.15728	380.69879	-0.06407	0.05165	89.90598	0.55796	0.00164	1.00000	-0.00112	-1.00000	0.00164	0.00090	0.00090	0.00112	1.00000	
1022.99917	-614.69670	381.46168	-0.08161	0.04416	89.87934	0.56071	0.00211	1.00000	-0.00143	-1.00000	0.00211	0.00077	0.00077	0.00142	1.00000	
1023.77853	-614.36524	381.05343	-0.07241	0.04750	89.90006	0.54760	0.00174	1.00000	-0.00127	-1.00000	0.00175	0.00083	0.00083	0.00126	1.00000	
1024.28351	-614.17147	381.13189	-0.07399	0.04674	89.91380	0.50790	0.00150	1.00000	-0.00129	-1.00000	0.00151	0.00081	0.00082	0.00129	1.00000	
1024.29436	-614.16145	381.03689	-0.06865	0.03829	89.91283	0.47391	0.00152	1.00000	-0.00120	-1.00000	0.00152	0.00067	0.00067	0.00120	1.00000	
1024.46129	-613.88155	380.31378	-0.05208	0.04433	89.92026	0.47236	0.00139	1.00000	-0.00091	-1.00000	0.00139	0.00077	0.00077	0.00091	1.00000	
1024.94127	-613.76074	380.22324	-0.04701	0.03769	89.92761	0.48313	0.00126	1.00000	-0.00082	-1.00000	0.00126	0.00066	0.00066	0.00082	1.00000	
1024.69948	-613.97090	380.78957	-0.06329	0.04830	89.92420	0.49496	0.00132	1.00000	-0.00111	-1.00000	0.00132	0.00084	0.00084	0.00110	1.00000	
1024.90630	-613.89028	380.86240	-0.06325	0.04508	89.92921	0.49086	0.00124	1.00000	-0.00110	-1.00000	0.00124	0.00079	0.00079	0.00110	1.00000	
1025.60050	-613.59334	380.44685	-0.05200	0.04245	89.94658	0.45878	0.00093	1.00000	-0.00091	-1.00000	0.00093	0.00074	0.00074	0.00091	1.00000	
1025.58721	-613.61308	380.43897	-0.05127	0.04592	89.94568	0.43458	0.00095	1.00000	-0.00090	-1.00000	0.00095	0.00080	0.00080	0.00089	1.00000	
1025.82595	-613.43056	380.09112	-0.04554	0.05635	89.95408	0.46180	0.00080	1.00000	-0.00080	-1.00000	0.00080	0.00098	0.00098	0.00079	1.00000	
1024.78417	-613.72951	379.86147	-0.04399	0.07247	89.93127	0.45846	0.00120	1.00000	-0.00077	-1.00000	0.00120	0.00126	0.00126	0.00077	1.00000	
1025.17020	-613.80614	380.65027	-0.05855	0.05806	89.93770	0.46578	0.00109	1.00000	-0.00102	-1.00000	0.00109	0.00101	0.00101	0.00102	1.00000	
1025.64293	-613.63033	380.48784	-0.05358	0.06011	89.95065	0.46754	0.00086	1.00000	-0.00094	-1.00000	0.00086	0.00105	0.00105	0.00094	1.00000	
1026.06291	-613.50153	380.60115	-0.05089	0.04766	89.95631	0.45872	0.00076	1.00000	-0.00089	-1.00000	0.00076	0.00083	0.00083	0.00089	1.00000	
1026.84169	-613.22214	380.29249	-0.04198	0.04839	89.97517	0.48435	0.00043	1.00000	-0.00073	-1.00000	0.00043	0.00084	0.00084	0.00073	1.00000	
1026.57685	-613.31210	380.05514	-0.03421	0.04667	89.96682	0.47553	0.00058	1.00000	-0.00060	-1.00000	0.00058	0.00081	0.00081	0.00060	1.00000	
1026.59176	-613.34493	379.95087	-0.03623	0.06069	89.96921	0.49731	0.00054	1.00000	-0.00063	-1.00000	0.00054	0.00106	0.00106	0.00063	1.00000	
1026.69067	-613.47521	380.21807	-0.03696	0.04359	89.96555	0.49339	0.00060	1.00000	-0.00065	-1.00000	0.00060	0.00076	0.00076	0.00065	1.00000	
1026.88905	-613.54096	380.61003	-0.04655	0.04240	89.97009	0.49974	0.00052	1.00000	-0.00081	-1.00000	0.00052	0.00074	0.00074	0.00081	1.00000	
1026.94970	-613.41524	379.94365	-0.03196	0.04875	89.97167	0.51380	0.00049	1.00000	-0.00056	-1.00000	0.00049	0.00085	0.00085	0.00056	1.00000	
1026.50987	-613.70362	380.49584	-0.04347	0.04197	89.95870	0.51047	0.00072	1.00000	-0.00076	-1.00000	0.00072	0.00073	0.00073	0.00076	1.00000	
1026.72503	-613.70648	380.66839	-0.04456	0.03238	89.96154	0.53104	0.00067	1.00000	-0.00078	-1.00000	0.00067	0.00056	0.00057	0.00078	1.00000	
1025.92199	-614.04296	380.86014	-0.05286	0.03779	89.94255	0.52534	0.00100	1.00000	-0.00092	-1.00000	0.00100	0.00066	0.00066	0.00092	1.00000	
1026.59430	-613.73350	380.68850	-0.04872	0.03881	89.95962	0.52761	0.00070	1.00000	-0.00085	-1.00000	0.00071	0.00068	0.00068	0.00085	1.00000	
1026.04309	-613.93094	380.70819	-0.05448	0.05460	89.95012	0.54400	0.00087	1.00000	-0.00095	-1.00000	0.00087	0.00095	0.00095	0.00095	1.00000	
1025.71884	-613.89723	380.22559	-0.04399	0.05588	89.94232	0.53439	0.00101	1.00000	-0.00077	-1.00000	0.00101	0.00097	0.00098	0.00077	1.00000	
1025.27197	-614.09299	380.41824	-0.04937	0.05201	89.93046	0.56223	0.00121	1.00000	-0.00086	-1.00000	0.00121	0.00091	0.00091	0.00086	1.00000	
1025.89433	-613.79094	380.04432	-0.04210	0.05985	89.94871	0.53656	0.00090	1.00000	-0.00074	-1.00000	0.00090	0.00104	0.00104	0.00073	1.00000	
1025.78910	-613.98618	380.68860	-0.05813	0.05768	89.94650	0.54496	0.00093	1.00000	-0.00102	-1.00000	0.00093	0.00101	0.00101	0.00101	1.00000	
1026.08711	-613.81019	380.36826	-0.05318	0.06270	89.95494	0.56822	0.00079	1.00000	-0.00093	-1.00000	0.00079	0.00109	0.00109	0.00093	1.00000	
1026.14380	-613.82723	380.38054	-0.05500	0.06267	89.95717	0.56398	0.00075	1.00000	-0.00096	-1.00000	0.00075	0.00109	0.00109	0.00096	1.00000	
1027.01413	-613.41850	379.86118	-0.04022	0.05321	89.97691	0.53983	0.00040	1.00000	-0.00070	-1.00000	0.00040	0.00093	0.00093	0.00070	1.00000	
1025.86439	-613.85897	380.26110	-0.05077	0.05524	89.94919	0.53022	0.00089	1.00000	-0.00089	-1.00000	0.00089	0.00096	0.00096	0.00089	1.00000	
1026.85526	-613.52248	380.23392	-0.04973	0.05159	89.97310	0.50977	0.00047	1.00000	-0.00087	-1.00000	0.00047	0.00090	0.00090	0.00087	1.00000	
1026.14080	-613.81512	380.38715	-0.05296	0.05064	89.95551	0.51480	0.00078	1.00000	-0.00092	-1.00000	0.00078	0.00088	0.00088	0.00092	1.00000	
1026.48109	-613.58607	379.99293	-0.04489	0.05775	89.96564	0.50315	0.00060	1.00000	-0.00078	-1.00000	0.00060	0.00101	0.00101	0.00078	1.00000	
1026.40765	-613.62460	380.30399	-0.04910	0.05106	89.96276	0.48131	0.00065	1.00000	-0.00086	-1.00000	0.00065	0.00089	0.00089	0.00086	1.00000	
1026.04464	-613.66352	379.84613	-0.03862	0.05618	89.95372	0.49322	0.00081	1.00000	-0.00067	-1.00000	0.00081	0.00098	0.00098	0.00067	1.00000	
1026.83105	-613.60574	380.46753	-0.04990	0.04576	89.97045	0.46840	0.00052	1.00000	-0.00087	-1.00000	0.00052	0.00080	0.00080	0.00087	1.00000	
1026.84255	-613.50803	380.09721	-0.04009	0.04647	89.97139	0.49732	0.00050	1.00000	-0.00070	-1.00000	0.00050	0.00081	0.00081	0.00070	1.00000	
1026.43499	-613.77033	380.41505	-0.04688	0.04402	89.96110	0.47183	0.00068	1.00000	-0.00082	-1.00000	0.00068	0.00077	0.00077	0.00082	1.00000	
1025.28184	-614.07937	380.07719	-0.04114	0.05189	89.93430	0.49943	0.00115	1.00000	-0.00072	-1.00000	0.00115	0.00090	0.00091	0.00072	1.00000	
1025.84195	-613.86945	379.74207	-0.03418	0.05675	89.94817	0.49314	0.00090	1.00000	-0.00060	-1.00000	0.00091	0.00099	0.00099	0.00060	1.00000	
1025.61924	-613.94061	379.71563	-0.03529	0.06205	89.94569	0.50863	0.00095	1.00000	-0.00062	-1.00000	0.00095	0.00108	0.00108	0.00062	1.00000	
1026.18109	-613.82459	379.82722	-0.02904	0.03963	89.95216	0.47026	0.00083	1.00000	-0.00051	-1.00000	0.00084	0.00069	0.00069	0.00051	1.00000	
1026.65686	-613.72261	379.81434	-0.02990	0.04708	89.96502	0.47803	0.00061	1.00000	-0.00052	-1.00000	0.00061	0.00082	0.00082	0.00052	1.00000	
1026.78236	-613.67246	379.79216	-0.03113	0.05119	89.96893	0.45696	0.00054	1.00000	-0.00054	-1.00000	0.00054	0.00089	0.00089	0.00054	1.00000	
1026.12214	-613.96273	380.01052	-0.04147	0.06560	89.95490	0.45524	0.00079	1.00000	-0.00072	-1.00000	0.00079	0.00114	0.00114	0.00072	1.00000	
1026.73710	-613.73826	379.72909	-0.03049	0.05655	89.96803	0.43513	0.00056	1.00000	-0.00053	-1.00000	0.00056	0.00099	0.00099	0.00053	1.00000	
1026.71935	-613.94205	380.17961	-0.04026	0.05221	89.96563	0.46355	0.00060	1.00000	-0.00070	-1.00000	0.00060	0.00091	0.00091	0.00070	1.00000	
1026.84373	-614.04543	380.65335	-0.05332	0.05345	89.96822	0.47254	0.00055	1.00000	-0.00093	-1.00000	0.00056	0.00093	0.00093	0.00093	1.00000	
1026.07588	-614.22984	380.42037	-0.05081	0.06259	89.95195	0.48316	0.00084	1.00000	-0.00089	-1.00000	0.00084	0.00109	0.00109	0.00089	1.00000	
1026.44493	-614.15521	380.31710	-0.04745	0.06050	89.95964	0.50498	0.00070	1.00000	-0.00083	-1.00000	0.00071	0.00106	0.00106	0.00083	1.00000	
1025.82594	-614.41348	380.44405	-0.05285	0.06409	89.94521	0.48334	0.00096	1.00000	-0.00092	-1.00000	0.00096	0.00112	0.00112	0.00092	1.00000	
1026.58272	-614.14228	380.17154	-0.04270	0.05576	89.96023	0.47725	0.00069	1.00000	-0.00075	-1.00000	0.00069	0.00097	0.00097	0.00075	1.00000	
1026.49381	-613.95609	379.23032	-0.02297	0.06439	89.95937	0.52787	0.00071	1.00000	-0.00040	-1.00000	0.00071	0.00112	0.00112	0.00040	1.00000	
1026.04118	-614.28968	379.86093	-0.03815	0.06175	89.94801	0.50622	0.00091	1.00000	-0.00067	-1.00000	0.00091	0.00108	0.00108	0.00067	1.00000	
1025.91481	-614.35850	379.81700	-0.03811	0.06610	89.94476	0.49555	0.00096	1.00000	-0.00067	-1.00000	0.00097	0.00115	0.00115	0.00067	1.00000	
1026.01210	-614.40991	379.97702	-0.04047	0.06212	89.94521	0.50289	0.00096	1.00000	-0.00071	-1.00000	0.00096	0.00108	0.00108	0.00071	1.00000	
1026.84836	-614.05503	379.65174	-0.03053	0.05533	89.96323	0.46874	0.00064	1.00000	-0.00053	-1.00000	0.00064	0.00097	0.00097	0.00053	1.00000	
1027.63708	-613.73547	379.37085	-0.02309	0.05572	89.98288	0.52932	0.00030	1.00000	-0.00040	-1.00000	0.00030	0.00097	0.00097	0.00040	1.00000	
1027.42662	-613.78847	379.04728	-0.01670	0.05753	89.97741	0.50944	0.00039	1.00000	-0.00029	-1.00000	0.00039	0.00100	0.00100	0.00029	1.00000	
1026.82955	-614.19594	379.82630	-0.03682	0.06235	89.96273	0.51694	0.00065	1.00000	-0.00064	-1.00000	0.00065	0.00109	0.00109	0.00064	1.00000	
1026.71041	-614.11215	379.10967	-0.02658	0.07842	89.96239	0.53540	0.00066	1.00000	-0.00046	-1.00000	0.00066	0.00137	0.00137	0.00046	1.00000	
1026.39823	-614.36795	379.81914	-0.04104	0.07329	89.95406	0.50805	0.00080	1.00000	-0.00072	-1.00000	0.00080	0.00128	0.00128	0.00072	1.00000	
1026.30364	-614.37015	379.66610	-0.03606	0.07008	89.95132	0.49323	0.00085	1.00000	-0.00063	-1.00000	0.00085	0.00122	0.00122	0.00063	1.00000	
1026.89153	-614.12529	379.59697	-0.03241	0.06478	89.96675	0.48937	0.00058	1.00000	-0.00057	-1.00000	0.00058	0.00113	0.00113	0.00057	1.00000	
1025.63545	-614.64647	379.90467	-0.04310	0.07051	89.93681	0.50112	0.00110	1.00000	-0.00075	-1.00000	0.00110	0.00123	0.00123	0.00075	1.00000	
1025.77196	-614.59287	379.91414	-0.04464	0.07437	89.94079	0.51544	0.00103	1.00000	-0.00078	-1.00000	0.00103	0.00130	0.00130	0.00078	1.00000	
1026.08071	-614.41816	379.66878	-0.03886	0.07620	89.94882	0.50620	0.00089	1.00000	-0.00068	-1.00000	0.00089	0.00133	0.00133	0.00068	1.00000	
1026.58112	-614.06242	378.85462	-0.02382	0.09091	89.96622	0.50380	0.00059	1.00000	-0.00042	-1.00000	0.00059	0.00159	0.00159	0.00042	1.00000	
1026.31747	-614.27566	379.32722	-0.03210	0.07957	89.95658	0.50648	0.00076	1.00000	-0.00056	-1.00000	0.00076	0.00139	0.00139	0.00056	1.00000	
1026.46750	-614.24846	379.59762	-0.03811	0.07701	89.96227	0.50165	0.00066	1.00000	-0.00067	-1.00000	0.00066	0.00134	0.00134	0.00067	1.00000	
1026.50476	-614.17635	379.16566	-0.02709	0.08016	89.96233	0.50815	0.00066	1.00000	-0.00047	-1.00000	0.00066	0.00140	0.00140	0.00047	1.00000	
1025.85128	-614.60441	379.82569	-0.04235	0.07533	89.94624	0.49673	0.00094	1.00000	-0.00074	-1.00000	0.00094	0.00131	0.00131	0.00074	1.00000	
1026.02804	-614.56168	380.16731	-0.04765	0.06475	89.94920	0.47926	0.00089	1.00000	-0.00083	-1.00000	0.00089	0.00113	0.00113	0.00083	1.00000	
1025.93865	-614.58360	380.18972	-0.04853	0.06757	89.94731	0.50035	0.00092	1.00000	-0.00085	-1.00000	0.00092	0.00118	0.00118	0.00085	1.00000	
1025.53113	-614.75673	380.38683	-0.04944	0.05563	89.93480	0.49310	0.00114	1.00000	-0.00086	-1.00000	0.00114	0.00097	0.00097	0.00086	1.00000	
1026.11550	-614.66182	380.89211	-0.06150	0.05342	89.94919	0.45867	0.00089	1.00000	-0.00107	-1.00000	0.00089	0.00093	0.00093	0.00107	1.00000	
1026.16463	-614.52442	380.71325	-0.05794	0.05570	89.95216	0.47444	0.00084	1.00000	-0.00101	-1.00000	0.00084	0.00097	0.00097	0.00101	1.00000	
1025.30381	-614.70780	380.43871	-0.05287	0.06264	89.93229	0.46807	0.00118	1.00000	-0.00092	-1.00000	0.00118	0.00109	0.00109	0.00092	1.00000	
1025.88241	-614.51240	380.33387	-0.04819	0.05616	89.94484	0.48318	0.00096	1.00000	-0.00084	-1.00000	0.00096	0.00098	0.00098	0.00084	1.00000	
1025.98678	-614.42826	380.10511	-0.04360	0.05686	89.94767	0.48656	0.00091	1.00000	-0.00076	-1.00000	0.00091	0.00099	0.00099	0.00076	1.00000	
1026.11347	-614.34769	379.91300	-0.03899	0.05441	89.95025	0.49833	0.00087	1.00000	-0.00068	-1.00000	0.00087	0.00095	0.00095	0.00068	1.00000	
1026.48986	-614.16603	379.77266	-0.03808	0.06307	89.96124	0.49983	0.00068	1.00000	-0.00067	-1.00000	0.00068	0.00110	0.00110	0.00066	1.00000	
1026.77598	-614.06820	379.59261	-0.03249	0.05590	89.96651	0.47953	0.00058	1.00000	-0.00057	-1.00000	0.00059	0.00098	0.00098	0.00057	1.00000	
1026.30899	-614.28549	379.64825	-0.03646	0.06129	89.95629	0.51127	0.00076	1.00000	-0.00064	-1.00000	0.00076	0.00107	0.00107	0.00064	1.00000	
1026.63131	-613.99359	379.14313	-0.02392	0.06262	89.96558	0.50648	0.00060	1.00000	-0.00042	-1.00000	0.00060	0.00109	0.00109	0.00042	1.00000	
1025.74649	-614.42789	379.50411	-0.03473	0.06632	89.94438	0.53669	0.00097	1.00000	-0.00061	-1.00000	0.00097	0.00116	0.00116	0.00061	1.00000	
1026.12457	-614.15983	379.16732	-0.02856	0.07389	89.95662	0.51939	0.00076	1.00000	-0.00050	-1.00000	0.00076	0.00129	0.00129	0.00050	1.00000	
1025.52478	-614.48686	379.53795	-0.04184	0.08182	89.94427	0.54192	0.00097	1.00000	-0.00073	-1.00000	0.00097	0.00143	0.00143	0.00073	1.00000	
1025.37578	-614.47973	379.07226	-0.02877	0.07850	89.93800	0.51929	0.00108	1.00000	-0.00050	-1.00000	0.00108	0.00137	0.00137	0.00050	1.00000	
1025.35413	-614.65854	379.65741	-0.04457	0.08367	89.94012	0.51740	0.00105	1.00000	-0.00078	-1.00000	0.00105	0.00146	0.00146	0.00078	1.00000	
1024.61988	-614.82956	379.15436	-0.03609	0.09268	89.92268	0.52220	0.00135	1.00000	-0.00063	-1.00000	0.00135	0.00162	0.00162	0.00063	1.00000	
1025.99630	-614.35876	378.99325	-0.02820	0.08410	89.95582	0.48181	0.00077	1.00000	-0.00049	-1.00000	0.00077	0.00147	0.00147	0.00049	1.00000	
1026.18982	-614.23531	378.76994	-0.02190	0.08235	89.96029	0.48464	0.00069	1.00000	-0.00038	-1.00000	0.00069	0.00144	0.00144	0.00038	1.00000	
1026.11369	-614.26001	378.80057	-0.02201	0.08069	89.95756	0.46790	0.00074	1.00000	-0.00039	-1.00000	0.00074	0.00141	0.00141	0.00038	1.00000	
1025.69835	-614.52998	379.20522	-0.03004	0.07494	89.94530	0.48438	0.00095	1.00000	-0.00053	-1.00000	0.00096	0.00131	0.00131	0.00052	1.00000	
1025.70376	-614.47366	379.03683	-0.02672	0.07714	89.94700	0.50139	0.00092	1.00000	-0.00047	-1.00000	0.00093	0.00135	0.00135	0.00047	1.00000	
1025.68255	-614.57967	379.38497	-0.03314	0.06988	89.94497	0.52325	0.00096	1.00000	-0.00058	-1.00000	0.00096	0.00122	0.00122	0.00058	1.00000	
1025.99291	-614.35134	379.18167	-0.02898	0.07407	89.95554	0.51634	0.00078	1.00000	-0.00051	-1.00000	0.00078	0.00129	0.00129	0.00051	1.00000	
1025.13302	-614.79121	379.77427	-0.04439	0.07624	89.93431	0.51990	0.00115	1.00000	-0.00078	-1.00000	0.00115	0.00133	0.00133	0.00077	1.00000	
1026.00244	-614.53537	379.90522	-0.04351	0.06063	89.95185	0.50020	0.00084	1.00000	-0.00076	-1.00000	0.00084	0.00106	0.00106	0.00076	1.00000	
1025.96249	-614.56031	380.26777	-0.04797	0.04875	89.94895	0.48318	0.00089	1.00000	-0.00084	-1.00000	0.00089	0.00085	0.00085	0.00084	1.00000	
1025.55324	-614.59754	379.83626	-0.04103	0.06055	89.94058	0.49869	0.00104	1.00000	-0.00072	-1.00000	0.00104	0.00106	0.00106	0.00072	1.00000	
1025.98574	-614.39384	379.47870	-0.03048	0.05235	89.95045	0.48066	0.00086	1.00000	-0.00053	-1.00000	0.00087	0.00091	0.00091	0.00053	1.00000	
1026.43807	-614.35489	379.69587	-0.03365	0.04418	89.95910	0.49292	0.00071	1.00000	-0.00059	-1.00000	0.00071	0.00077	0.00077	0.00059	1.00000	
1026.38390	-614.36427	379.61097	-0.03549	0.05873	89.96100	0.52997	0.00068	1.00000	-0.00062	-1.00000	0.00068	0.00102	0.00102	0.00062	1.00000	
1025.91419	-614.48164	379.34856	-0.03308	0.07147	89.95218	0.53375	0.00083	1.00000	-0.00058	-1.00000	0.00084	0.00125	0.00125	0.00058	1.00000	
1026.58671	-614.41142	379.87736	-0.04210	0.06115	89.96628	0.50248	0.00059	1.00000	-0.00074	-1.00000	0.00059	0.00107	0.00107	0.00073	1.00000	
1026.08203	-614.39934	379.16814	-0.02804	0.07400	89.95719	0.48891	0.00075	1.00000	-0.00049	-1.00000	0.00075	0.00129	0.00129	0.00049	1.00000	
1025.81725	-614.51773	379.24544	-0.02923	0.07406	89.94813	0.50855	0.00091	1.00000	-0.00051	-1.00000	0.00091	0.00129	0.00129	0.00051	1.00000	
1025.78652	-614.40238	378.76460	-0.01921	0.08035	89.94894	0.55738	0.00089	1.00000	-0.00034	-1.00000	0.00089	0.00140	0.00140	0.00034	1.00000	
1026.31404	-614.31653	379.19837	-0.02847	0.07770	89.96264	0.52553	0.00065	1.00000	-0.00050	-1.00000	0.00065	0.00136	0.00136	0.00050	1.00000	
1026.33188	-614.33901	378.99351	-0.02392	0.07916	89.96090	0.50365	0.00068	1.00000	-0.00042	-1.00000	0.00068	0.00138	0.00138	0.00042	1.00000	
1026.10987	-614.53358	379.22727	-0.02848	0.07557	89.95408	0.50744	0.00080	1.00000	-0.00050	-1.00000	0.00080	0.00132	0.00132	0.00050	1.00000	
1026.68056	-614.32279	378.97043	-0.02669	0.09149	89.97211	0.50962	0.00049	1.00000	-0.00047	-1.00000	0.00049	0.00160	0.00160	0.00047	1.00000	
1026.03883	-614.45271	378.45837	-0.01514	0.09836	89.95554	0.50877	0.00078	1.00000	-0.00027	-1.00000	0.00078	0.00172	0.00172	0.00026	1.00000	
1026.26194	-614.45824	378.67726	-0.01979	0.09566	89.96003	0.50686	0.00070	1.00000	-0.00035	-1.00000	0.00070	0.00167	0.00167	0.00035	1.00000	
1026.05941	-614.62854	378.86172	-0.02339	0.09364	89.95397	0.53725	0.00080	1.00000	-0.00041	-1.00000	0.00080	0.00163	0.00163	0.00041	1.00000	
1026.32597	-614.37630	378.04004	-0.00943	0.11182	89.96439	0.52600	0.00062	1.00000	-0.00017	-1.00000	0.00062	0.00195	0.00195	0.00016	1.00000	
1025.63000	-614.74602	378.45791	-0.01649	0.10242	89.94418	0.51117	0.00097	1.00000	-0.00029	-1.00000	0.00097	0.00179	0.00179	0.00029	1.00000	
1026.13873	-614.61886	378.57693	-0.01914	0.10129	89.95579	0.52607	0.00077	1.00000	-0.00034	-1.00000	0.00077	0.00177	0.00177	0.00033	1.00000	
1026.00449	-614.84034	378.94488	-0.03164	0.11004	89.95358	0.49820	0.00081	1.00000	-0.00055	-1.00000	0.00081	0.00192	0.00192	0.00055	1.00000	
1026.60960	-614.64185	378.83370	-0.02190	0.08981	89.96217	0.53818	0.00066	1.00000	-0.00038	-1.00000	0.00066	0.00157	0.00157	0.00038	1.00000	
1026.33327	-614.71089	378.98686	-0.01996	0.07263	89.95081	0.51272	0.00086	1.00000	-0.00035	-1.00000	0.00086	0.00127	0.00127	0.00035	1.00000	
1025.87537	-614.94390	379.14856	-0.02949	0.08638	89.94255	0.55562	0.00100	1.00000	-0.00052	-1.00000	0.00100	0.00151	0.00151	0.00051	1.00000	
1025.53759	-615.05854	379.13135	-0.02693	0.08186	89.93177	0.54515	0.00119	1.00000	-0.00047	-1.00000	0.00119	0.00143	0.00143	0.00047	1.00000	
1025.50792	-615.10519	379.12434	-0.02473	0.07767	89.92889	0.50654	0.00124	1.00000	-0.00043	-1.00000	0.00124	0.00136	0.00136	0.00043	1.00000	
1026.05983	-614.96823	379.16207	-0.02608	0.07751	89.94287	0.48652	0.00100	1.00000	-0.00046	-1.00000	0.00100	0.00135	0.00135	0.00046	1.00000	
1026.16694	-615.03229	379.44116	-0.02907	0.06662	89.94272	0.47257	0.00100	1.00000	-0.00051	-1.00000	0.00100	0.00116	0.00116	0.00051	1.00000	
1025.84417	-615.07919	379.34446	-0.02784	0.07353	89.93675	0.46186	0.00110	1.00000	-0.00049	-1.00000	0.00110	0.00128	0.00128	0.00049	1.00000	
1025.22791	-615.25893	378.99812	-0.02024	0.08116	89.92205	0.47488	0.00136	1.00000	-0.00036	-1.00000	0.00136	0.00142	0.00142	0.00035	1.00000	
1025.07898	-615.42898	379.23781	-0.02976	0.09154	89.91895	0.48240	0.00141	1.00000	-0.00052	-1.00000	0.00142	0.00160	0.00160	0.00052	1.00000	
1025.22678	-615.45212	379.74872	-0.03921	0.08298	89.92110	0.48336	0.00138	1.00000	-0.00069	-1.00000	0.00138	0.00145	0.00145	0.00068	1.00000	
1026.16075	-615.01995	379.11175	-0.02526	0.08571	89.94550	0.47115	0.00095	1.00000	-0.00044	-1.00000	0.00095	0.00150	0.00150	0.00044	1.00000	
1026.90992	-614.83270	379.11602	-0.02064	0.07291	89.95961	0.44785	0.00070	1.00000	-0.00036	-1.00000	0.00071	0.00127	0.00127	0.00036	1.00000	
1027.03406	-614.72195	378.89002	-0.01474	0.07163	89.96344	0.46757	0.00064	1.00000	-0.00026	-1.00000	0.00064	0.00125	0.00125	0.00026	1.00000	
1027.25262	-614.71620	378.96681	-0.01088	0.05606	89.96431	0.47467	0.00062	1.00000	-0.00019	-1.00000	0.00062	0.00098	0.00098	0.00019	1.00000	
1026.33931	-615.20550	379.53269	-0.02501	0.05598	89.94131	0.45494	0.00102	1.00000	-0.00044	-1.00000	0.00102	0.00098	0.00098	0.00044	1.00000	
1026.82335	-615.19930	380.06141	-0.03494	0.04657	89.95058	0.45004	0.00086	1.00000	-0.00061	-1.00000	0.00086	0.00081	0.00081	0.00061	1.00000	
1026.15305	-615.24306	379.32759	-0.01818	0.05202	89.93545	0.44811	0.00113	1.00000	-0.00032	-1.00000	0.00113	0.00091	0.00091	0.00032	1.00000	
1026.94789	-615.24708	380.02899	-0.04088	0.06681	89.95735	0.39652	0.00074	1.00000	-0.00071	-1.00000	0.00075	0.00117	0.00117	0.00071	1.00000	
1027.15325	-615.13109	379.68539	-0.03120	0.06515	89.96116	0.41139	0.00068	1.00000	-0.00055	-1.00000	0.00068	0.00114	0.00114	0.00054	1.00000	
1026.52576	-615.36152	379.67581	-0.03576	0.07864	89.94807	0.43620	0.00091	1.00000	-0.00063	-1.00000	0.00091	0.00137	0.00137	0.00062	1.00000	
1026.86333	-615.13331	379.08751	-0.02143	0.07729	89.95762	0.48872	0.00074	1.00000	-0.00037	-1.00000	0.00074	0.00135	0.00135	0.00037	1.00000	
1025.36096	-615.90809	379.91330	-0.04124	0.07834	89.91844	0.52073	0.00142	1.00000	-0.00072	-1.00000	0.00142	0.00137	0.00137	0.00072	1.00000	
1025.58807	-615.80915	379.76248	-0.03745	0.07963	89.92391	0.53393	0.00133	1.00000	-0.00066	-1.00000	0.00133	0.00139	0.00139	0.00065	1.00000	
1025.29048	-615.74922	378.96489	-0.02071	0.09143	89.91881	0.53229	0.00142	1.00000	-0.00036	-1.00000	0.00142	0.00160	0.00160	0.00036	1.00000	
1025.30492	-615.80184	379.17490	-0.02305	0.08530	89.91818	0.51696	0.00143	1.00000	-0.00040	-1.00000	0.00143	0.00149	0.00149	0.00040	1.00000	
1026.26026	-615.58287	379.44401	-0.02190	0.06558	89.93628	0.48264	0.00111	1.00000	-0.00038	-1.00000	0.00111	0.00114	0.00114	0.00038	1.00000	
1026.54831	-615.33082	378.85200	-0.01145	0.07709	89.94616	0.51066	0.00094	1.00000	-0.00020	-1.00000	0.00094	0.00135	0.00135	0.00020	1.00000	
1026.17995	-615.54759	379.29802	-0.01818	0.06550	89.93304	0.51765	0.00117	1.00000	-0.00032	-1.00000	0.00117	0.00114	0.00114	0.00032	1.00000	
1026.26796	-615.53554	379.44258	-0.02249	0.06969	89.93739	0.51090	0.00109	1.00000	-0.00039	-1.00000	0.00109	0.00122	0.00122	0.00039	1.00000	
1025.96687	-615.68850	379.51204	-0.02768	0.08010	89.93091	0.55262	0.00121	1.00000	-0.00048	-1.00000	0.00121	0.00140	0.00140	0.00048	1.00000	
1025.45609	-615.78032	379.27727	-0.02264	0.08415	89.91997	0.52743	0.00140	1.00000	-0.00040	-1.00000	0.00140	0.00147	0.00147	0.00040	1.00000	
1027.15123	-615.21801	379.33080	-0.01959	0.07116	89.95927	0.54801	0.00071	1.00000	-0.00034	-1.00000	0.00071	0.00124	0.00124	0.00034	1.00000	
1026.09963	-615.56105	379.32869	-0.01927	0.06935	89.93307	0.50178	0.00117	1.00000	-0.00034	-1.00000	0.00117	0.00121	0.00121	0.00034	1.00000	
1026.80281	-615.40182	379.57783	-0.02473	0.06600	89.95050	0.51814	0.00086	1.00000	-0.00043	-1.00000	0.00086	0.00115	0.00115	0.00043	1.00000	
1026.38052	-615.52042	379.59769	-0.02604	0.06610	89.94125	0.51993	0.00103	1.00000	-0.00046	-1.00000	0.00103	0.00115	0.00115	0.00045	1.00000	
1025.95348	-615.59242	379.25761	-0.02115	0.07470	89.93308	0.53528	0.00117	1.00000	-0.00037	-1.00000	0.00117	0.00130	0.00130	0.00037	1.00000	
1025.43286	-615.73371	379.07632	-0.02036	0.08162	89.92157	0.58834	0.00137	1.00000	-0.00036	-1.00000	0.00137	0.00142	0.00142	0.00036	1.00000	
1026.21806	-615.49217	379.28386	-0.02129	0.07311	89.94171	0.55961	0.00102	1.00000	-0.00037	-1.00000	0.00102	0.00128	0.00128	0.00037	1.00000	
1024.96244	-615.88810	379.04325	-0.02455	0.09612	89.91520	0.54109	0.00148	1.00000	-0.00043	-1.00000	0.00148	0.00168	0.00168	0.00043	1.00000	
1026.14080	-615.51839	379.06817	-0.02732	0.09659	89.94672	0.51889	0.00093	1.00000	-0.00048	-1.00000	0.00093	0.00169	0.00169	0.00048	1.00000	
1027.09291	-615.07754	378.80044	-0.01944	0.09107	89.96978	0.52915	0.00053	1.00000	-0.00034	-1.00000	0.00053	0.00159	0.00159	0.00034	1.00000	
1027.01487	-615.18394	379.13319	-0.02980	0.09280	89.96882	0.53608	0.00054	1.00000	-0.00052	-1.00000	0.00055	0.00162	0.00162	0.00052	1.00000	
1026.56116	-615.29263	379.21420	-0.03366	0.09520	89.95910	0.51406	0.00071	1.00000	-0.00059	-1.00000	0.00071	0.00166	0.00166	0.00059	1.00000	
1025.74025	-615.66497	379.41978	-0.03720	0.08909	89.93696	0.51426	0.00110	1.00000	-0.00065	-1.00000	0.00110	0.00155	0.00155	0.00065	1.00000	
1026.06381	-615.55431	379.26751	-0.03080	0.08085	89.94151	0.51561	0.00102	1.00000	-0.00054	-1.00000	0.00102	0.00141	0.00141	0.00054	1.00000	
1025.74076	-615.54946	378.91158	-0.02509	0.09057	89.93642	0.51678	0.00111	1.00000	-0.00044	-1.00000	0.00111	0.00158	0.00158	0.00044	1.00000	
1026.14140	-615.28990	378.39702	-0.01980	0.11150	89.95209	0.50598	0.00084	1.00000	-0.00035	-1.00000	0.00084	0.00195	0.00195	0.00035	1.00000	
1026.70048	-615.09594	378.30460	-0.01434	0.10101	89.96259	0.49009	0.00065	1.00000	-0.00025	-1.00000	0.00065	0.00176	0.00176	0.00025	1.00000	
1026.56306	-615.09393	378.02439	-0.00670	0.09911	89.95976	0.51000	0.00070	1.00000	-0.00012	-1.00000	0.00070	0.00173	0.00173	0.00012	1.00000	
1026.11983	-615.48342	378.78585	-0.01895	0.07885	89.94218	0.47280	0.00101	1.00000	-0.00033	-1.00000	0.00101	0.00138	0.00138	0.00033	1.00000	
1026.09283	-615.48795	378.77756	-0.01998	0.08560	89.94368	0.48710	0.00098	1.00000	-0.00035	-1.00000	0.00098	0.00149	0.00149	0.00035	1.00000	
1025.51229	-615.79209	379.06605	-0.02836	0.08470	89.92806	0.47753	0.00126	1.00000	-0.00050	-1.00000	0.00126	0.00148	0.00148	0.00049	1.00000	
1026.01219	-615.59833	378.80865	-0.02141	0.08772	89.94102	0.47603	0.00103	1.00000	-0.00038	-1.00000	0.00103	0.00153	0.00153	0.00037	1.00000	
1024.95058	-616.06450	379.14611	-0.02995	0.08626	89.91296	0.50415	0.00152	1.00000	-0.00052	-1.00000	0.00152	0.00150	0.00151	0.00052	1.00000	
1025.55028	-616.01700	379.71949	-0.03721	0.06416	89.92254	0.51683	0.00135	1.00000	-0.00065	-1.00000	0.00135	0.00112	0.00112	0.00065	1.00000	
1025.87293	-615.84127	379.37636	-0.03168	0.07419	89.93289	0.48753	0.00117	1.00000	-0.00055	-1.00000	0.00117	0.00129	0.00129	0.00055	1.00000	
1025.79460	-615.91156	379.37567	-0.03265	0.07651	89.93031	0.46912	0.00122	1.00000	-0.00057	-1.00000	0.00122	0.00133	0.00134	0.00057	1.00000	
1025.76092	-616.04011	379.66872	-0.04320	0.08444	89.93004	0.48613	0.00122	1.00000	-0.00076	-1.00000	0.00122	0.00147	0.00147	0.00075	1.00000	
1025.19897	-616.18078	379.54610	-0.04155	0.09123	89.91721	0.47199	0.00144	1.00000	-0.00073	-1.00000	0.00145	0.00159	0.00159	0.00073	1.00000	
1025.54793	-616.11202	379.65167	-0.03850	0.07399	89.92094	0.48780	0.00138	1.00000	-0.00067	-1.00000	0.00138	0.00129	0.00129	0.00067	1.00000	
1024.65097	-616.60664	380.38347	-0.05414	0.06563	89.89627	0.53084	0.00181	1.00000	-0.00095	-1.00000	0.00181	0.00114	0.00115	0.00094	1.00000	
1025.12949	-616.35475	379.96734	-0.04484	0.07114	89.90936	0.52498	0.00158	1.00000	-0.00078	-1.00000	0.00158	0.00124	0.00124	0.00078	1.00000	
1025.14311	-616.33723	379.86338	-0.04030	0.07042	89.90944	0.52791	0.00158	1.00000	-0.00071	-1.00000	0.00158	0.00123	0.00123	0.00070	1.00000	
1025.36543	-616.38009	380.20352	-0.04764	0.06441	89.91294	0.51963	0.00152	1.00000	-0.00083	-1.00000	0.00152	0.00112	0.00112	0.00083	1.00000	
1024.88945	-616.44591	380.09032	-0.04982	0.08129	89.90732	0.52666	0.00162	1.00000	-0.00087	-1.00000	0.00162	0.00142	0.00142	0.00087	1.00000	
1025.61332	-616.31422	380.20198	-0.04423	0.06360	89.91990	0.53786	0.00140	1.00000	-0.00077	-1.00000	0.00140	0.00111	0.00111	0.00077	1.00000	
1025.34520	-616.19986	379.51854	-0.02951	0.06920	89.91451	0.56789	0.00149	1.00000	-0.00052	-1.00000	0.00149	0.00121	0.00121	0.00052	1.00000	
1025.72673	-616.04823	379.41532	-0.02387	0.06120	89.92244	0.50956	0.00135	1.00000	-0.00042	-1.00000	0.00135	0.00107	0.00107	0.00042	1.00000	
1025.58742	-616.04353	379.17289	-0.02331	0.07754	89.92207	0.52315	0.00136	1.00000	-0.00041	-1.00000	0.00136	0.00135	0.00135	0.00041	1.00000	
1026.38072	-615.79853	379.16012	-0.01974	0.06726	89.94059	0.47941	0.00104	1.00000	-0.00035	-1.00000	0.00104	0.00117	0.00117	0.00034	1.00000	
1025.90016	-615.90373	378.94271	-0.01574	0.06771	89.92945	0.45371	0.00123	1.00000	-0.00028	-1.00000	0.00123	0.00118	0.00118	0.00027	1.00000	
1026.83590	-615.65630	378.93360	-0.01718	0.06869	89.95286	0.46741	0.00082	1.00000	-0.00030	-1.00000	0.00082	0.00120	0.00120	0.00030	1.00000	
1025.67358	-616.15089	379.49609	-0.03118	0.06272	89.92371	0.47303	0.00133	1.00000	-0.00055	-1.00000	0.00133	0.00109	0.00109	0.00054	1.00000	
1025.75246	-615.99533	379.12057	-0.02624	0.07323	89.92959	0.46314	0.00123	1.00000	-0.00046	-1.00000	0.00123	0.00128	0.00128	0.00046	1.00000	
1025.85561	-616.02182	379.16496	-0.02747	0.07251	89.93100	0.47198	0.00120	1.00000	-0.00048	-1.00000	0.00120	0.00126	0.00127	0.00048	1.00000	
1026.10888	-615.87979	379.05168	-0.02692	0.07349	89.93691	0.48827	0.00110	1.00000	-0.00047	-1.00000	0.00110	0.00128	0.00128	0.00047	1.00000	
1026.87179	-615.58570	378.61636	-0.01212	0.06291	89.95246	0.49401	0.00083	1.00000	-0.00021	-1.00000	0.00083	0.00110	0.00110	0.00021	1.00000	
1026.33060	-615.90993	379.03454	-0.02520	0.06688	89.93917	0.48931	0.00106	1.00000	-0.00044	-1.00000	0.00106	0.00117	0.00117	0.00044	1.00000	
1026.96863	-615.66739	378.81047	-0.01760	0.05976	89.95310	0.50784	0.00082	1.00000	-0.00031	-1.00000	0.00082	0.00104	0.00104	0.00031	1.00000	
1026.26645	-615.97354	378.98381	-0.02570	0.07199	89.93829	0.49892	0.00108	1.00000	-0.00045	-1.00000	0.00108	0.00126	0.00126	0.00045	1.00000	
1026.38147	-615.96354	379.21651	-0.03274	0.07570	89.94232	0.50112	0.00101	1.00000	-0.00057	-1.00000	0.00101	0.00132	0.00132	0.00057	1.00000	
1026.47274	-615.94965	379.29286	-0.03366	0.07280	89.94373	0.54700	0.00098	1.00000	-0.00059	-1.00000	0.00098	0.00127	0.00127	0.00059	1.00000	
1026.06646	-616.24184	379.75663	-0.04462	0.07257	89.93226	0.53225	0.00118	1.00000	-0.00078	-1.00000	0.00118	0.00127	0.00127	0.00078	1.00000	
1026.13952	-616.21789	379.77491	-0.04305	0.06807	89.93299	0.49514	0.00117	1.00000	-0.00075	-1.00000	0.00117	0.00119	0.00119	0.00075	1.00000	
1025.88130	-616.37732	380.10297	-0.04652	0.05182	89.92130	0.51495	0.00137	1.00000	-0.00081	-1.00000	0.00137	0.00090	0.00090	0.00081	1.00000	
1026.04812	-616.12802	379.42945	-0.03268	0.06456	89.93175	0.51480	0.00119	1.00000	-0.00057	-1.00000	0.00119	0.00113	0.00113	0.00057	1.00000	
1026.51124	-616.11659	379.96251	-0.04565	0.06268	89.94160	0.50676	0.00102	1.00000	-0.00080	-1.00000	0.00102	0.00109	0.00109	0.00080	1.00000	
1026.81887	-615.89570	379.29548	-0.02962	0.06848	89.94933	0.47890	0.00088	1.00000	-0.00052	-1.00000	0.00088	0.00119	0.00120	0.00052	1.00000	
1027.12760	-615.81585	379.30346	-0.03031	0.06689	89.95728	0.46663	0.00075	1.00000	-0.00053	-1.00000	0.00075	0.00117	0.00117	0.00053	1.00000	
1027.31380	-615.79788	379.35246	-0.03444	0.07501	89.96395	0.46053	0.00063	1.00000	-0.00060	-1.00000	0.00063	0.00131	0.00131	0.00060	1.00000	
1027.32702	-615.74287	379.03282	-0.02389	0.06731	89.96218	0.47174	0.00066	1.00000	-0.00042	-1.00000	0.00066	0.00117	0.00117	0.00042	1.00000	
1027.18603	-615.84589	379.15188	-0.02709	0.06556	89.95894	0.50804	0.00072	1.00000	-0.00047	-1.00000	0.00072	0.00114	0.00114	0.00047	1.00000	
1026.38262	-616.11346	379.34300	-0.03156	0.06975	89.93969	0.52045	0.00105	1.00000	-0.00055	-1.00000	0.00105	0.00122	0.00122	0.00055	1.00000	
1027.21000	-615.58339	378.37969	-0.01178	0.07859	89.96365	0.52325	0.00063	1.00000	-0.00021	-1.00000	0.00063	0.00137	0.00137	0.00021	1.00000	
1026.83236	-615.81338	378.83560	-0.02458	0.08423	89.95677	0.52223	0.00075	1.00000	-0.00043	-1.00000	0.00076	0.00147	0.00147	0.00043	1.00000	
1026.77502	-615.90976	379.24568	-0.03240	0.07290	89.95351	0.49213	0.00081	1.00000	-0.00057	-1.00000	0.00081	0.00127	0.00127	0.00057	1.00000	
1027.49915	-615.71901	379.22508	-0.03209	0.07300	89.97140	0.51067	0.00050	1.00000	-0.00056	-1.00000	0.00050	0.00127	0.00127	0.00056	1.00000	
1026.92898	-615.84305	379.22241	-0.03274	0.07634	89.95797	0.47232	0.00073	1.00000	-0.00057	-1.00000	0.00073	0.00133	0.00133	0.00057	1.00000	
1027.13263	-615.74042	379.02741	-0.02762	0.07483	89.96177	0.49058	0.00067	1.00000	-0.00048	-1.00000	0.00067	0.00131	0.00131	0.00048	1.00000	
1027.17537	-615.74247	378.96868	-0.03085	0.08712	89.96568	0.44855	0.00060	1.00000	-0.00054	-1.00000	0.00060	0.00152	0.00152	0.00054	1.00000	
1027.11543	-615.90562	379.36260	-0.04001	0.08336	89.96167	0.47282	0.00067	1.00000	-0.00070	-1.00000	0.00067	0.00145	0.00145	0.00070	1.00000	
1026.13403	-616.22962	379.21177	-0.03472	0.07997	89.93446	0.47312	0.00114	1.00000	-0.00061	-1.00000	0.00114	0.00140	0.00140	0.00061	1.00000	
1025.42476	-616.59730	379.53072	-0.04993	0.09459	89.91816	0.44997	0.00143	1.00000	-0.00087	-1.00000	0.00143	0.00165	0.00165	0.00087	1.00000	
1025.87668	-616.64838	380.12047	-0.05806	0.07355	89.92318	0.45176	0.00134	1.00000	-0.00102	-1.00000	0.00134	0.00128	0.00128	0.00101	1.00000	
1025.94085	-616.72817	380.25704	-0.05934	0.06593	89.92259	0.46348	0.00135	1.00000	-0.00104	-1.00000	0.00135	0.00115	0.00115	0.00104	1.00000	
1025.30497	-617.04541	380.59649	-0.06771	0.06644	89.90594	0.45524	0.00164	1.00000	-0.00118	-1.00000	0.00164	0.00116	0.00116	0.00118	1.00000	
1025.08737	-617.11809	380.49036	-0.06465	0.06614	89.90019	0.48851	0.00174	1.00000	-0.00113	-1.00000	0.00174	0.00115	0.00115	0.00113	1.00000	
1024.77758	-617.20988	380.27280	-0.06194	0.07326	89.89454	0.48550	0.00184	1.00000	-0.00108	-1.00000	0.00184	0.00128	0.00128	0.00108	1.00000	
1025.31230	-616.96614	380.17148	-0.06148	0.07795	89.91042	0.45923	0.00156	1.00000	-0.00108	-1.00000	0.00157	0.00136	0.00136	0.00107	1.00000	
1024.98085	-617.05362	379.96750	-0.05939	0.08437	89.90300	0.50490	0.00169	1.00000	-0.00104	-1.00000	0.00169	0.00147	0.00147	0.00104	1.00000	
1025.19877	-616.98982	380.06492	-0.05592	0.06754	89.90514	0.49405	0.00166	1.00000	-0.00098	-1.00000	0.00166	0.00118	0.00118	0.00098	1.00000	
1025.30846	-617.00238	380.09408	-0.05269	0.05872	89.90497	0.48774	0.00166	1.00000	-0.00092	-1.00000	0.00166	0.00102	0.00102	0.00092	1.00000	
1024.73884	-617.33839	380.63860	-0.06697	0.05873	89.89046	0.50593	0.00191	1.00000	-0.00117	-1.00000	0.00191	0.00102	0.00103	0.00117	1.00000	
1024.53121	-617.36076	380.73004	-0.06780	0.05495	89.88572	0.52219	0.00199	1.00000	-0.00119	-1.00000	0.00200	0.00096	0.00096	0.00118	1.00000	
1025.05987	-617.01602	380.13175	-0.05774	0.07049	89.90424	0.53209	0.00167	1.00000	-0.00101	-1.00000	0.00167	0.00123	0.00123	0.00101	1.00000	
1025.02802	-617.09840	380.48422	-0.06304	0.05762	89.90199	0.53981	0.00171	1.00000	-0.00110	-1.00000	0.00171	0.00100	0.00101	0.00110	1.00000	
1025.45729	-616.92461	380.48000	-0.06200	0.05707	89.91334	0.53929	0.00151	1.00000	-0.00108	-1.00000	0.00151	0.00099	0.00100	0.00108	1.00000	
1025.33708	-616.81685	379.98286	-0.05672	0.07800	89.91628	0.57503	0.00146	1.00000	-0.00099	-1.00000	0.00146	0.00136	0.00136	0.00099	1.00000	
1025.09519	-616.83449	379.78903	-0.04868	0.07035	89.90943	0.54469	0.00158	1.00000	-0.00085	-1.00000	0.00158	0.00123	0.00123	0.00085	1.00000	
1024.62762	-617.01370	379.94609	-0.05335	0.07074	89.89811	0.54282	0.00178	1.00000	-0.00093	-1.00000	0.00178	0.00123	0.00123	0.00093	1.00000	
1024.97555	-616.90347	380.01043	-0.05222	0.06286	89.90446	0.55163	0.00167	1.00000	-0.00091	-1.00000	0.00167	0.00110	0.00110	0.00091	1.00000	
1024.79231	-617.01583	380.10834	-0.05399	0.06262	89.89969	0.53957	0.00175	1.00000	-0.00094	-1.00000	0.00175	0.00109	0.00109	0.00094	1.00000	
1024.67514	-617.15428	380.47906	-0.05691	0.04219	89.89137	0.51203	0.00190	1.00000	-0.00099	-1.00000	0.00190	0.00073	0.00074	0.00099	1.00000	
1024.15631	-617.32783	380.46693	-0.05838	0.04843	89.88016	0.55824	0.00209	1.00000	-0.00102	-1.00000	0.00209	0.00084	0.00085	0.00102	1.00000	
1024.30164	-617.26021	380.54761	-0.05928	0.04649	89.88488	0.54110	0.00201	1.00000	-0.00104	-1.00000	0.00201	0.00081	0.00081	0.00103	1.00000	
1024.03191	-617.33662	380.42823	-0.05872	0.05514	89.87974	0.53844	0.00210	1.00000	-0.00103	-1.00000	0.00210	0.00096	0.00096	0.00102	1.00000	
1024.47055	-617.01112	379.94765	-0.04888	0.06292	89.89362	0.52676	0.00186	1.00000	-0.00086	-1.00000	0.00186	0.00110	0.00110	0.00085	1.00000	
1024.99970	-616.70545	379.61754	-0.04377	0.07657	89.91087	0.53911	0.00156	1.00000	-0.00077	-1.00000	0.00156	0.00134	0.00134	0.00076	1.00000	
1025.01987	-616.58219	379.03110	-0.02898	0.07557	89.91102	0.54106	0.00155	1.00000	-0.00051	-1.00000	0.00155	0.00132	0.00132	0.00051	1.00000	
1025.13168	-616.45519	378.87477	-0.02593	0.07927	89.91587	0.54616	0.00147	1.00000	-0.00045	-1.00000	0.00147	0.00138	0.00138	0.00045	1.00000	
1026.85213	-615.79876	378.44223	-0.00988	0.06893	89.95605	0.53973	0.00077	1.00000	-0.00017	-1.00000	0.00077	0.00120	0.00120	0.00017	1.00000	
1026.06872	-616.08435	378.49363	-0.01910	0.09023	89.94017	0.54724	0.00104	1.00000	-0.00034	-1.00000	0.00104	0.00157	0.00157	0.00033	1.00000	
1026.19121	-616.05681	378.61059	-0.01888	0.08363	89.94288	0.53436	0.00100	1.00000	-0.00033	-1.00000	0.00100	0.00146	0.00146	0.00033	1.00000	
1025.57690	-616.48617	379.93093	-0.04881	0.07727	89.92697	0.51275	0.00127	1.00000	-0.00085	-1.00000	0.00128	0.00135	0.00135	0.00085	1.00000	
1026.27163	-615.98952	379.05512	-0.02569	0.07347	89.94331	0.53358	0.00099	1.00000	-0.00045	-1.00000	0.00099	0.00128	0.00128	0.00045	1.00000	
1026.17144	-616.11703	379.55460	-0.03599	0.06664	89.94050	0.50989	0.00104	1.00000	-0.00063	-1.00000	0.00104	0.00116	0.00116	0.00063	1.00000	
1025.73951	-616.34670	380.01364	-0.04476	0.05746	89.92859	0.53142	0.00125	1.00000	-0.00078	-1.00000	0.00125	0.00100	0.00100	0.00078	1.00000	
1025.42320	-616.45729	379.93530	-0.04598	0.06617	89.92227	0.52800	0.00136	1.00000	-0.00080	-1.00000	0.00136	0.00115	0.00115	0.00080	1.00000	
1026.07488	-616.05457	379.35599	-0.02869	0.05955	89.93728	0.57601	0.00109	1.00000	-0.00050	-1.00000	0.00110	0.00104	0.00104	0.00050	1.00000	
1025.79422	-616.11561	379.05428	-0.02692	0.07606	89.93486	0.51570	0.00114	1.00000	-0.00047	-1.00000	0.00114	0.00133	0.00133	0.00047	1.00000	
1027.24975	-615.49628	378.31936	-0.00809	0.07183	89.96978	0.54689	0.00053	1.00000	-0.00014	-1.00000	0.00053	0.00125	0.00125	0.00014	1.00000	
1026.61406	-615.85520	378.75072	-0.01974	0.07329	89.95389	0.56064	0.00080	1.00000	-0.00035	-1.00000	0.00081	0.00128	0.00128	0.00034	1.00000	
1026.31894	-615.90918	378.61520	-0.02025	0.08861	89.94894	0.55130	0.00089	1.00000	-0.00035	-1.00000	0.00089	0.00155	0.00155	0.00035	1.00000	
1025.81564	-616.12066	378.69246	-0.01825	0.07656	89.93247	0.52082	0.00118	1.00000	-0.00032	-1.00000	0.00118	0.00134	0.00134	0.00032	1.00000	
1026.19525	-615.98277	378.51378	-0.01698	0.08440	89.94395	0.56726	0.00098	1.00000	-0.00030	-1.00000	0.00098	0.00147	0.00147	0.00030	1.00000	
1026.43905	-615.82538	378.11798	-0.00814	0.08979	89.95159	0.52618	0.00084	1.00000	-0.00014	-1.00000	0.00085	0.00157	0.00157	0.00014	1.00000	
1027.09122	-615.69600	378.51216	-0.01806	0.09099	89.96806	0.53992	0.00056	1.00000	-0.00032	-1.00000	0.00056	0.00159	0.00159	0.00032	1.00000	
1027.06901	-615.78818	378.69691	-0.02331	0.09241	89.96638	0.50386	0.00059	1.00000	-0.00041	-1.00000	0.00059	0.00161	0.00161	0.00041	1.00000	
1026.34262	-616.00165	378.36000	-0.01334	0.08992	89.94556	0.50236	0.00095	1.00000	-0.00023	-1.00000	0.00095	0.00157	0.00157	0.00023	1.00000	
1027.51622	-615.59560	378.11116	-0.00551	0.08635	89.97395	0.48553	0.00045	1.00000	-0.00010	-1.00000	0.00045	0.00151	0.00151	0.00010	1.00000	
1027.66628	-615.45234	377.53104	0.00655	0.09452	89.97793	0.47636	0.00039	1.00000	0.00011	-1.00000	0.00039	0.00165	0.00165	-0.00011	1.00000	
1027.09324	-615.85077	378.13220	-0.01155	0.10591	89.96606	0.48806	0.00059	1.00000	-0.00020	-1.00000	0.00059	0.00185	0.00185	0.00020	1.00000	
1026.84209	-616.00625	378.39589	-0.01664	0.10383	89.95808	0.51287	0.00073	1.00000	-0.00029	-1.00000	0.00073	0.00181	0.00181	0.00029	1.00000	
1026.84824	-616.21326	378.90991	-0.02314	0.08184	89.95089	0.47632	0.00086	1.00000	-0.00041	-1.00000	0.00086	0.00143	0.00143	0.00040	1.00000	
1026.39572	-616.50942	379.69998	-0.03777	0.06948	89.93542	0.46527	0.00113	1.00000	-0.00066	-1.00000	0.00113	0.00121	0.00121	0.00066	1.00000	
1025.95191	-616.56619	379.27145	-0.02724	0.06763	89.92413	0.48401	0.00132	1.00000	-0.00048	-1.00000	0.00132	0.00118	0.00118	0.00048	1.00000	
1025.91330	-616.52140	379.14038	-0.03290	0.09501	89.93085	0.45700	0.00121	1.00000	-0.00058	-1.00000	0.00121	0.00166	0.00166	0.00057	1.00000	
1026.29907	-616.36866	379.27511	-0.03310	0.08695	89.93920	0.46408	0.00106	1.00000	-0.00058	-1.00000	0.00106	0.00152	0.00152	0.00058	1.00000	
1025.48403	-616.53678	378.73255	-0.02062	0.08678	89.91789	0.45345	0.00143	1.00000	-0.00036	-1.00000	0.00143	0.00151	0.00151	0.00036	1.00000	
1026.10559	-616.21106	378.63253	-0.02039	0.09686	89.93890	0.44151	0.00107	1.00000	-0.00036	-1.00000	0.00107	0.00169	0.00169	0.00036	1.00000	
1026.38590	-616.16615	378.79372	-0.02211	0.09124	89.94512	0.44288	0.00096	1.00000	-0.00039	-1.00000	0.00096	0.00159	0.00159	0.00039	1.00000	
1026.50888	-615.92892	378.22986	-0.00870	0.09433	89.95000	0.44707	0.00087	1.00000	-0.00015	-1.00000	0.00087	0.00165	0.00165	0.00015	1.00000	
1026.31265	-616.05001	378.65635	-0.02209	0.10109	89.94713	0.43006	0.00092	1.00000	-0.00039	-1.00000	0.00092	0.00176	0.00176	0.00039	1.00000	
1026.36019	-615.98497	378.44336	-0.01469	0.09860	89.94702	0.45746	0.00092	1.00000	-0.00026	-1.00000	0.00093	0.00172	0.00172	0.00026	1.00000	
1026.85375	-615.90742	378.74329	-0.01555	0.07845	89.95477	0.43743	0.00079	1.00000	-0.00027	-1.00000	0.00079	0.00137	0.00137	0.00027	1.00000	
1026.39915	-616.10283	378.78253	-0.01794	0.08264	89.94430	0.46029	0.00097	1.00000	-0.00031	-1.00000	0.00097	0.00144	0.00144	0.00031	1.00000	
1026.28600	-616.35745	379.68188	-0.03631	0.06738	89.93786	0.45070	0.00108	1.00000	-0.00063	-1.00000	0.00109	0.00118	0.00118	0.00063	1.00000	
1026.59135	-616.30079	379.56598	-0.03500	0.07330	89.94456	0.47457	0.00097	1.00000	-0.00061	-1.00000	0.00097	0.00128	0.00128	0.00061	1.00000	
1026.22037	-616.41449	379.46757	-0.03226	0.07681	89.93591	0.50303	0.00112	1.00000	-0.00056	-1.00000	0.00112	0.00134	0.00134	0.00056	1.00000	
1026.34664	-616.51881	379.50441	-0.03098	0.07127	89.93484	0.49358	0.00114	1.00000	-0.00054	-1.00000	0.00114	0.00124	0.00124	0.00054	1.00000	
1027.10161	-616.34318	379.61761	-0.03179	0.06765	89.95100	0.52582	0.00086	1.00000	-0.00056	-1.00000	0.00086	0.00118	0.00118	0.00055	1.00000	
1026.46741	-616.43359	379.21613	-0.02340	0.07752	89.93744	0.52392	0.00109	1.00000	-0.00041	-1.00000	0.00109	0.00135	0.00135	0.00041	1.00000	
1026.55800	-616.33617	378.86290	-0.01377	0.07866	89.93858	0.50381	0.00107	1.00000	-0.00024	-1.00000	0.00107	0.00137	0.00137	0.00024	1.00000	
1027.29290	-616.19181	379.05925	-0.01691	0.07418	89.95550	0.51897	0.00078	1.00000	-0.00030	-1.00000	0.00078	0.00129	0.00129	0.00030	1.00000	
1026.06353	-616.69050	379.13347	-0.02570	0.09066	89.92787	0.51783	0.00126	1.00000	-0.00045	-1.00000	0.00126	0.00158	0.00158	0.00045	1.00000	
1026.93244	-616.29419	378.91862	-0.01817	0.08258	89.94995	0.51504	0.00087	1.00000	-0.00032	-1.00000	0.00087	0.00144	0.00144	0.00032	1.00000	
1026.24373	-616.57252	379.03544	-0.02342	0.08072	89.93290	0.49134	0.00117	1.00000	-0.00041	-1.00000	0.00117	0.00141	0.00141	0.00041	1.00000	
1026.23243	-616.66259	379.31835	-0.03280	0.08498	89.93227	0.51358	0.00118	1.00000	-0.00057	-1.00000	0.00118	0.00148	0.00148	0.00057	1.00000	
1026.14278	-616.67619	379.34520	-0.02983	0.07339	89.92896	0.52397	0.00124	1.00000	-0.00052	-1.00000	0.00124	0.00128	0.00128	0.00052	1.00000	
1025.31667	-616.88113	378.99749	-0.02793	0.09081	89.91287	0.53800	0.00152	1.00000	-0.00049	-1.00000	0.00152	0.00158	0.00158	0.00049	1.00000	
1026.22962	-616.52497	379.19514	-0.03351	0.09124	89.93743	0.53228	0.00109	1.00000	-0.00059	-1.00000	0.00109	0.00159	0.00159	0.00058	1.00000	
1025.93990	-616.62875	379.21564	-0.02923	0.07695	89.92641	0.49112	0.00128	1.00000	-0.00051	-1.00000	0.00128	0.00134	0.00134	0.00051	1.00000	
1026.83753	-616.22827	378.99555	-0.02184	0.07471	89.94873	0.52958	0.00089	1.00000	-0.00038	-1.00000	0.00090	0.00130	0.00130	0.00038	1.00000	
1026.56342	-616.41711	379.35096	-0.03165	0.07573	89.94202	0.51950	0.00101	1.00000	-0.00055	-1.00000	0.00101	0.00132	0.00132	0.00055	1.00000	
1026.83604	-616.19512	378.73351	-0.01949	0.09187	89.95077	0.52546	0.00086	1.00000	-0.00034	-1.00000	0.00086	0.00160	0.00160	0.00034	1.00000	
1026.58353	-616.39465	378.90948	-0.02288	0.08612	89.94255	0.57651	0.00100	1.00000	-0.00040	-1.00000	0.00100	0.00150	0.00150	0.00040	1.00000	
1026.58908	-616.39442	378.78822	-0.01886	0.08639	89.94169	0.51979	0.00102	1.00000	-0.00033	-1.00000	0.00102	0.00151	0.00151	0.00033	1.00000	
1026.53282	-616.42932	378.71561	-0.01668	0.08537	89.93845	0.55209	0.00107	1.00000	-0.00029	-1.00000	0.00107	0.00149	0.00149	0.00029	1.00000	
1025.24523	-616.97679	379.23659	-0.02804	0.08208	89.90436	0.57170	0.00167	1.00000	-0.00049	-1.00000	0.00167	0.00143	0.00143	0.00049	1.00000	
1025.93126	-616.80456	379.31925	-0.03208	0.08511	89.92222	0.52493	0.00136	1.00000	-0.00056	-1.00000	0.00136	0.00148	0.00149	0.00056	1.00000	
1026.10080	-616.60954	379.22030	-0.02881	0.08441	89.92756	0.53088	0.00126	1.00000	-0.00050	-1.00000	0.00126	0.00147	0.00147	0.00050	1.00000	
1025.21547	-616.88085	379.27988	-0.03326	0.09217	89.90819	0.53020	0.00160	1.00000	-0.00058	-1.00000	0.00160	0.00161	0.00161	0.00058	1.00000	
1025.43276	-616.85029	379.67810	-0.04100	0.08617	89.91418	0.55055	0.00150	1.00000	-0.00072	-1.00000	0.00150	0.00150	0.00150	0.00072	1.00000	
1025.49583	-616.68492	379.25009	-0.03574	0.10237	89.92156	0.56129	0.00137	1.00000	-0.00063	-1.00000	0.00137	0.00179	0.00179	0.00062	1.00000	
1025.51441	-616.53335	378.82298	-0.02219	0.09499	89.92019	0.57134	0.00139	1.00000	-0.00039	-1.00000	0.00139	0.00166	0.00166	0.00039	1.00000	
1025.72631	-616.45813	378.76184	-0.02320	0.10346	89.92684	0.56037	0.00128	1.00000	-0.00041	-1.00000	0.00128	0.00181	0.00181	0.00040	1.00000	
1024.96862	-616.80926	379.22119	-0.03231	0.09851	89.90733	0.53932	0.00162	1.00000	-0.00057	-1.00000	0.00162	0.00172	0.00172	0.00056	1.00000	
1025.28693	-616.66771	378.97455	-0.02678	0.10039	89.91563	0.54376	0.00147	1.00000	-0.00047	-1.00000	0.00147	0.00175	0.00175	0.00047	1.00000	
1025.29565	-616.61510	378.80521	-0.02395	0.10131	89.91522	0.59684	0.00148	1.00000	-0.00042	-1.00000	0.00148	0.00177	0.00177	0.00042	1.00000	
1026.08008	-616.24721	378.31671	-0.01340	0.09934	89.93601	0.55276	0.00112	1.00000	-0.00024	-1.00000	0.00112	0.00173	0.00173	0.00023	1.00000	
1025.43990	-616.44428	378.38175	-0.01745	0.10995	89.92309	0.54211	0.00134	1.00000	-0.00031	-1.00000	0.00134	0.00192	0.00192	0.00030	1.00000	
1025.78301	-616.48818	378.88516	-0.02978	0.10449	89.92934	0.55771	0.00123	1.00000	-0.00052	-1.00000	0.00123	0.00182	0.00182	0.00052	1.00000	
1026.10663	-616.16967	378.15258	-0.01762	0.11882	89.94276	0.57464	0.00100	1.00000	-0.00031	-1.00000	0.00100	0.00207	0.00207	0.00031	1.00000	
1025.72400	-616.44194	378.85578	-0.03202	0.11036	89.93089	0.57253	0.00121	1.00000	-0.00056	-1.00000	0.00121	0.00193	0.00193	0.00056	1.00000	
1027.14862	-615.76657	377.85412	-0.00528	0.10312	89.96278	0.57097	0.00065	1.00000	-0.00009	-1.00000	0.00065	0.00180	0.00180	0.00009	1.00000	
1026.74109	-615.98016	378.20570	-0.01509	0.10369	89.95313	0.58012	0.00082	1.00000	-0.00026	-1.00000	0.00082	0.00181	0.00181	0.00026	1.00000	
1027.06844	-615.93786	378.18559	-0.01293	0.09714	89.95813	0.51995	0.00073	1.00000	-0.00023	-1.00000	0.00073	0.00170	0.00170	0.00023	1.00000	
1026.42883	-616.12535	378.19495	-0.01766	0.11202	89.94623	0.49536	0.00094	1.00000	-0.00031	-1.00000	0.00094	0.00195	0.00196	0.00031	1.00000	
1026.53385	-616.11848	378.20562	-0.00985	0.08819	89.94072	0.52772	0.00103	1.00000	-0.00017	-1.00000	0.00103	0.00154	0.00154	0.00017	1.00000	
1027.32402	-615.98175	378.76860	-0.02458	0.08614	89.96198	0.50289	0.00066	1.00000	-0.00043	-1.00000	0.00066	0.00150	0.00150	0.00043	1.00000	
1025.70391	-616.34213	378.30699	-0.01473	0.09720	89.92332	0.50328	0.00134	1.00000	-0.00026	-1.00000	0.00134	0.00170	0.00170	0.00026	1.00000	
1026.01090	-616.28084	378.53545	-0.01647	0.08390	89.92815	0.50435	0.00125	1.00000	-0.00029	-1.00000	0.00125	0.00146	0.00146	0.00029	1.00000	
1025.65141	-616.41780	378.45714	-0.01957	0.09741	89.92243	0.52321	0.00135	1.00000	-0.00034	-1.00000	0.00135	0.00170	0.00170	0.00034	1.00000	
1026.00084	-616.32766	378.74203	-0.02493	0.09605	89.93098	0.57471	0.00120	1.00000	-0.00044	-1.00000	0.00121	0.00168	0.00168	0.00044	1.00000	
1025.70447	-616.30549	378.19241	-0.01361	0.10467	89.92530	0.59289	0.00130	1.00000	-0.00024	-1.00000	0.00130	0.00183	0.00183	0.00024	1.00000	
1026.13173	-616.02577	377.74466	-0.00272	0.10881	89.93676	0.57063	0.00110	1.00000	-0.00005	-1.00000	0.00110	0.00190	0.00190	0.00005	1.00000	
1026.52265	-616.07090	378.41924	-0.01418	0.09665	89.94437	0.55204	0.00097	1.00000	-0.00025	-1.00000	0.00097	0.00169	0.00169	0.00025	1.00000	
1025.54905	-616.38698	378.66352	-0.01778	0.09433	89.91961	0.53722	0.00140	1.00000	-0.00031	-1.00000	0.00140	0.00165	0.00165	0.00031	1.00000	
1024.96969	-616.75720	379.51471	-0.03615	0.08501	89.90356	0.52732	0.00168	1.00000	-0.00063	-1.00000	0.00168	0.00148	0.00148	0.00063	1.00000	
1025.61703	-616.55612	379.45046	-0.03051	0.07539	89.91785	0.49222	0.00143	1.00000	-0.00053	-1.00000	0.00143	0.00132	0.00132	0.00053	1.00000	
1025.49048	-616.62384	379.79182	-0.03907	0.07778	89.91583	0.50012	0.00147	1.00000	-0.00068	-1.00000	0.00147	0.00136	0.00136	0.00068	1.00000	
1026.07309	-616.08212	378.42322	-0.01319	0.09804	89.93695	0.50185	0.00110	1.00000	-0.00023	-1.00000	0.00110	0.00171	0.00171	0.00023	1.00000	
1026.23589	-615.96034	378.19719	-0.00749	0.09633	89.94154	0.45990	0.00102	1.00000	-0.00013	-1.00000	0.00102	0.00168	0.00168	0.00013	1.00000	
1026.38407	-615.92568	378.24264	-0.00906	0.09231	89.94344	0.47774	0.00099	1.00000	-0.00016	-1.00000	0.00099	0.00161	0.00161	0.00016	1.00000	
1026.03162	-615.97680	377.87652	-0.00235	0.10078	89.93665	0.45362	0.00111	1.00000	-0.00004	-1.00000	0.00111	0.00176	0.00176	0.00004	1.00000	
1026.18703	-616.06889	378.39602	-0.01373	0.09375	89.93726	0.48252	0.00110	1.00000	-0.00024	-1.00000	0.00110	0.00164	0.00164	0.00024	1.00000	
1026.84306	-615.82938	378.06817	-0.00483	0.09319	89.95235	0.44958	0.00083	1.00000	-0.00009	-1.00000	0.00083	0.00163	0.00163	0.00008	1.00000	
1026.10512	-616.25306	378.77108	-0.02040	0.08866	89.93082	0.49228	0.00121	1.00000	-0.00036	-1.00000	0.00121	0.00155	0.00155	0.00036	1.00000	
1025.98669	-616.47249	379.30459	-0.03214	0.08647	89.92657	0.45004	0.00128	1.00000	-0.00056	-1.00000	0.00128	0.00151	0.00151	0.00056	1.00000	
1025.91252	-616.54241	379.29904	-0.02767	0.07308	89.92014	0.46830	0.00139	1.00000	-0.00048	-1.00000	0.00139	0.00127	0.00128	0.00048	1.00000	
1025.94192	-616.63707	379.79320	-0.03718	0.06429	89.91908	0.45440	0.00141	1.00000	-0.00065	-1.00000	0.00141	0.00112	0.00112	0.00065	1.00000	
1025.56366	-616.77458	379.95523	-0.04395	0.07235	89.91170	0.47631	0.00154	1.00000	-0.00077	-1.00000	0.00154	0.00126	0.00126	0.00077	1.00000	
1026.86640	-616.28106	379.52654	-0.03546	0.07414	89.94373	0.50236	0.00098	1.00000	-0.00062	-1.00000	0.00098	0.00129	0.00129	0.00062	1.00000	
1026.95831	-616.17244	379.39508	-0.03766	0.09060	89.95146	0.48290	0.00085	1.00000	-0.00066	-1.00000	0.00085	0.00158	0.00158	0.00066	1.00000	
1027.18897	-615.84389	378.37259	-0.01573	0.09806	89.95919	0.49464	0.00071	1.00000	-0.00028	-1.00000	0.00071	0.00171	0.00171	0.00027	1.00000	
1026.71238	-616.04939	378.66699	-0.02265	0.09022	89.94566	0.55703	0.00095	1.00000	-0.00040	-1.00000	0.00095	0.00157	0.00157	0.00040	1.00000	
1027.01658	-615.88571	378.51951	-0.02031	0.09241	89.95411	0.52802	0.00080	1.00000	-0.00036	-1.00000	0.00080	0.00161	0.00161	0.00035	1.00000	
1027.30968	-615.70038	378.30791	-0.01505	0.09242	89.96317	0.51444	0.00064	1.00000	-0.00026	-1.00000	0.00064	0.00161	0.00161	0.00026	1.00000	
1026.50321	-615.92466	378.34467	-0.01703	0.09341	89.94308	0.53025	0.00099	1.00000	-0.00030	-1.00000	0.00099	0.00163	0.00163	0.00030	1.00000	
1027.11170	-615.68587	378.42960	-0.01827	0.09311	89.96100	0.52867	0.00068	1.00000	-0.00032	-1.00000	0.00068	0.00162	0.00163	0.00032	1.00000	
1027.00785	-615.74884	378.65125	-0.01945	0.08236	89.95618	0.47495	0.00076	1.00000	-0.00034	-1.00000	0.00077	0.00144	0.00144	0.00034	1.00000	
1026.93096	-615.61361	378.36188	-0.01488	0.09084	89.95716	0.48255	0.00075	1.00000	-0.00026	-1.00000	0.00075	0.00159	0.00159	0.00026	1.00000	
1026.95501	-615.60091	378.33965	-0.01426	0.09034	89.95764	0.48439	0.00074	1.00000	-0.00025	-1.00000	0.00074	0.00158	0.00158	0.00025	1.00000	
1028.03663	-615.16175	378.10859	-0.00854	0.09300	89.98544	0.51011	0.00025	1.00000	-0.00015	-1.00000	0.00025	0.00162	0.00162	0.00015	1.00000	
1027.31949	-615.41385	378.27610	-0.00875	0.08323	89.96512	0.51613	0.00061	1.00000	-0.00015	-1.00000	0.00061	0.00145	0.00145	0.00015	1.00000	
1027.45655	-615.21150	377.75589	-0.00067	0.10497	89.97443	0.51169	0.00045	1.00000	-0.00001	-1.00000	0.00045	0.00183	0.00183	0.00001	1.00000	
1027.29830	-615.53463	378.78586	-0.02262	0.09065	89.96804	0.49917	0.00056	1.00000	-0.00040	-1.00000	0.00056	0.00158	0.00158	0.00039	1.00000	
1026.30186	-615.79819	378.47548	-0.01917	0.10131	89.94393	0.54751	0.00098	1.00000	-0.00034	-1.00000	0.00098	0.00177	0.00177	0.00033	1.00000	
1026.55403	-615.71996	378.49525	-0.01866	0.10087	89.95075	0.48522	0.00086	1.00000	-0.00033	-1.00000	0.00086	0.00176	0.00176	0.00033	1.00000	
1026.50041	-615.74781	378.50258	-0.01679	0.09477	89.94820	0.51729	0.00090	1.00000	-0.00029	-1.00000	0.00090	0.00165	0.00165	0.00029	1.00000	
1027.53097	-615.37200	378.29627	-0.01067	0.09510	89.97290	0.52945	0.00047	1.00000	-0.00019	-1.00000	0.00047	0.00166	0.00166	0.00019	1.00000	
1027.15804	-615.53297	378.23364	-0.00754	0.08801	89.96043	0.52019	0.00069	1.00000	-0.00013	-1.00000	0.00069	0.00154	0.00154	0.00013	1.00000	
1027.94656	-615.37236	378.59735	-0.01598	0.08780	89.97960	0.50497	0.00036	1.00000	-0.00028	-1.00000	0.00036	0.00153	0.00153	0.00028	1.00000	
1027.64800	-615.47432	378.40859	-0.00924	0.08888	89.97114	0.48759	0.00050	1.00000	-0.00016	-1.00000	0.00050	0.00155	0.00155	0.00016	1.00000	
1027.06913	-615.63026	378.27918	-0.01259	0.10355	89.96076	0.46771	0.00068	1.00000	-0.00022	-1.00000	0.00069	0.00181	0.00181	0.00022	1.00000	
1026.55480	-615.92757	378.95707	-0.02741	0.09384	89.94538	0.46249	0.00095	1.00000	-0.00048	-1.00000	0.00095	0.00164	0.00164	0.00048	1.00000	
1027.42207	-615.48313	378.41792	-0.01610	0.09541	89.96785	0.44650	0.00056	1.00000	-0.00028	-1.00000	0.00056	0.00167	0.00167	0.00028	1.00000	
1027.28233	-615.51144	378.51810	-0.02091	0.09636	89.96618	0.45729	0.00059	1.00000	-0.00037	-1.00000	0.00059	0.00168	0.00168	0.00036	1.00000	
1027.75803	-615.32315	378.49829	-0.02080	0.09641	89.98020	0.48045	0.00035	1.00000	-0.00036	-1.00000	0.00035	0.00168	0.00168	0.00036	1.00000	
1027.19241	-615.38298	378.14350	-0.01495	0.10708	89.96864	0.49216	0.00055	1.00000	-0.00026	-1.00000	0.00055	0.00187	0.00187	0.00026	1.00000	
1027.63378	-615.23604	378.35580	-0.02363	0.11297	89.98127	0.52718	0.00033	1.00000	-0.00041	-1.00000	0.00033	0.00197	0.00197	0.00041	1.00000	
1027.93331	-615.06657	378.41872	-0.02282	0.10730	89.98999	0.53211	0.00017	1.00000	-0.00040	-1.00000	0.00018	0.00187	0.00187	0.00040	1.00000	
1027.46286	-615.10658	378.11554	-0.01522	0.11147	89.97956	0.53316	0.00036	1.00000	-0.00027	-1.00000	0.00036	0.00195	0.00195	0.00027	1.00000	
1027.30548	-615.29466	378.50055	-0.02116	0.10132	89.97322	0.52826	0.00047	1.00000	-0.00037	-1.00000	0.00047	0.00177	0.00177	0.00037	1.00000	
1027.73327	-615.12466	378.49803	-0.01707	0.09041	89.98181	0.53314	0.00032	1.00000	-0.00030	-1.00000	0.00032	0.00158	0.00158	0.00030	1.00000	
1026.43212	-615.77309	379.15481	-0.03524	0.09292	89.94782	0.54350	0.00091	1.00000	-0.00062	-1.00000	0.00091	0.00162	0.00162	0.00061	1.00000	
1026.12959	-615.73553	378.61928	-0.02413	0.10252	89.94304	0.53215	0.00099	1.00000	-0.00042	-1.00000	0.00099	0.00179	0.00179	0.00042	1.00000	
1027.06298	-615.46403	378.81122	-0.02192	0.07813	89.96106	0.49963	0.00068	1.00000	-0.00038	-1.00000	0.00068	0.00136	0.00136	0.00038	1.00000	
1027.03545	-615.33117	378.34128	-0.01130	0.08236	89.96381	0.52539	0.00063	1.00000	-0.00020	-1.00000	0.00063	0.00144	0.00144	0.00020	1.00000	
1027.59879	-615.27674	378.75618	-0.02182	0.08128	89.97733	0.51851	0.00040	1.00000	-0.00038	-1.00000	0.00040	0.00142	0.00142	0.00038	1.00000	
1027.01918	-615.24944	378.06950	-0.00568	0.08678	89.96225	0.54257	0.00066	1.00000	-0.00010	-1.00000	0.00066	0.00151	0.00151	0.00010	1.00000	
1026.50496	-615.48020	378.39566	-0.01317	0.08526	89.94925	0.54123	0.00089	1.00000	-0.00023	-1.00000	0.00089	0.00149	0.00149	0.00023	1.00000	
1026.58590	-615.42052	378.34015	-0.01354	0.09081	89.95190	0.53736	0.00084	1.00000	-0.00024	-1.00000	0.00084	0.00158	0.00158	0.00024	1.00000	
1026.65977	-615.31299	378.21656	-0.01181	0.09398	89.95519	0.56388	0.00078	1.00000	-0.00021	-1.00000	0.00078	0.00164	0.00164	0.00021	1.00000	
1027.35154	-615.08944	378.03709	-0.00629	0.08969	89.97246	0.54709	0.00048	1.00000	-0.00011	-1.00000	0.00048	0.00157	0.00157	0.00011	1.00000	
1027.66312	-614.98411	378.20644	-0.00883	0.08590	89.97907	0.53698	0.00037	1.00000	-0.00015	-1.00000	0.00037	0.00150	0.00150	0.00015	1.00000	
1027.54097	-614.96420	378.00157	-0.00177	0.08641	89.97518	0.53714	0.00043	1.00000	-0.00003	-1.00000	0.00043	0.00151	0.00151	0.00003	1.00000	
1027.47204	-615.01494	378.32121	-0.00374	0.07269	89.96954	0.53650	0.00053	1.00000	-0.00007	-1.00000	0.00053	0.00127	0.00127	0.00007	1.00000	
1027.37248	-615.16426	378.58785	-0.00850	0.06996	89.96426	0.57750	0.00062	1.00000	-0.00015	-1.00000	0.00062	0.00122	0.00122	0.00015	1.00000	
1027.82414	-614.85477	378.04577	-0.00132	0.08992	89.98184	0.56711	0.00032	1.00000	-0.00002	-1.00000	0.00032	0.00157	0.00157	0.00002	1.00000	
1028.21313	-614.78016	378.21909	-0.00205	0.08228	89.98923	0.57139	0.00019	1.00000	-0.00004	-1.00000	0.00019	0.00144	0.00144	0.00004	1.00000	
1028.21815	-614.77522	378.46191	-0.00175	0.06338	89.98607	0.51774	0.00024	1.00000	-0.00003	-1.00000	0.00024	0.00111	0.00111	0.00003	1.00000	
1027.77108	-614.91371	378.36782	-0.00475	0.07799	89.97890	0.53459	0.00037	1.00000	-0.00008	-1.00000	0.00037	0.00136	0.00136	0.00008	1.00000	
1028.10684	-614.81214	378.63406	-0.00726	0.06807	89.98409	0.52478	0.00028	1.00000	-0.00013	-1.00000	0.00028	0.00119	0.00119	0.00013	1.00000	
1027.96680	-614.78475	378.47813	-0.00796	0.07703	89.98358	0.48083	0.00029	1.00000	-0.00014	-1.00000	0.00029	0.00134	0.00134	0.00014	1.00000	
1027.75825	-614.79516	378.33203	-0.00441	0.07690	89.97872	0.49347	0.00037	1.00000	-0.00008	-1.00000	0.00037	0.00134	0.00134	0.00008	1.00000	
1028.24435	-614.56567	378.12292	0.00042	0.07336	89.99034	0.48320	0.00017	1.00000	0.00001	-1.00000	0.00017	0.00128	0.00128	-0.00001	1.00000	
1028.64465	-614.46592	378.35328	-0.00676	0.07331	90.00014	0.46900	-0.00000	1.00000	-0.00012	-1.00000	-0.00000	0.00128	0.00128	0.00012	1.00000	
1028.78652	-614.46840	378.60711	-0.01233	0.07242	90.00302	0.49502	-0.00005	1.00000	-0.00022	-1.00000	-0.00005	0.00126	0.00126	0.00022	1.00000	
1029.56310	-614.10004	378.31067	-0.00439	0.06818	90.02292	0.49978	-0.00040	1.00000	-0.00008	-1.00000	-0.00040	0.00119	0.00119	0.00008	1.00000	
1028.64782	-614.43828	378.44755	-0.00958	0.07155	89.99998	0.53115	0.00000	1.00000	-0.00017	-1.00000	0.00000	0.00125	0.00125	0.00017	1.00000	
1028.92464	-614.14005	377.75344	0.00747	0.07383	90.00816	0.51178	-0.00014	1.00000	0.00013	-1.00000	-0.00014	0.00129	0.00129	-0.00013	1.00000	
1028.10980	-614.65088	378.53070	-0.01110	0.07019	89.98492	0.50544	0.00026	1.00000	-0.00019	-1.00000	0.00026	0.00123	0.00123	0.00019	1.00000	
1029.04530	-614.26047	378.24437	0.00047	0.05677	90.00665	0.49997	-0.00012	1.00000	0.00001	-1.00000	-0.00012	0.00099	0.00099	-0.00001	1.00000	
1028.31795	-614.38763	377.75359	0.00305	0.08392	89.99375	0.48623	0.00011	1.00000	0.00005	-1.00000	0.00011	0.00146	0.00146	-0.00005	1.00000	
1027.80936	-614.61563	378.18330	-0.00870	0.08879	89.98307	0.50997	0.00030	1.00000	-0.00015	-1.00000	0.00030	0.00155	0.00155	0.00015	1.00000	
1027.56717	-614.75882	378.39044	-0.01598	0.09411	89.97693	0.51004	0.00040	1.00000	-0.00028	-1.00000	0.00040	0.00164	0.00164	0.00028	1.00000	
1027.53924	-614.58964	377.78654	-0.00214	0.10121	89.97914	0.51304	0.00036	1.00000	-0.00004	-1.00000	0.00036	0.00177	0.00177	0.00004	1.00000	
1028.31267	-614.47440	378.22137	-0.01040	0.09032	89.99539	0.53107	0.00008	1.00000	-0.00018	-1.00000	0.00008	0.00158	0.00158	0.00018	1.00000	
1027.81630	-614.59330	377.93969	-0.00754	0.10195	89.98365	0.55016	0.00029	1.00000	-0.00013	-1.00000	0.00029	0.00178	0.00178	0.00013	1.00000	
1026.67834	-615.09176	378.42304	-0.01701	0.09366	89.95210	0.58257	0.00084	1.00000	-0.00030	-1.00000	0.00084	0.00163	0.00163	0.00030	1.00000	
1026.85155	-614.92015	378.02504	-0.00775	0.09413	89.95903	0.57125	0.00072	1.00000	-0.00014	-1.00000	0.00072	0.00164	0.00164	0.00014	1.00000	
1027.35159	-614.83357	378.16653	-0.01127	0.09343	89.96873	0.54054	0.00055	1.00000	-0.00020	-1.00000	0.00055	0.00163	0.00163	0.00020	1.00000	
1026.88886	-614.95007	378.11469	-0.01251	0.10193	89.95972	0.53641	0.00070	1.00000	-0.00022	-1.00000	0.00070	0.00178	0.00178	0.00022	1.00000	
1028.03789	-614.57255	378.22487	-0.01261	0.09323	89.98550	0.53366	0.00025	1.00000	-0.00022	-1.00000	0.00025	0.00163	0.00163	0.00022	1.00000	
1027.30052	-614.75323	377.99738	-0.00537	0.08512	89.96362	0.55415	0.00063	1.00000	-0.00009	-1.00000	0.00064	0.00149	0.00149	0.00009	1.00000	
1027.20846	-614.79140	377.88747	-0.00701	0.09742	89.96445	0.53733	0.00062	1.00000	-0.00012	-1.00000	0.00062	0.00170	0.00170	0.00012	1.00000	
1027.75441	-614.52579	377.86327	-0.00832	0.10071	89.97989	0.60202	0.00035	1.00000	-0.00015	-1.00000	0.00035	0.00176	0.00176	0.00015	1.00000	
1027.10560	-614.78694	377.99649	-0.00964	0.09797	89.96212	0.59015	0.00066	1.00000	-0.00017	-1.00000	0.00066	0.00171	0.00171	0.00017	1.00000	
1026.40752	-615.01236	377.90939	-0.00877	0.10035	89.94542	0.58439	0.00095	1.00000	-0.00015	-1.00000	0.00095	0.00175	0.00175	0.00015	1.00000	
1027.19099	-614.89925	378.31387	-0.01364	0.08298	89.95782	0.58353	0.00074	1.00000	-0.00024	-1.00000	0.00074	0.00145	0.00145	0.00024	1.00000	
1028.14227	-614.48797	378.01287	-0.00416	0.08174	89.98174	0.59329	0.00032	1.00000	-0.00007	-1.00000	0.00032	0.00143	0.00143	0.00007	1.00000	
1027.14147	-614.87778	378.22967	-0.00761	0.07756	89.95547	0.55917	0.00078	1.00000	-0.00013	-1.00000	0.00078	0.00135	0.00135	0.00013	1.00000	
1027.71753	-614.66656	377.92071	0.00038	0.07666	89.96798	0.55348	0.00056	1.00000	0.00001	-1.00000	0.00056	0.00134	0.00134	-0.00001	1.00000	
1027.49993	-614.85163	378.38227	-0.01812	0.09662	89.96720	0.53801	0.00057	1.00000	-0.00032	-1.00000	0.00057	0.00169	0.00169	0.00032	1.00000	
1027.81604	-614.70251	378.15097	-0.01235	0.09486	89.97524	0.57172	0.00043	1.00000	-0.00022	-1.00000	0.00043	0.00166	0.00166	0.00022	1.00000	
1028.45249	-614.45697	377.86660	-0.00790	0.10026	89.99277	0.54136	0.00013	1.00000	-0.00014	-1.00000	0.00013	0.00175	0.00175	0.00014	1.00000	
1027.88778	-614.71521	378.07971	-0.01172	0.09556	89.97620	0.52013	0.00042	1.00000	-0.00021	-1.00000	0.00042	0.00167	0.00167	0.00020	1.00000	
1028.18273	-614.66444	378.29624	-0.01496	0.08713	89.98241	0.53489	0.00031	1.00000	-0.00026	-1.00000	0.00031	0.00152	0.00152	0.00026	1.00000	
1027.42494	-615.11250	378.87775	-0.02665	0.07439	89.95963	0.50820	0.00070	1.00000	-0.00047	-1.00000	0.00071	0.00130	0.00130	0.00047	1.00000	
1026.50176	-615.52382	379.30267	-0.03937	0.07990	89.93715	0.52375	0.00110	1.00000	-0.00069	-1.00000	0.00110	0.00139	0.00139	0.00069	1.00000	
1026.28163	-615.54657	379.04980	-0.03560	0.08723	89.93250	0.55944	0.00118	1.00000	-0.00062	-1.00000	0.00118	0.00152	0.00152	0.00062	1.00000	
1026.18190	-615.67666	379.50016	-0.04331	0.07915	89.92735	0.52687	0.00127	1.00000	-0.00076	-1.00000	0.00127	0.00138	0.00138	0.00076	1.00000	
1026.33987	-615.60781	379.35609	-0.03914	0.08362	89.93143	0.52844	0.00120	1.00000	-0.00068	-1.00000	0.00120	0.00146	0.00146	0.00068	1.00000	
1026.96464	-615.26731	378.91883	-0.02536	0.07605	89.94454	0.51928	0.00097	1.00000	-0.00044	-1.00000	0.00097	0.00133	0.00133	0.00044	1.00000	
1027.57525	-614.98511	378.72919	-0.01992	0.07840	89.96167	0.54595	0.00067	1.00000	-0.00035	-1.00000	0.00067	0.00137	0.00137	0.00035	1.00000	
1027.82027	-614.91089	378.96749	-0.02554	0.08330	89.96925	0.60866	0.00054	1.00000	-0.00045	-1.00000	0.00054	0.00145	0.00145	0.00045	1.00000	
1028.26659	-614.55272	378.44084	-0.01282	0.08430	89.98209	0.57832	0.00031	1.00000	-0.00022	-1.00000	0.00031	0.00147	0.00147	0.00022	1.00000	
1028.16090	-614.88182	379.50555	-0.03653	0.07337	89.97554	0.58242	0.00043	1.00000	-0.00064	-1.00000	0.00043	0.00128	0.00128	0.00064	1.00000	
1028.69630	-614.52023	378.83165	-0.01663	0.06417	89.98626	0.58561	0.00024	1.00000	-0.00029	-1.00000	0.00024	0.00112	0.00112	0.00029	1.00000	
1027.88403	-614.85794	378.97646	-0.02106	0.06751	89.96642	0.54434	0.00059	1.00000	-0.00037	-1.00000	0.00059	0.00118	0.00118	0.00037	1.00000	
1028.18803	-614.67017	378.57223	-0.01365	0.06850	89.97404	0.54563	0.00045	1.00000	-0.00024	-1.00000	0.00045	0.00120	0.00120	0.00024	1.00000	
1027.34595	-615.01120	378.69083	-0.01875	0.07017	89.95201	0.55148	0.00084	1.00000	-0.00033	-1.00000	0.00084	0.00122	0.00122	0.00033	1.00000	
1027.58567	-614.77695	378.18617	-0.01051	0.08500	89.96435	0.51646	0.00062	1.00000	-0.00018	-1.00000	0.00062	0.00148	0.00148	0.00018	1.00000	
1028.58990	-614.45977	378.15630	-0.00635	0.07461	89.98521	0.47685	0.00026	1.00000	-0.00011	-1.00000	0.00026	0.00130	0.00130	0.00011	1.00000	
1028.76502	-614.26160	377.74603	0.00471	0.06944	89.98940	0.50657	0.00019	1.00000	0.00008	-1.00000	0.00018	0.00121	0.00121	-0.00008	1.00000	
1028.60416	-614.35916	377.89494	-0.00386	0.08047	89.98782	0.51319	0.00021	1.00000	-0.00007	-1.00000	0.00021	0.00140	0.00140	0.00007	1.00000	
1028.96779	-614.24842	377.92795	-0.00173	0.07094	89.99461	0.51354	0.00009	1.00000	-0.00003	-1.00000	0.00009	0.00124	0.00124	0.00003	1.00000	
1029.10688	-614.08263	377.80001	-0.00197	0.07972	90.00245	0.53868	-0.00004	1.00000	-0.00003	-1.00000	-0.00004	0.00139	0.00139	0.00003	1.00000	
1028.48332	-614.28978	378.08899	-0.00793	0.07833	89.98779	0.53157	0.00021	1.00000	-0.00014	-1.00000	0.00021	0.00137	0.00137	0.00014	1.00000	
1029.02454	-613.94940	377.60604	0.00188	0.09080	90.00580	0.54009	-0.00010	1.00000	0.00003	-1.00000	-0.00010	0.00158	0.00158	-0.00003	1.00000	
1028.23536	-614.27908	377.99330	-0.00888	0.09373	89.98795	0.56857	0.00021	1.00000	-0.00016	-1.00000	0.00021	0.00164	0.00164	0.00016	1.00000	
1028.20323	-614.39466	378.48629	-0.01409	0.07752	89.98110	0.53862	0.00033	1.00000	-0.00025	-1.00000	0.00033	0.00135	0.00135	0.00025	1.00000	
1028.35113	-614.19645	378.12627	-0.00700	0.08277	89.98827	0.53286	0.00020	1.00000	-0.00012	-1.00000	0.00020	0.00144	0.00144	0.00012	1.00000	
1028.58834	-614.09595	377.97365	-0.00549	0.09098	89.99597	0.51389	0.00007	1.00000	-0.00010	-1.00000	0.00007	0.00159	0.00159	0.00010	1.00000	
1028.92308	-613.85307	377.53854	0.00533	0.09209	90.00403	0.48501	-0.00007	1.00000	0.00009	-1.00000	-0.00007	0.00161	0.00161	-0.00009	1.00000	
1028.45850	-614.09720	377.88356	0.00107	0.08296	89.98887	0.47137	0.00019	1.00000	0.00002	-1.00000	0.00019	0.00145	0.00145	-0.00002	1.00000	
1029.19190	-613.64797	377.19812	0.01697	0.09112	90.00914	0.46528	-0.00016	1.00000	0.00030	-1.00000	-0.00016	0.00159	0.00159	-0.00030	1.00000	
1027.64180	-614.50043	378.36027	-0.00843	0.08551	89.96759	0.46959	0.00057	1.00000	-0.00015	-1.00000	0.00057	0.00149	0.00149	0.00015	1.00000	
1027.83835	-614.18199	377.53601	0.00577	0.10706	89.97828	0.45127	0.00038	1.00000	0.00010	-1.00000	0.00038	0.00187	0.00187	-0.00010	1.00000	
1026.69046	-614.61008	377.86253	0.00086	0.09852	89.94834	0.43202	0.00090	1.00000	0.00001	-1.00000	0.00090	0.00172	0.00172	-0.00002	1.00000	
1027.24550	-614.29116	377.53991	0.00389	0.10887	89.96674	0.46448	0.00058	1.00000	0.00007	-1.00000	0.00058	0.00190	0.00190	-0.00007	1.00000	
1027.78478	-614.09021	377.65200	-0.00090	0.11107	89.98122	0.43742	0.00033	1.00000	-0.00002	-1.00000	0.00033	0.00194	0.00194	0.00002	1.00000	
1026.61452	-614.61986	378.38246	-0.01460	0.09349	89.94698	0.47592	0.00093	1.00000	-0.00026	-1.00000	0.00093	0.00163	0.00163	0.00025	1.00000	
1027.26106	-614.20565	377.77155	-0.00459	0.10845	89.96844	0.47954	0.00055	1.00000	-0.00008	-1.00000	0.00055	0.00189	0.00189	0.00008	1.00000	
1028.39429	-613.82441	377.77995	0.00204	0.08566	89.99232	0.47112	0.00013	1.00000	0.00004	-1.00000	0.00013	0.00150	0.00150	-0.00004	1.00000	
1028.35405	-613.81395	377.63845	0.00187	0.09311	89.99320	0.51879	0.00012	1.00000	0.00003	-1.00000	0.00012	0.00163	0.00163	-0.00003	1.00000	
1028.18055	-613.96347	377.94945	-0.00722	0.09624	89.99001	0.52839	0.00017	1.00000	-0.00013	-1.00000	0.00017	0.00168	0.00168	0.00013	1.00000	
1027.96032	-614.00955	377.71015	-0.00210	0.09311	89.98257	0.57902	0.00030	1.00000	-0.00004	-1.00000	0.00030	0.00163	0.00163	0.00004	1.00000	
1027.98385	-614.03452	377.99735	-0.00932	0.09367	89.98305	0.51139	0.00030	1.00000	-0.00016	-1.00000	0.00030	0.00163	0.00163	0.00016	1.00000	
1028.25448	-613.93982	378.04851	-0.01114	0.09932	89.99127	0.54557	0.00015	1.00000	-0.00019	-1.00000	0.00015	0.00173	0.00173	0.00019	1.00000	
1028.95682	-613.59073	377.78966	-0.00038	0.08732	90.00711	0.55203	-0.00012	1.00000	-0.00001	-1.00000	-0.00012	0.00152	0.00152	0.00001	1.00000	
1028.47946	-613.75929	377.76728	-0.00046	0.09110	89.99536	0.53977	0.00008	1.00000	-0.00001	-1.00000	0.00008	0.00159	0.00159	0.00001	1.00000	
1028.38710	-613.97104	378.48255	-0.01687	0.08778	89.99218	0.53928	0.00014	1.00000	-0.00029	-1.00000	0.00014	0.00153	0.00153	0.00029	1.00000	
1029.24954	-613.56873	378.17144	-0.00779	0.08196	90.01226	0.56236	-0.00021	1.00000	-0.00014	-1.00000	-0.00021	0.00143	0.00143	0.00014	1.00000	
1028.30088	-613.85117	378.00620	-0.00512	0.08688	89.98983	0.53252	0.00018	1.00000	-0.00009	-1.00000	0.00018	0.00152	0.00152	0.00009	1.00000	
1028.33303	-613.74501	377.64806	0.00209	0.09533	89.99329	0.51426	0.00012	1.00000	0.00004	-1.00000	0.00012	0.00166	0.00166	-0.00004	1.00000	
1029.03960	-613.34729	377.36396	0.01185	0.08884	90.01040	0.48837	-0.00018	1.00000	0.00021	-1.00000	-0.00018	0.00155	0.00155	-0.00021	1.00000	
1028.08871	-613.89241	378.34300	-0.00975	0.08083	89.98457	0.46892	0.00027	1.00000	-0.00017	-1.00000	0.00027	0.00141	0.00141	0.00017	1.00000	
1027.92560	-613.73196	377.75896	0.00008	0.09700	89.98669	0.48715	0.00023	1.00000	0.00000	-1.00000	0.00023	0.00169	0.00169	-0.00000	1.00000	
1028.46108	-613.59631	378.05515	-0.00500	0.09065	89.99880	0.46034	0.00002	1.00000	-0.00009	-1.00000	0.00002	0.00158	0.00158	0.00009	1.00000	
1029.26803	-613.26954	378.06921	-0.00603	0.09167	90.01974	0.49406	-0.00034	1.00000	-0.00010	-1.00000	-0.00034	0.00160	0.00160	0.00011	1.00000	
1028.58391	-613.44770	378.09821	-0.00944	0.09995	90.00657	0.51106	-0.00011	1.00000	-0.00016	-1.00000	-0.00011	0.00174	0.00174	0.00016	1.00000	
1028.15970	-613.59346	378.39349	-0.01252	0.08976	89.99327	0.51330	0.00012	1.00000	-0.00022	-1.00000	0.00012	0.00157	0.00157	0.00022	1.00000	
1027.05227	-614.02653	378.86128	-0.02230	0.09035	89.96677	0.54080	0.00058	1.00000	-0.00039	-1.00000	0.00058	0.00158	0.00158	0.00039	1.00000	
1028.03518	-613.62173	378.85940	-0.01766	0.07990	89.98920	0.54968	0.00019	1.00000	-0.00031	-1.00000	0.00019	0.00139	0.00139	0.00031	1.00000	
1027.44474	-613.80046	379.02028	-0.02210	0.08322	89.97572	0.55514	0.00042	1.00000	-0.00039	-1.00000	0.00042	0.00145	0.00145	0.00039	1.00000	
1028.74250	-613.13819	378.24900	-0.00281	0.08269	90.00872	0.50884	-0.00015	1.00000	-0.00005	-1.00000	-0.00015	0.00144	0.00144	0.00005	1.00000	
1027.83575	-613.45347	378.23291	-0.00316	0.08799	89.98833	0.53470	0.00020	1.00000	-0.00006	-1.00000	0.00020	0.00154	0.00154	0.00006	1.00000	
1027.79259	-613.32276	377.84793	0.00603	0.09439	89.98756	0.51493	0.00022	1.00000	0.00010	-1.00000	0.00022	0.00165	0.00165	-0.00011	1.00000	
1027.55877	-613.43720	378.13915	-0.00033	0.09380	89.98155	0.53845	0.00032	1.00000	-0.00001	-1.00000	0.00032	0.00164	0.00164	0.00001	1.00000	
1028.06494	-613.39062	378.56280	-0.01107	0.09187	89.99257	0.53691	0.00013	1.00000	-0.00019	-1.00000	0.00013	0.00160	0.00160	0.00019	1.00000	
1027.24241	-613.74169	378.61167	-0.01268	0.09350	89.97038	0.53716	0.00052	1.00000	-0.00022	-1.00000	0.00052	0.00163	0.00163	0.00022	1.00000	
1027.06910	-613.92014	378.95974	-0.01796	0.07953	89.95990	0.52119	0.00070	1.00000	-0.00031	-1.00000	0.00070	0.00139	0.00139	0.00031	1.00000	
1027.37942	-613.78395	378.67732	-0.01117	0.07789	89.96729	0.54284	0.00057	1.00000	-0.00020	-1.00000	0.00057	0.00136	0.00136	0.00019	1.00000	
1026.82826	-613.99333	378.80328	-0.01710	0.08198	89.95485	0.53096	0.00079	1.00000	-0.00030	-1.00000	0.00079	0.00143	0.00143	0.00030	1.00000	
1027.57468	-613.65147	378.29150	-0.01127	0.10221	89.97771	0.51273	0.00039	1.00000	-0.00020	-1.00000	0.00039	0.00178	0.00178	0.00020	1.00000	
1027.21140	-613.78424	378.38496	-0.01357	0.10286	89.96812	0.52420	0.00056	1.00000	-0.00024	-1.00000	0.00056	0.00180	0.00180	0.00024	1.00000	
1027.61567	-613.62237	378.24198	-0.00975	0.10208	89.97871	0.51479	0.00037	1.00000	-0.00017	-1.00000	0.00037	0.00178	0.00178	0.00017	1.00000	
1027.60045	-613.59612	378.10601	-0.00477	0.09878	89.97788	0.53581	0.00039	1.00000	-0.00008	-1.00000	0.00039	0.00172	0.00172	0.00008	1.00000	
1026.87632	-613.97432	378.73123	-0.01985	0.09509	89.95854	0.49606	0.00072	1.00000	-0.00035	-1.00000	0.00072	0.00166	0.00166	0.00035	1.00000	
1027.58588	-613.69059	378.70357	-0.01698	0.08986	89.97353	0.54809	0.00046	1.00000	-0.00030	-1.00000	0.00046	0.00157	0.00157	0.00030	1.00000	
1027.33609	-613.95022	379.40264	-0.02743	0.07174	89.96279	0.51731	0.00065	1.00000	-0.00048	-1.00000	0.00065	0.00125	0.00125	0.00048	1.00000	
1027.65419	-613.65134	378.62964	-0.01077	0.08426	89.97365	0.50336	0.00046	1.00000	-0.00019	-1.00000	0.00046	0.00147	0.00147	0.00019	1.00000	
1027.59438	-613.80673	379.04057	-0.01507	0.06812	89.96641	0.49233	0.00059	1.00000	-0.00026	-1.00000	0.00059	0.00119	0.00119	0.00026	1.00000	
1028.33911	-613.37986	378.71387	-0.00948	0.08105	89.98994	0.50446	0.00018	1.00000	-0.00017	-1.00000	0.00018	0.00141	0.00141	0.00017	1.00000	
1028.91207	-613.08323	378.40545	0.00234	0.06941	90.00199	0.52505	-0.00003	1.00000	0.00004	-1.00000	-0.00003	0.00121	0.00121	-0.00004	1.00000	
1028.21454	-613.46417	379.11490	-0.01440	0.06363	89.98374	0.54983	0.00028	1.00000	-0.00025	-1.00000	0.00028	0.00111	0.00111	0.00025	1.00000	
1027.93100	-613.55070	379.28305	-0.02184	0.07007	89.97836	0.52563	0.00038	1.00000	-0.00038	-1.00000	0.00038	0.00122	0.00122	0.00038	1.00000	
1028.28216	-613.29977	378.96307	-0.01352	0.06723	89.98859	0.55234	0.00020	1.00000	-0.00024	-1.00000	0.00020	0.00117	0.00117	0.00024	1.00000	
1028.09914	-613.33958	378.80892	-0.01121	0.06818	89.98602	0.53172	0.00024	1.00000	-0.00020	-1.00000	0.00024	0.00119	0.00119	0.00020	1.00000	
1028.31562	-613.27123	379.03542	-0.01966	0.07482	89.99359	0.53683	0.00011	1.00000	-0.00034	-1.00000	0.00011	0.00131	0.00131	0.00034	1.00000	
1028.33931	-613.12824	378.52806	-0.00727	0.07950	89.99584	0.51331	0.00007	1.00000	-0.00013	-1.00000	0.00007	0.00139	0.00139	0.00013	1.00000	
1027.69187	-613.56507	379.61478	-0.02985	0.06489	89.97574	0.49479	0.00042	1.00000	-0.00052	-1.00000	0.00042	0.00113	0.00113	0.00052	1.00000	
1027.87911	-613.46190	379.46287	-0.02841	0.07032	89.98157	0.51986	0.00032	1.00000	-0.00050	-1.00000	0.00032	0.00123	0.00123	0.00050	1.00000	
1027.73913	-613.48552	379.50297	-0.02525	0.06127	89.97459	0.52358	0.00044	1.00000	-0.00044	-1.00000	0.00044	0.00107	0.00107	0.00044	1.00000	
1028.31201	-613.27115	379.46882	-0.02205	0.05246	89.98751	0.54324	0.00022	1.00000	-0.00038	-1.00000	0.00022	0.00092	0.00092	0.00038	1.00000	
1027.99095	-613.51565	380.00355	-0.03099	0.03632	89.97459	0.52035	0.00044	1.00000	-0.00054	-1.00000	0.00044	0.00063	0.00063	0.00054	1.00000	
1028.24338	-613.20985	379.26726	-0.02051	0.05866	89.98664	0.48069	0.00023	1.00000	-0.00036	-1.00000	0.00023	0.00102	0.00102	0.00036	1.00000	
1027.54940	-613.36428	378.76883	-0.01484	0.07718	89.97272	0.47092	0.00048	1.00000	-0.00026	-1.00000	0.00048	0.00135	0.00135	0.00026	1.00000	
1027.56387	-613.44748	379.14380	-0.02781	0.08531	89.97435	0.45488	0.00045	1.00000	-0.00049	-1.00000	0.00045	0.00149	0.00149	0.00049	1.00000	
1028.11303	-613.07362	378.40455	-0.00737	0.07698	89.98569	0.46523	0.00025	1.00000	-0.00013	-1.00000	0.00025	0.00134	0.00134	0.00013	1.00000	
1028.15825	-613.12588	378.78704	-0.01112	0.05926	89.98225	0.49084	0.00031	1.00000	-0.00019	-1.00000	0.00031	0.00103	0.00103	0.00019	1.00000	
1028.24853	-613.07058	378.71490	-0.01272	0.06848	89.98650	0.50484	0.00024	1.00000	-0.00022	-1.00000	0.00024	0.00120	0.00120	0.00022	1.00000	
1028.58294	-612.99412	378.71372	-0.01032	0.06236	89.99368	0.50537	0.00011	1.00000	-0.00018	-1.00000	0.00011	0.00109	0.00109	0.00018	1.00000	
1027.44660	-613.39281	379.07497	-0.02017	0.06588	89.96548	0.52628	0.00060	1.00000	-0.00035	-1.00000	0.00060	0.00115	0.00115	0.00035	1.00000	
1027.69447	-613.35432	379.12132	-0.02387	0.07234	89.97326	0.52177	0.00047	1.00000	-0.00042	-1.00000	0.00047	0.00126	0.00126	0.00042	1.00000	
1028.52367	-612.95343	378.64552	-0.01063	0.06823	89.99485	0.50055	0.00009	1.00000	-0.00019	-1.00000	0.00009	0.00119	0.00119	0.00019	1.00000	
1028.52814	-613.03843	379.16341	-0.01939	0.05730	89.99174	0.49438	0.00014	1.00000	-0.00034	-1.00000	0.00014	0.00100	0.00100	0.00034	1.00000	
1028.63835	-613.04682	379.46957	-0.02488	0.04882	89.99195	0.53829	0.00014	1.00000	-0.00043	-1.00000	0.00014	0.00085	0.00085	0.00043	1.00000	
1028.40282	-613.00210	379.07388	-0.01759	0.05502	89.98947	0.53025	0.00018	1.00000	-0.00031	-1.00000	0.00018	0.00096	0.00096	0.00031	1.00000	
1028.29820	-613.07969	379.23603	-0.02042	0.04904	89.98488	0.51415	0.00026	1.00000	-0.00036	-1.00000	0.00026	0.00086	0.00086	0.00036	1.00000	
1028.08043	-613.28015	380.04622	-0.03638	0.03493	89.97635	0.54678	0.00041	1.00000	-0.00064	-1.00000	0.00041	0.00061	0.00061	0.00064	1.00000	
1027.84314	-613.28372	379.88819	-0.03520	0.04524	89.97324	0.52961	0.00047	1.00000	-0.00061	-1.00000	0.00047	0.00079	0.00079	0.00061	1.00000	
1028.86572	-612.73342	379.17835	-0.01747	0.04609	90.00000	0.49452	-0.00000	1.00000	-0.00030	-1.00000	0.00000	0.00080	0.00080	0.00030	1.00000	
1028.93725	-612.77978	379.47437	-0.01991	0.02920	89.99840	0.48283	0.00003	1.00000	-0.00035	-1.00000	0.00003	0.00051	0.00051	0.00035	1.00000	
1028.69974	-612.96077	380.10922	-0.03451	0.02673	89.99218	0.48515	0.00014	1.00000	-0.00060	-1.00000	0.00014	0.00047	0.00047	0.00060	1.00000	
1028.19702	-613.16303	380.33769	-0.03996	0.02673	89.97997	0.48446	0.00035	1.00000	-0.00070	-1.00000	0.00035	0.00047	0.00047	0.00070	1.00000	
1028.36988	-613.07278	380.37360	-0.04092	0.03098	89.98739	0.47946	0.00022	1.00000	-0.00071	-1.00000	0.00022	0.00054	0.00054	0.00071	1.00000	
1028.87916	-612.91502	380.48652	-0.04161	0.02285	89.99877	0.51805	0.00002	1.00000	-0.00073	-1.00000	0.00002	0.00040	0.00040	0.00073	1.00000	
1028.76372	-612.88898	380.35455	-0.03895	0.02516	89.99662	0.50459	0.00006	1.00000	-0.00068	-1.00000	0.00006	0.00044	0.00044	0.00068	1.00000	
1028.94213	-612.73850	380.13377	-0.03407	0.02783	90.00195	0.44693	-0.00003	1.00000	-0.00059	-1.00000	-0.00003	0.00049	0.00049	0.00059	1.00000	
1029.15957	-612.59025	379.92851	-0.02830	0.02803	90.00678	0.41687	-0.00012	1.00000	-0.00049	-1.00000	-0.00012	0.00049	0.00049	0.00049	1.00000	
1028.38215	-612.83631	380.06416	-0.03284	0.03288	89.98933	0.41584	0.00019	1.00000	-0.00057	-1.00000	0.00019	0.00057	0.00057	0.00057	1.00000	
1028.36864	-612.97884	380.37662	-0.04152	0.03704	89.98832	0.43397	0.00020	1.00000	-0.00072	-1.00000	0.00020	0.00065	0.00065	0.00072	1.00000	
1028.93935	-612.72786	380.24205	-0.03257	0.01923	89.99838	0.44078	0.00003	1.00000	-0.00057	-1.00000	0.00003	0.00034	0.00034	0.00057	1.00000	
1028.74814	-612.81777	380.39488	-0.03837	0.02575	89.99466	0.49365	0.00009	1.00000	-0.00067	-1.00000	0.00009	0.00045	0.00045	0.00067	1.00000	
1027.88959	-613.16732	380.77144	-0.04757	0.02581	89.97290	0.50485	0.00047	1.00000	-0.00083	-1.00000	0.00047	0.00045	0.00045	0.00083	1.00000	
1028.41678	-612.87226	380.16686	-0.03657	0.03778	89.98792	0.52907	0.00021	1.00000	-0.00064	-1.00000	0.00021	0.00066	0.00066	0.00064	1.00000	
1027.77778	-613.22511	380.71628	-0.05151	0.04128	89.97247	0.54514	0.00048	1.00000	-0.00090	-1.00000	0.00048	0.00072	0.00072	0.00090	1.00000	
1027.92378	-613.04362	380.24611	-0.04076	0.04534	89.97684	0.53150	0.00040	1.00000	-0.00071	-1.00000	0.00040	0.00079	0.00079	0.00071	1.00000	
1027.60258	-613.32439	380.84936	-0.05518	0.03854	89.96697	0.52487	0.00058	1.00000	-0.00096	-1.00000	0.00058	0.00067	0.00067	0.00096	1.00000	
1028.36325	-612.99963	380.67722	-0.04794	0.03389	89.98459	0.55244	0.00027	1.00000	-0.00084	-1.00000	0.00027	0.00059	0.00059	0.00084	1.00000	
1027.38011	-613.27698	380.49410	-0.04836	0.04682	89.96397	0.52614	0.00063	1.00000	-0.00084	-1.00000	0.00063	0.00082	0.00082	0.00084	1.00000	
1027.84904	-613.02228	380.17468	-0.04218	0.05079	89.97753	0.52678	0.00039	1.00000	-0.00074	-1.00000	0.00039	0.00089	0.00089	0.00074	1.00000	
1027.60912	-613.33350	380.86849	-0.05587	0.03737	89.96682	0.52617	0.00058	1.00000	-0.00098	-1.00000	0.00058	0.00065	0.00065	0.00098	1.00000	
1027.43547	-613.37854	380.75538	-0.05261	0.03559	89.96099	0.52130	0.00068	1.00000	-0.00092	-1.00000	0.00068	0.00062	0.00062	0.00092	1.00000	
1026.88001	-613.60496	380.85664	-0.05798	0.04450	89.94998	0.51014	0.00087	1.00000	-0.00101	-1.00000	0.00087	0.00078	0.00078	0.00101	1.00000	
1027.29518	-613.34757	380.39982	-0.04280	0.03172	89.95686	0.51175	0.00075	1.00000	-0.00075	-1.00000	0.00075	0.00055	0.00055	0.00075	1.00000	
1027.10292	-613.34969	380.33061	-0.04117	0.03537	89.95296	0.49053	0.00082	1.00000	-0.00072	-1.00000	0.00082	0.00062	0.00062	0.00072	1.00000	
1027.93334	-613.16076	380.54187	-0.04465	0.03042	89.97133	0.50721	0.00050	1.00000	-0.00078	-1.00000	0.00050	0.00053	0.00053	0.00078	1.00000	
1027.41384	-613.43979	380.91898	-0.05082	0.02237	89.95510	0.49335	0.00078	1.00000	-0.00089	-1.00000	0.00078	0.00039	0.00039	0.00089	1.00000	
1028.02109	-613.13501	380.60280	-0.04322	0.02223	89.97097	0.49379	0.00051	1.00000	-0.00075	-1.00000	0.00051	0.00039	0.00039	0.00075	1.00000	
1027.94698	-613.23074	380.89806	-0.05353	0.03214	89.97163	0.51544	0.00050	1.00000	-0.00093	-1.00000	0.00050	0.00056	0.00056	0.00093	1.00000	
1028.15431	-612.90090	380.09665	-0.03343	0.03535	89.97890	0.48957	0.00037	1.00000	-0.00058	-1.00000	0.00037	0.00062	0.00062	0.00058	1.00000	
1028.53877	-612.84778	380.44766	-0.04109	0.02945	89.98763	0.48048	0.00022	1.00000	-0.00072	-1.00000	0.00022	0.00051	0.00051	0.00072	1.00000	
1027.31479	-613.25536	380.46719	-0.04285	0.03311	89.95705	0.51228	0.00075	1.00000	-0.00075	-1.00000	0.00075	0.00058	0.00058	0.00075	1.00000	
1026.49425	-613.45924	380.31774	-0.04463	0.05097	89.93951	0.51809	0.00106	1.00000	-0.00078	-1.00000	0.00106	0.00089	0.00089	0.00078	1.00000	
1027.02196	-613.12760	379.69070	-0.03088	0.05481	89.95386	0.52863	0.00081	1.00000	-0.00054	-1.00000	0.00081	0.00096	0.00096	0.00054	1.00000	
1026.37965	-613.48058	380.15819	-0.04063	0.04756	89.93465	0.50756	0.00114	1.00000	-0.00071	-1.00000	0.00114	0.00083	0.00083	0.00071	1.00000	
1027.38539	-613.09207	380.06040	-0.03755	0.04367	89.96078	0.48595	0.00068	1.00000	-0.00066	-1.00000	0.00069	0.00076	0.00076	0.00066	1.00000	
1027.31536	-613.16984	380.04203	-0.03769	0.04122	89.95725	0.48508	0.00075	1.00000	-0.00066	-1.00000	0.00075	0.00072	0.00072	0.00066	1.00000	
1027.11239	-613.28534	380.33191	-0.04509	0.03887	89.95290	0.49816	0.00082	1.00000	-0.00079	-1.00000	0.00082	0.00068	0.00068	0.00079	1.00000	
1026.86787	-613.45900	380.88793	-0.05448	0.02678	89.94455	0.49724	0.00097	1.00000	-0.00095	-1.00000	0.00097	0.00047	0.00047	0.00095	1.00000	
1027.03925	-613.34881	380.56572	-0.05238	0.04628	89.95248	0.50166	0.00083	1.00000	-0.00091	-1.00000	0.00083	0.00081	0.00081	0.00091	1.00000	
1027.04311	-613.42458	381.01068	-0.06187	0.03948	89.95193	0.50536	0.00084	1.00000	-0.00108	-1.00000	0.00084	0.00069	0.00069	0.00108	1.00000	
1026.53382	-613.45030	380.48133	-0.05412	0.05408	89.94366	0.51888	0.00098	1.00000	-0.00095	-1.00000	0.00098	0.00094	0.00094	0.00094	1.00000	
1026.74423	-613.40915	380.38831	-0.05136	0.05127	89.94736	0.49225	0.00092	1.00000	-0.00090	-1.00000	0.00092	0.00089	0.00089	0.00090	1.00000	
1026.61661	-613.43532	380.54766	-0.05623	0.05508	89.94574	0.50132	0.00095	1.00000	-0.00098	-1.00000	0.00095	0.00096	0.00096	0.00098	1.00000	
1026.99307	-613.38342	380.68009	-0.05532	0.04199	89.95216	0.51250	0.00083	1.00000	-0.00097	-1.00000	0.00084	0.00073	0.00073	0.00097	1.00000	
1027.21261	-613.22232	380.32233	-0.05365	0.05907	89.95994	0.50773	0.00070	1.00000	-0.00094	-1.00000	0.00070	0.00103	0.00103	0.00094	1.00000	
1027.20930	-613.25860	380.33870	-0.05192	0.05150	89.95918	0.49252	0.00071	1.00000	-0.00091	-1.00000	0.00071	0.00090	0.00090	0.00091	1.00000	
1027.42190	-613.14058	380.05559	-0.04956	0.06546	89.96622	0.47709	0.00059	1.00000	-0.00087	-1.00000	0.00059	0.00114	0.00114	0.00086	1.00000	
1027.99119	-613.01498	380.28550	-0.05168	0.05717	89.97765	0.51522	0.00039	1.00000	-0.00090	-1.00000	0.00039	0.00100	0.00100	0.00090	1.00000	
1028.04216	-612.95821	380.02022	-0.04863	0.06718	89.97958	0.50423	0.00036	1.00000	-0.00085	-1.00000	0.00036	0.00117	0.00117	0.00085	1.00000	
1027.61812	-613.09341	380.01816	-0.04848	0.06729	89.97021	0.50613	0.00052	1.00000	-0.00085	-1.00000	0.00052	0.00117	0.00117	0.00085	1.00000	
1028.90247	-612.57725	379.62121	-0.03848	0.07237	90.00269	0.52828	-0.00005	1.00000	-0.00067	-1.00000	-0.00005	0.00126	0.00126	0.00067	1.00000	
1028.11682	-612.83816	379.59712	-0.03927	0.06901	89.98232	0.52645	0.00031	1.00000	-0.00069	-1.00000	0.00031	0.00120	0.00120	0.00069	1.00000	
1028.24863	-612.79056	379.65389	-0.03719	0.05391	89.98325	0.52937	0.00029	1.00000	-0.00065	-1.00000	0.00029	0.00094	0.00094	0.00065	1.00000	
1027.74040	-612.94048	379.69368	-0.04008	0.05953	89.97190	0.49784	0.00049	1.00000	-0.00070	-1.00000	0.00049	0.00104	0.00104	0.00070	1.00000	
1027.88199	-612.74943	379.38986	-0.03129	0.06001	89.97637	0.48530	0.00041	1.00000	-0.00055	-1.00000	0.00041	0.00105	0.00105	0.00055	1.00000	
1027.00932	-613.26127	380.19281	-0.04773	0.04679	89.95100	0.49274	0.00086	1.00000	-0.00083	-1.00000	0.00086	0.00082	0.00082	0.00083	1.00000	
1027.79738	-613.04804	380.70439	-0.05803	0.03970	89.97182	0.46351	0.00049	1.00000	-0.00101	-1.00000	0.00049	0.00069	0.00069	0.00101	1.00000	
1027.36567	-613.21184	380.85481	-0.05825	0.03186	89.95834	0.48807	0.00073	1.00000	-0.00102	-1.00000	0.00073	0.00056	0.00056	0.00102	1.00000	
1026.99817	-613.35841	381.13969	-0.06105	0.02347	89.94683	0.47036	0.00093	1.00000	-0.00107	-1.00000	0.00093	0.00041	0.00041	0.00107	1.00000	
1027.11612	-613.24141	380.87169	-0.05025	0.01656	89.94855	0.46971	0.00090	1.00000	-0.00088	-1.00000	0.00090	0.00029	0.00029	0.00088	1.00000	
1026.99832	-613.31785	381.10207	-0.05794	0.02554	89.94740	0.47093	0.00092	1.00000	-0.00101	-1.00000	0.00092	0.00044	0.00045	0.00101	1.00000	
1027.19346	-613.15308	380.92416	-0.04942	0.01356	89.94986	0.47144	0.00088	1.00000	-0.00086	-1.00000	0.00088	0.00024	0.00024	0.00086	1.00000	
1027.51852	-613.00873	380.86605	-0.05015	0.01940	89.96016	0.50223	0.00070	1.00000	-0.00088	-1.00000	0.00070	0.00034	0.00034	0.00088	1.00000	
1026.66641	-613.27837	380.93565	-0.05417	0.02259	89.94031	0.45425	0.00104	1.00000	-0.00095	-1.00000	0.00104	0.00039	0.00039	0.00095	1.00000	
1027.06984	-613.04297	380.60265	-0.04942	0.03171	89.95355	0.49369	0.00081	1.00000	-0.00086	-1.00000	0.00081	0.00055	0.00055	0.00086	1.00000	
1026.89690	-612.96239	380.16890	-0.03965	0.03449	89.95006	0.48971	0.00087	1.00000	-0.00069	-1.00000	0.00087	0.00060	0.00060	0.00069	1.00000	
1026.95186	-612.90619	379.98810	-0.03641	0.03550	89.95166	0.49182	0.00084	1.00000	-0.00064	-1.00000	0.00084	0.00062	0.00062	0.00064	1.00000	
1026.49301	-613.16218	380.40209	-0.04737	0.03808	89.94061	0.51748	0.00104	1.00000	-0.00083	-1.00000	0.00104	0.00066	0.00066	0.00083	1.00000	
1027.06720	-612.92281	380.19632	-0.04262	0.03408	89.95515	0.50589	0.00078	1.00000	-0.00074	-1.00000	0.00078	0.00059	0.00059	0.00074	1.00000	
1026.48225	-613.24502	380.80578	-0.05672	0.03555	89.94171	0.51476	0.00102	1.00000	-0.00099	-1.00000	0.00102	0.00062	0.00062	0.00099	1.00000	
1026.74385	-613.12810	380.56891	-0.05055	0.03467	89.94801	0.53778	0.00091	1.00000	-0.00088	-1.00000	0.00091	0.00060	0.00061	0.00088	1.00000	
1026.49162	-613.16967	380.82762	-0.05350	0.02660	89.94109	0.55651	0.00103	1.00000	-0.00093	-1.00000	0.00103	0.00046	0.00046	0.00093	1.00000	
1026.71680	-613.20313	381.19556	-0.06229	0.02590	89.94581	0.52939	0.00095	1.00000	-0.00109	-1.00000	0.00095	0.00045	0.00045	0.00109	1.00000	
1027.28554	-612.89372	380.76528	-0.05010	0.02391	89.95972	0.50107	0.00070	1.00000	-0.00087	-1.00000	0.00070	0.00042	0.00042	0.00087	1.00000	
1027.19484	-613.00900	381.14890	-0.05573	0.01241	89.95546	0.47824	0.00078	1.00000	-0.00097	-1.00000	0.00078	0.00022	0.00022	0.00097	1.00000	
1026.98062	-612.97018	380.82367	-0.05192	0.02474	89.95340	0.45697	0.00081	1.00000	-0.00091	-1.00000	0.00081	0.00043	0.00043	0.00091	1.00000	
1026.42232	-613.22233	381.14224	-0.06191	0.03113	89.94176	0.46102	0.00102	1.00000	-0.00108	-1.00000	0.00102	0.00054	0.00054	0.00108	1.00000	
1026.71723	-613.19128	381.52402	-0.06893	0.02048	89.94610	0.46072	0.00094	1.00000	-0.00120	-1.00000	0.00094	0.00036	0.00036	0.00120	1.00000	
1026.82742	-613.06323	381.12175	-0.06178	0.02955	89.95028	0.48702	0.00087	1.00000	-0.00108	-1.00000	0.00087	0.00051	0.00052	0.00108	1.00000	
1026.50925	-613.08125	380.83360	-0.05855	0.04175	89.94631	0.46028	0.00094	1.00000	-0.00102	-1.00000	0.00094	0.00073	0.00073	0.00102	1.00000	
1025.72924	-613.39143	381.00548	-0.06738	0.05206	89.93050	0.48628	0.00121	1.00000	-0.00118	-1.00000	0.00121	0.00091	0.00091	0.00118	1.00000	
1025.74024	-613.39992	381.06228	-0.07091	0.05743	89.93187	0.46184	0.00119	1.00000	-0.00124	-1.00000	0.00119	0.00100	0.00100	0.00124	1.00000	
1026.13394	-613.28695	381.23367	-0.07444	0.05312	89.94080	0.48354	0.00103	1.00000	-0.00130	-1.00000	0.00103	0.00093	0.00093	0.00130	1.00000	
1026.97614	-612.86706	380.50996	-0.05580	0.05118	89.96070	0.46963	0.00069	1.00000	-0.00097	-1.00000	0.00069	0.00089	0.00089	0.00097	1.00000	
1026.24055	-613.15420	380.80317	-0.06159	0.04449	89.93984	0.46753	0.00105	1.00000	-0.00108	-1.00000	0.00105	0.00078	0.00078	0.00107	1.00000	
1025.96589	-613.19782	380.62862	-0.05912	0.04884	89.93358	0.48302	0.00116	1.00000	-0.00103	-1.00000	0.00116	0.00085	0.00085	0.00103	1.00000	
1026.34852	-612.90500	379.96603	-0.04579	0.05454	89.94435	0.46757	0.00097	1.00000	-0.00080	-1.00000	0.00097	0.00095	0.00095	0.00080	1.00000	
1026.43926	-613.09563	380.75654	-0.05743	0.03150	89.94015	0.47662	0.00104	1.00000	-0.00100	-1.00000	0.00105	0.00055	0.00055	0.00100	1.00000	
1027.03612	-612.72132	379.96748	-0.04067	0.04030	89.95570	0.45263	0.00077	1.00000	-0.00071	-1.00000	0.00077	0.00070	0.00070	0.00071	1.00000	
1026.13006	-613.04140	380.16007	-0.05324	0.05964	89.93870	0.46563	0.00107	1.00000	-0.00093	-1.00000	0.00107	0.00104	0.00104	0.00093	1.00000	
1026.23584	-613.13454	380.68542	-0.05874	0.03843	89.93585	0.47485	0.00112	1.00000	-0.00103	-1.00000	0.00112	0.00067	0.00067	0.00103	1.00000	
1026.20750	-613.09851	380.44541	-0.05649	0.04878	89.93684	0.44999	0.00110	1.00000	-0.00099	-1.00000	0.00110	0.00085	0.00085	0.00099	1.00000	
1025.41012	-613.29970	380.16056	-0.05060	0.05256	89.91793	0.48210	0.00143	1.00000	-0.00088	-1.00000	0.00143	0.00092	0.00092	0.00088	1.00000	
1026.03207	-613.15086	380.33678	-0.05139	0.04209	89.93013	0.47826	0.00122	1.00000	-0.00090	-1.00000	0.00122	0.00073	0.00073	0.00090	1.00000	
1026.57953	-612.93971	380.17874	-0.04958	0.04844	89.94469	0.49184	0.00097	1.00000	-0.00087	-1.00000	0.00097	0.00084	0.00085	0.00087	1.00000	
1026.79563	-612.71508	379.49582	-0.03756	0.06676	89.95341	0.51093	0.00081	1.00000	-0.00066	-1.00000	0.00081	0.00116	0.00117	0.00066	1.00000	
1026.47879	-612.96678	380.19493	-0.05080	0.05650	89.94470	0.45972	0.00097	1.00000	-0.00089	-1.00000	0.00097	0.00099	0.00099	0.00089	1.00000	
1026.51418	-613.03616	380.63314	-0.05961	0.04751	89.94289	0.50060	0.00100	1.00000	-0.00104	-1.00000	0.00100	0.00083	0.00083	0.00104	1.00000	
1026.34658	-613.13815	380.71268	-0.06091	0.04933	89.93941	0.48850	0.00106	1.00000	-0.00106	-1.00000	0.00106	0.00086	0.00086	0.00106	1.00000	
1025.73433	-613.52635	381.40446	-0.07789	0.04901	89.92420	0.50126	0.00132	1.00000	-0.00136	-1.00000	0.00132	0.00085	0.00086	0.00136	1.00000	
1026.47555	-613.14023	380.99564	-0.06581	0.04706	89.94312	0.50920	0.00099	1.00000	-0.00115	-1.00000	0.00099	0.00082	0.00082	0.00115	1.00000	
1026.42096	-613.23526	381.19398	-0.07093	0.05033	89.94112	0.49050	0.00103	1.00000	-0.00124	-1.00000	0.00103	0.00088	0.00088	0.00124	1.00000	
1026.30215	-613.21237	381.08107	-0.06536	0.04412	89.93842	0.53164	0.00107	1.00000	-0.00114	-1.00000	0.00108	0.00077	0.00077	0.00114	1.00000	
1026.77628	-613.04449	380.97496	-0.06200	0.04334	89.94975	0.53060	0.00088	1.00000	-0.00108	-1.00000	0.00088	0.00076	0.00076	0.00108	1.00000	
1026.98097	-612.91968	380.74996	-0.05474	0.03561	89.95251	0.52646	0.00083	1.00000	-0.00096	-1.00000	0.00083	0.00062	0.00062	0.00096	1.00000	
1026.67491	-613.00225	380.58029	-0.05375	0.04495	89.94662	0.51605	0.00093	1.00000	-0.00094	-1.00000	0.00093	0.00078	0.00078	0.00094	1.00000	
1026.96093	-612.99539	381.06345	-0.06423	0.03814	89.95492	0.52097	0.00079	1.00000	-0.00112	-1.00000	0.00079	0.00066	0.00067	0.00112	1.00000	
1026.63602	-613.05054	381.17574	-0.06536	0.03289	89.94608	0.49361	0.00094	1.00000	-0.00114	-1.00000	0.00094	0.00057	0.00057	0.00114	1.00000	
1025.83509	-613.25698	381.03554	-0.06706	0.04540	89.93043	0.51524	0.00121	1.00000	-0.00117	-1.00000	0.00122	0.00079	0.00079	0.00117	1.00000	
1025.93831	-613.23745	381.31313	-0.07304	0.04201	89.93421	0.47478	0.00115	1.00000	-0.00128	-1.00000	0.00115	0.00073	0.00073	0.00127	1.00000	
1025.20992	-613.49782	381.51990	-0.07933	0.04521	89.91798	0.49904	0.00143	1.00000	-0.00139	-1.00000	0.00143	0.00079	0.00079	0.00138	1.00000	
1025.97155	-613.10367	380.97478	-0.06675	0.05116	89.93940	0.51140	0.00106	1.00000	-0.00117	-1.00000	0.00106	0.00089	0.00089	0.00117	1.00000	
1023.59874	-613.95003	381.38287	-0.08323	0.06629	89.88316	0.49349	0.00204	1.00000	-0.00146	-1.00000	0.00204	0.00115	0.00116	0.00145	1.00000	
1023.74048	-613.95202	381.64272	-0.08360	0.05045	89.88223	0.49427	0.00206	1.00000	-0.00146	-1.00000	0.00206	0.00088	0.00088	0.00146	1.00000	
1023.97134	-613.86939	381.68895	-0.08765	0.05792	89.89059	0.48048	0.00191	1.00000	-0.00153	-1.00000	0.00191	0.00101	0.00101	0.00153	1.00000	
1024.32108	-613.85112	381.82209	-0.08772	0.04380	89.89657	0.46202	0.00181	1.00000	-0.00153	-1.00000	0.00181	0.00076	0.00076	0.00153	1.00000	
1024.66729	-613.74782	381.75091	-0.08318	0.03072	89.90096	0.50443	0.00173	1.00000	-0.00145	-1.00000	0.00173	0.00053	0.00054	0.00145	1.00000	
1024.99579	-613.62482	381.66693	-0.08416	0.03825	89.91138	0.50380	0.00155	1.00000	-0.00147	-1.00000	0.00155	0.00067	0.00067	0.00147	1.00000	
1025.57665	-613.33373	381.42930	-0.07736	0.03440	89.92474	0.50133	0.00131	1.00000	-0.00135	-1.00000	0.00131	0.00060	0.00060	0.00135	1.00000	
1024.76672	-613.73760	381.64383	-0.08223	0.02975	89.90137	0.50554	0.00172	1.00000	-0.00144	-1.00000	0.00172	0.00052	0.00052	0.00144	1.00000	
1024.15979	-613.91060	381.65887	-0.08703	0.04880	89.89191	0.51014	0.00189	1.00000	-0.00152	-1.00000	0.00189	0.00085	0.00085	0.00152	1.00000	
1025.36732	-613.38888	380.95348	-0.06763	0.04519	89.92014	0.49174	0.00139	1.00000	-0.00118	-1.00000	0.00139	0.00079	0.00079	0.00118	1.00000	
1025.18192	-613.57331	381.57938	-0.08151	0.04421	89.91572	0.51836	0.00147	1.00000	-0.00142	-1.00000	0.00147	0.00077	0.00077	0.00142	1.00000	
1025.04222	-613.78899	382.15235	-0.08856	0.02606	89.90594	0.50771	0.00164	1.00000	-0.00155	-1.00000	0.00164	0.00045	0.00045	0.00155	1.00000	
1026.37830	-613.31482	381.73782	-0.07908	0.03156	89.93919	0.49667	0.00106	1.00000	-0.00138	-1.00000	0.00106	0.00055	0.00055	0.00138	1.00000	
1026.70868	-613.13784	381.38144	-0.06587	0.02319	89.94581	0.51263	0.00095	1.00000	-0.00115	-1.00000	0.00095	0.00040	0.00040	0.00115	1.00000	
1026.76524	-613.13282	381.24474	-0.06228	0.02343	89.94659	0.53423	0.00093	1.00000	-0.00109	-1.00000	0.00093	0.00041	0.00041	0.00109	1.00000	
1026.70855	-613.17958	381.32103	-0.06508	0.02636	89.94637	0.50465	0.00094	1.00000	-0.00114	-1.00000	0.00094	0.00046	0.00046	0.00114	1.00000	
1026.79691	-612.89770	380.46903	-0.04778	0.04078	89.95111	0.50057	0.00085	1.00000	-0.00083	-1.00000	0.00085	0.00071	0.00071	0.00083	1.00000	
1027.62065	-612.63908	380.65602	-0.05084	0.03590	89.97250	0.48019	0.00048	1.00000	-0.00089	-1.00000	0.00048	0.00063	0.00063	0.00089	1.00000	
1026.73506	-612.93200	380.83109	-0.05347	0.02975	89.95073	0.47801	0.00086	1.00000	-0.00093	-1.00000	0.00086	0.00052	0.00052	0.00093	1.00000	
1026.08551	-613.11212	380.83384	-0.05922	0.04465	89.93910	0.51271	0.00106	1.00000	-0.00103	-1.00000	0.00106	0.00078	0.00078	0.00103	1.00000	
1026.31860	-612.96182	380.66623	-0.05377	0.04082	89.94419	0.49243	0.00097	1.00000	-0.00094	-1.00000	0.00097	0.00071	0.00071	0.00094	1.00000	
1025.95450	-613.21386	381.33567	-0.06760	0.03051	89.93320	0.48398	0.00117	1.00000	-0.00118	-1.00000	0.00117	0.00053	0.00053	0.00118	1.00000	
1024.81090	-613.59999	381.15266	-0.07130	0.04991	89.90910	0.50484	0.00159	1.00000	-0.00125	-1.00000	0.00159	0.00087	0.00087	0.00124	1.00000	
1025.54131	-613.41987	381.30473	-0.07027	0.03487	89.92327	0.50529	0.00134	1.00000	-0.00123	-1.00000	0.00134	0.00061	0.00061	0.00123	1.00000	
1026.07535	-613.16373	381.05264	-0.06219	0.03144	89.93728	0.50915	0.00109	1.00000	-0.00109	-1.00000	0.00110	0.00055	0.00055	0.00109	1.00000	
1025.36699	-613.47058	381.29579	-0.07415	0.04698	89.92335	0.49197	0.00134	1.00000	-0.00130	-1.00000	0.00134	0.00082	0.00082	0.00129	1.00000	
1026.01057	-613.11259	380.90852	-0.06236	0.03959	89.93707	0.48915	0.00110	1.00000	-0.00109	-1.00000	0.00110	0.00069	0.00069	0.00109	1.00000	
1025.93458	-613.08055	380.83611	-0.05895	0.03601	89.93575	0.46725	0.00112	1.00000	-0.00103	-1.00000	0.00112	0.00063	0.00063	0.00103	1.00000	
1027.01325	-612.66227	380.70783	-0.05532	0.03665	89.96247	0.47231	0.00066	1.00000	-0.00097	-1.00000	0.00066	0.00064	0.00064	0.00097	1.00000	
1026.64900	-612.83421	380.87134	-0.05943	0.03750	89.95397	0.45727	0.00080	1.00000	-0.00104	-1.00000	0.00080	0.00065	0.00065	0.00104	1.00000	
1026.42033	-612.88645	380.86347	-0.05766	0.03356	89.94617	0.45693	0.00094	1.00000	-0.00101	-1.00000	0.00094	0.00058	0.00059	0.00101	1.00000	
1026.81828	-612.72079	380.62837	-0.05414	0.04138	89.95821	0.47047	0.00073	1.00000	-0.00095	-1.00000	0.00073	0.00072	0.00072	0.00095	1.00000	
1026.35861	-612.91742	380.82301	-0.05663	0.03600	89.94506	0.51359	0.00096	1.00000	-0.00099	-1.00000	0.00096	0.00063	0.00063	0.00099	1.00000	
1026.17304	-612.98231	380.97910	-0.05867	0.02872	89.93956	0.51941	0.00105	1.00000	-0.00102	-1.00000	0.00106	0.00050	0.00050	0.00102	1.00000	
1025.93658	-613.04987	381.09423	-0.06111	0.02765	89.93294	0.52332	0.00117	1.00000	-0.00107	-1.00000	0.00117	0.00048	0.00048	0.00107	1.00000	
1026.50462	-612.75167	380.82019	-0.05848	0.04081	89.95228	0.49278	0.00083	1.00000	-0.00102	-1.00000	0.00083	0.00071	0.00071	0.00102	1.00000	
1026.33996	-612.88382	381.11929	-0.06135	0.02587	89.94563	0.49627	0.00095	1.00000	-0.00107	-1.00000	0.00095	0.00045	0.00045	0.00107	1.00000	
1025.49076	-613.25386	381.47783	-0.07192	0.02817	89.92555	0.50107	0.00130	1.00000	-0.00126	-1.00000	0.00130	0.00049	0.00049	0.00126	1.00000	
1025.48242	-613.34214	381.70103	-0.07650	0.02467	89.92248	0.45834	0.00135	1.00000	-0.00134	-1.00000	0.00135	0.00043	0.00043	0.00134	1.00000	
1025.10678	-613.29410	380.94904	-0.06188	0.03516	89.91621	0.50111	0.00146	1.00000	-0.00108	-1.00000	0.00146	0.00061	0.00061	0.00108	1.00000	
1025.84063	-613.08279	381.01571	-0.06376	0.03748	89.93496	0.50547	0.00114	1.00000	-0.00111	-1.00000	0.00114	0.00065	0.00065	0.00111	1.00000	
1026.18228	-613.06925	381.25217	-0.06925	0.03682	89.94231	0.52769	0.00101	1.00000	-0.00121	-1.00000	0.00101	0.00064	0.00064	0.00121	1.00000	
1025.38030	-613.22577	380.98018	-0.06764	0.05097	89.92657	0.51379	0.00128	1.00000	-0.00118	-1.00000	0.00128	0.00089	0.00089	0.00118	1.00000	
1025.18133	-613.32331	381.15100	-0.07093	0.04938	89.92074	0.49185	0.00138	1.00000	-0.00124	-1.00000	0.00138	0.00086	0.00086	0.00124	1.00000	
1025.52292	-613.16941	381.03969	-0.06818	0.05291	89.93041	0.49647	0.00121	1.00000	-0.00119	-1.00000	0.00122	0.00092	0.00092	0.00119	1.00000	
1025.39066	-613.10765	380.72313	-0.06115	0.05621	89.92841	0.51066	0.00125	1.00000	-0.00107	-1.00000	0.00125	0.00098	0.00098	0.00107	1.00000	
1025.03685	-613.23879	380.75859	-0.06339	0.06129	89.92113	0.51411	0.00138	1.00000	-0.00111	-1.00000	0.00138	0.00107	0.00107	0.00111	1.00000	
1025.07136	-613.20892	380.66119	-0.06222	0.06312	89.92248	0.51286	0.00135	1.00000	-0.00109	-1.00000	0.00135	0.00110	0.00110	0.00109	1.00000	
1024.95587	-613.35980	381.10579	-0.07082	0.05510	89.91890	0.51229	0.00142	1.00000	-0.00124	-1.00000	0.00142	0.00096	0.00096	0.00124	1.00000	
1025.05652	-613.25280	380.94159	-0.07266	0.07328	89.92635	0.48632	0.00129	1.00000	-0.00127	-1.00000	0.00129	0.00128	0.00128	0.00127	1.00000	
1025.02477	-613.19874	380.85897	-0.06465	0.05777	89.92302	0.47506	0.00134	1.00000	-0.00113	-1.00000	0.00134	0.00101	0.00101	0.00113	1.00000	
1025.50149	-612.79163	380.19686	-0.05015	0.06245	89.93715	0.49073	0.00110	1.00000	-0.00088	-1.00000	0.00110	0.00109	0.00109	0.00088	1.00000	
1025.32195	-612.97220	380.72261	-0.06561	0.06911	89.93520	0.49169	0.00113	1.00000	-0.00115	-1.00000	0.00113	0.00120	0.00121	0.00115	1.00000	
1025.07527	-612.83274	379.92574	-0.04369	0.06457	89.92873	0.49841	0.00124	1.00000	-0.00076	-1.00000	0.00124	0.00113	0.00113	0.00076	1.00000	
1025.63882	-612.60650	380.03051	-0.04353	0.05350	89.94139	0.48579	0.00102	1.00000	-0.00076	-1.00000	0.00102	0.00093	0.00093	0.00076	1.00000	
1025.65042	-612.62206	380.12850	-0.04517	0.05276	89.94151	0.48762	0.00102	1.00000	-0.00079	-1.00000	0.00102	0.00092	0.00092	0.00079	1.00000	
1024.77994	-612.98786	380.44552	-0.05689	0.06386	89.92355	0.54452	0.00133	1.00000	-0.00099	-1.00000	0.00134	0.00111	0.00111	0.00099	1.00000	
1024.63614	-613.03969	380.68712	-0.06315	0.06612	89.92116	0.52093	0.00138	1.00000	-0.00110	-1.00000	0.00138	0.00115	0.00115	0.00110	1.00000	
1025.57042	-612.74594	380.62482	-0.05656	0.05418	89.94080	0.49893	0.00103	1.00000	-0.00099	-1.00000	0.00103	0.00094	0.00095	0.00099	1.00000	
1024.34620	-613.18149	380.90118	-0.06543	0.06230	89.91326	0.49824	0.00151	1.00000	-0.00114	-1.00000	0.00152	0.00109	0.00109	0.00114	1.00000	
1023.64146	-613.50960	381.17704	-0.07043	0.05576	89.89456	0.47125	0.00184	1.00000	-0.00123	-1.00000	0.00184	0.00097	0.00097	0.00123	1.00000	
1023.78833	-613.44448	381.10965	-0.07119	0.06387	89.89898	0.50419	0.00176	1.00000	-0.00124	-1.00000	0.00176	0.00111	0.00111	0.00124	1.00000	
1024.20745	-613.30666	381.12503	-0.06944	0.06058	89.90924	0.49087	0.00158	1.00000	-0.00121	-1.00000	0.00159	0.00106	0.00106	0.00121	1.00000	
1024.16402	-613.31495	381.07113	-0.06913	0.06159	89.90839	0.49428	0.00160	1.00000	-0.00121	-1.00000	0.00160	0.00107	0.00107	0.00121	1.00000	
1023.39010	-613.53726	380.90362	-0.06495	0.06602	89.88936	0.53385	0.00193	1.00000	-0.00114	-1.00000	0.00193	0.00115	0.00115	0.00113	1.00000	
1023.85559	-613.47114	381.12885	-0.06944	0.06280	89.90030	0.49386	0.00174	1.00000	-0.00121	-1.00000	0.00174	0.00109	0.00110	0.00121	1.00000	
1023.98564	-613.34124	380.83695	-0.06565	0.06757	89.90492	0.49051	0.00166	1.00000	-0.00115	-1.00000	0.00166	0.00118	0.00118	0.00115	1.00000	
1023.97612	-613.45897	381.02875	-0.06917	0.06115	89.90091	0.51063	0.00173	1.00000	-0.00121	-1.00000	0.00173	0.00107	0.00107	0.00121	1.00000	
1023.70032	-613.47143	380.59736	-0.06631	0.08453	89.89983	0.52169	0.00175	1.00000	-0.00116	-1.00000	0.00175	0.00147	0.00148	0.00116	1.00000	
1024.19127	-613.43297	380.76621	-0.06493	0.06391	89.90540	0.52734	0.00165	1.00000	-0.00114	-1.00000	0.00165	0.00111	0.00112	0.00113	1.00000	
1023.69336	-613.58296	380.44862	-0.06063	0.07016	89.89512	0.54612	0.00183	1.00000	-0.00106	-1.00000	0.00183	0.00122	0.00122	0.00106	1.00000	
1024.10107	-613.22361	379.86687	-0.04835	0.07773	89.90720	0.53993	0.00162	1.00000	-0.00085	-1.00000	0.00162	0.00136	0.00136	0.00084	1.00000	
1024.80785	-613.10354	380.06149	-0.05080	0.07112	89.92189	0.53531	0.00136	1.00000	-0.00089	-1.00000	0.00136	0.00124	0.00124	0.00089	1.00000	
1024.72699	-613.03741	379.72052	-0.04792	0.08672	89.92341	0.54695	0.00134	1.00000	-0.00084	-1.00000	0.00134	0.00151	0.00151	0.00084	1.00000	
1023.94171	-613.44955	380.28032	-0.06165	0.08626	89.90369	0.56487	0.00168	1.00000	-0.00108	-1.00000	0.00168	0.00150	0.00151	0.00108	1.00000	
1023.95508	-613.50026	380.53929	-0.06442	0.07503	89.90215	0.54318	0.00171	1.00000	-0.00113	-1.00000	0.00171	0.00131	0.00131	0.00112	1.00000	
1023.95974	-613.45867	380.21493	-0.05814	0.07965	89.90380	0.50700	0.00168	1.00000	-0.00102	-1.00000	0.00168	0.00139	0.00139	0.00101	1.00000	
1024.21851	-613.35714	380.27010	-0.05591	0.07210	89.90756	0.50072	0.00161	1.00000	-0.00098	-1.00000	0.00161	0.00126	0.00126	0.00098	1.00000	
1025.11122	-613.07291	380.22926	-0.04906	0.05445	89.92519	0.48274	0.00131	1.00000	-0.00086	-1.00000	0.00131	0.00095	0.00095	0.00086	1.00000	
1024.66072	-613.24832	380.37846	-0.05329	0.05372	89.91410	0.47982	0.00150	1.00000	-0.00093	-1.00000	0.00150	0.00094	0.00094	0.00093	1.00000	
1023.52926	-613.79521	380.95361	-0.07006	0.06511	89.88857	0.48865	0.00194	1.00000	-0.00123	-1.00000	0.00195	0.00113	0.00114	0.00122	1.00000	
1024.66415	-613.33589	380.57759	-0.05545	0.04765	89.91328	0.49189	0.00151	1.00000	-0.00097	-1.00000	0.00151	0.00083	0.00083	0.00097	1.00000	
1023.80321	-613.69585	380.81560	-0.06300	0.05234	89.89156	0.54424	0.00189	1.00000	-0.00110	-1.00000	0.00189	0.00091	0.00091	0.00110	1.00000	
1023.90441	-613.52886	380.48843	-0.05740	0.06161	89.89764	0.53804	0.00179	1.00000	-0.00100	-1.00000	0.00179	0.00107	0.00108	0.00100	1.00000	
1024.19676	-613.42057	380.52441	-0.05403	0.04623	89.90124	0.49432	0.00172	1.00000	-0.00094	-1.00000	0.00172	0.00081	0.00081	0.00094	1.00000	
1024.80662	-613.27620	380.58612	-0.05625	0.04769	89.91752	0.48641	0.00144	1.00000	-0.00098	-1.00000	0.00144	0.00083	0.00083	0.00098	1.00000	
1024.56623	-613.47054	381.02591	-0.06687	0.04632	89.91109	0.47516	0.00155	1.00000	-0.00117	-1.00000	0.00155	0.00081	0.00081	0.00117	1.00000	
1024.55211	-613.41363	380.98103	-0.06746	0.05056	89.91246	0.49716	0.00153	1.00000	-0.00118	-1.00000	0.00153	0.00088	0.00088	0.00118	1.00000	
1024.64641	-613.41361	381.23214	-0.07214	0.04517	89.91498	0.48227	0.00148	1.00000	-0.00126	-1.00000	0.00148	0.00079	0.00079	0.00126	1.00000	
1025.00791	-613.27232	381.11211	-0.06956	0.04864	89.92596	0.48563	0.00129	1.00000	-0.00122	-1.00000	0.00129	0.00085	0.00085	0.00121	1.00000	
1024.40493	-613.41315	380.84741	-0.06400	0.05209	89.91191	0.48606	0.00154	1.00000	-0.00112	-1.00000	0.00154	0.00091	0.00091	0.00112	1.00000	
1024.07514	-613.60678	381.11501	-0.07026	0.05163	89.90431	0.47240	0.00167	1.00000	-0.00123	-1.00000	0.00167	0.00090	0.00090	0.00123	1.00000	
1024.86458	-613.33296	381.13468	-0.06947	0.05028	89.92371	0.48656	0.00133	1.00000	-0.00121	-1.00000	0.00133	0.00088	0.00088	0.00121	1.00000	
1025.74130	-613.05694	381.26193	-0.06906	0.04090	89.94304	0.47547	0.00099	1.00000	-0.00121	-1.00000	0.00100	0.00071	0.00071	0.00121	1.00000	
1024.28716	-613.65748	381.55823	-0.07953	0.04740	89.90757	0.48180	0.00161	1.00000	-0.00139	-1.00000	0.00161	0.00083	0.00083	0.00139	1.00000	
1024.49032	-613.57175	381.38837	-0.07450	0.04686	89.91253	0.50208	0.00153	1.00000	-0.00130	-1.00000	0.00153	0.00082	0.00082	0.00130	1.00000	
1024.82867	-613.49567	381.60990	-0.07833	0.03945	89.91783	0.48914	0.00143	1.00000	-0.00137	-1.00000	0.00144	0.00069	0.00069	0.00137	1.00000	
1025.96312	-612.94609	380.89778	-0.05824	0.03247	89.94540	0.48480	0.00095	1.00000	-0.00102	-1.00000	0.00095	0.00057	0.00057	0.00102	1.00000	
1025.29707	-613.24464	381.13082	-0.06539	0.03439	89.92939	0.47237	0.00123	1.00000	-0.00114	-1.00000	0.00123	0.00060	0.00060	0.00114	1.00000	
1025.54291	-613.14305	380.91524	-0.06492	0.05000	89.94001	0.47389	0.00105	1.00000	-0.00113	-1.00000	0.00105	0.00087	0.00087	0.00113	1.00000	
1025.32287	-613.23484	381.02120	-0.06937	0.05276	89.93425	0.51368	0.00115	1.00000	-0.00121	-1.00000	0.00115	0.00092	0.00092	0.00121	1.00000	
1025.36726	-613.08078	380.63787	-0.06074	0.05738	89.93813	0.48977	0.00108	1.00000	-0.00106	-1.00000	0.00108	0.00100	0.00100	0.00106	1.00000	
1025.28434	-613.13455	380.76011	-0.06405	0.05490	89.93455	0.53933	0.00114	1.00000	-0.00112	-1.00000	0.00114	0.00096	0.00096	0.00112	1.00000	
1024.58526	-613.39899	380.99231	-0.06874	0.05552	89.91788	0.50863	0.00143	1.00000	-0.00120	-1.00000	0.00143	0.00097	0.00097	0.00120	1.00000	
1024.40890	-613.44134	380.87330	-0.07124	0.07101	89.91793	0.48639	0.00143	1.00000	-0.00125	-1.00000	0.00143	0.00124	0.00124	0.00124	1.00000	
1024.13889	-613.45795	380.75551	-0.06347	0.06159	89.91061	0.50434	0.00156	1.00000	-0.00111	-1.00000	0.00156	0.00107	0.00107	0.00111	1.00000	
1024.98544	-613.03964	380.39933	-0.05617	0.06609	89.93271	0.48960	0.00117	1.00000	-0.00098	-1.00000	0.00118	0.00115	0.00115	0.00098	1.00000	
1024.10284	-613.50738	380.94044	-0.07042	0.06897	89.91121	0.51330	0.00155	1.00000	-0.00123	-1.00000	0.00155	0.00120	0.00120	0.00123	1.00000	
1024.92244	-613.16508	380.82671	-0.06516	0.06041	89.93092	0.51794	0.00121	1.00000	-0.00114	-1.00000	0.00121	0.00105	0.00105	0.00114	1.00000	
1024.61119	-613.04205	380.03450	-0.04798	0.07229	89.92565	0.51078	0.00130	1.00000	-0.00084	-1.00000	0.00130	0.00126	0.00126	0.00084	1.00000	
1024.36873	-613.40562	381.16989	-0.06772	0.04531	89.91347	0.48665	0.00151	1.00000	-0.00118	-1.00000	0.00151	0.00079	0.00079	0.00118	1.00000	
1024.05968	-613.48622	381.01241	-0.06744	0.05711	89.90810	0.47612	0.00160	1.00000	-0.00118	-1.00000	0.00161	0.00099	0.00100	0.00118	1.00000	
1024.73512	-613.28725	381.05359	-0.06471	0.04483	89.92268	0.46953	0.00135	1.00000	-0.00113	-1.00000	0.00135	0.00078	0.00078	0.00113	1.00000	
1024.41654	-613.41566	381.14454	-0.06760	0.04734	89.91528	0.46403	0.00148	1.00000	-0.00118	-1.00000	0.00148	0.00082	0.00083	0.00118	1.00000	
1025.11314	-613.14686	380.99260	-0.06233	0.03923	89.93033	0.45684	0.00122	1.00000	-0.00109	-1.00000	0.00122	0.00068	0.00068	0.00109	1.00000	
1025.24401	-613.10993	380.85855	-0.06066	0.04405	89.93530	0.44657	0.00113	1.00000	-0.00106	-1.00000	0.00113	0.00077	0.00077	0.00106	1.00000	
1025.03943	-613.27000	381.15625	-0.06691	0.03941	89.92782	0.48159	0.00126	1.00000	-0.00117	-1.00000	0.00126	0.00069	0.00069	0.00117	1.00000	
1024.85182	-613.29199	380.73287	-0.05856	0.04606	89.92321	0.48049	0.00134	1.00000	-0.00102	-1.00000	0.00134	0.00080	0.00080	0.00102	1.00000	
1024.81359	-613.26231	380.64130	-0.05606	0.04604	89.92142	0.48519	0.00137	1.00000	-0.00098	-1.00000	0.00137	0.00080	0.00080	0.00098	1.00000	
1025.25676	-613.12705	380.66762	-0.05773	0.05079	89.93291	0.49917	0.00117	1.00000	-0.00101	-1.00000	0.00117	0.00089	0.00089	0.00101	1.00000	
1024.87091	-613.24791	380.49951	-0.05269	0.04861	89.92429	0.54252	0.00132	1.00000	-0.00092	-1.00000	0.00132	0.00085	0.00085	0.00092	1.00000	
1025.12065	-613.26277	380.83039	-0.05713	0.03726	89.92673	0.52346	0.00128	1.00000	-0.00100	-1.00000	0.00128	0.00065	0.00065	0.00100	1.00000	
1024.63515	-613.37717	380.69839	-0.05830	0.05077	89.91890	0.48964	0.00142	1.00000	-0.00102	-1.00000	0.00142	0.00088	0.00089	0.00102	1.00000	
1025.01416	-613.33690	380.97615	-0.06633	0.05510	89.92899	0.50828	0.00124	1.00000	-0.00116	-1.00000	0.00124	0.00096	0.00096	0.00116	1.00000	
1024.45261	-613.71021	381.67657	-0.07881	0.04095	89.91151	0.53689	0.00154	1.00000	-0.00138	-1.00000	0.00155	0.00071	0.00071	0.00138	1.00000	
1025.22390	-613.36889	381.14688	-0.06668	0.04331	89.93248	0.52092	0.00118	1.00000	-0.00116	-1.00000	0.00118	0.00075	0.00076	0.00116	1.00000	
1024.93595	-613.35611	380.72597	-0.06190	0.06583	89.93192	0.51459	0.00119	1.00000	-0.00108	-1.00000	0.00119	0.00115	0.00115	0.00108	1.00000	
1026.04402	-612.93111	380.53984	-0.05220	0.05293	89.95677	0.52741	0.00075	1.00000	-0.00091	-1.00000	0.00076	0.00092	0.00092	0.00091	1.00000	
1025.92917	-613.09371	381.10128	-0.06457	0.04739	89.95299	0.51628	0.00082	1.00000	-0.00113	-1.00000	0.00082	0.00083	0.00083	0.00113	1.00000	
1025.82685	-613.10223	380.75135	-0.05674	0.05151	89.94994	0.49354	0.00087	1.00000	-0.00099	-1.00000	0.00087	0.00090	0.00090	0.00099	1.00000	
1026.11140	-612.97863	380.55875	-0.05131	0.04812	89.95705	0.49596	0.00075	1.00000	-0.00090	-1.00000	0.00075	0.00084	0.00084	0.00090	1.00000	
1026.26896	-613.02740	380.80690	-0.05432	0.03706	89.95814	0.47593	0.00073	1.00000	-0.00095	-1.00000	0.00073	0.00065	0.00065	0.00095	1.00000	
1025.76487	-613.25546	380.99645	-0.06217	0.04710	89.94698	0.48826	0.00093	1.00000	-0.00109	-1.00000	0.00093	0.00082	0.00082	0.00109	1.00000	
1026.36383	-612.98777	380.76700	-0.05363	0.04330	89.96161	0.55818	0.00067	1.00000	-0.00094	-1.00000	0.00067	0.00076	0.00076	0.00094	1.00000	
1026.30672	-613.00869	380.72302	-0.05464	0.04625	89.96097	0.55233	0.00068	1.00000	-0.00095	-1.00000	0.00068	0.00081	0.00081	0.00095	1.00000	
1025.74136	-613.18632	380.66496	-0.05513	0.05104	89.94782	0.55491	0.00091	1.00000	-0.00096	-1.00000	0.00091	0.00089	0.00089	0.00096	1.00000	
1025.97351	-613.19404	380.93275	-0.06084	0.04538	89.95261	0.56160	0.00083	1.00000	-0.00106	-1.00000	0.00083	0.00079	0.00079	0.00106	1.00000	
1024.76645	-613.57954	380.94480	-0.06327	0.04998	89.92502	0.55657	0.00131	1.00000	-0.00111	-1.00000	0.00131	0.00087	0.00087	0.00110	1.00000	
1025.82244	-613.26636	381.06526	-0.06321	0.04058	89.94818	0.53052	0.00090	1.00000	-0.00110	-1.00000	0.00091	0.00071	0.00071	0.00110	1.00000	
1025.46779	-613.32587	380.90759	-0.05780	0.03354	89.93919	0.53881	0.00106	1.00000	-0.00101	-1.00000	0.00106	0.00058	0.00059	0.00101	1.00000	
1025.26133	-613.47899	381.27276	-0.06984	0.04216	89.93574	0.53812	0.00112	1.00000	-0.00122	-1.00000	0.00112	0.00073	0.00074	0.00122	1.00000	
1025.29944	-613.43420	381.10362	-0.06294	0.03399	89.93507	0.53495	0.00113	1.00000	-0.00110	-1.00000	0.00113	0.00059	0.00059	0.00110	1.00000	
1025.25410	-613.49743	381.34195	-0.06596	0.01942	89.93172	0.48150	0.00119	1.00000	-0.00115	-1.00000	0.00119	0.00034	0.00034	0.00115	1.00000	
1025.12623	-613.61515	381.62660	-0.07731	0.03338	89.93247	0.47480	0.00118	1.00000	-0.00135	-1.00000	0.00118	0.00058	0.00058	0.00135	1.00000	
1026.01709	-613.30194	381.40412	-0.06893	0.02342	89.95107	0.46622	0.00085	1.00000	-0.00120	-1.00000	0.00085	0.00041	0.00041	0.00120	1.00000	
1025.72183	-613.41073	381.32737	-0.06685	0.02095	89.94236	0.48071	0.00101	1.00000	-0.00117	-1.00000	0.00101	0.00036	0.00037	0.00117	1.00000	
1026.00204	-613.22328	381.06065	-0.06072	0.02732	89.95071	0.46546	0.00086	1.00000	-0.00106	-1.00000	0.00086	0.00048	0.00048	0.00106	1.00000	
1025.84358	-613.18617	380.58637	-0.05306	0.03817	89.94913	0.46896	0.00089	1.00000	-0.00093	-1.00000	0.00089	0.00067	0.00067	0.00093	1.00000	
1025.28421	-613.52745	380.97916	-0.06445	0.04078	89.93623	0.48002	0.00111	1.00000	-0.00113	-1.00000	0.00111	0.00071	0.00071	0.00112	1.00000	
1025.15793	-613.60316	381.05239	-0.06443	0.03733	89.93157	0.47946	0.00119	1.00000	-0.00113	-1.00000	0.00120	0.00065	0.00065	0.00112	1.00000	
1025.06296	-613.57148	380.92051	-0.06679	0.05247	89.93460	0.47746	0.00114	1.00000	-0.00117	-1.00000	0.00114	0.00091	0.00092	0.00117	1.00000	
1025.42116	-613.43026	380.74913	-0.06343	0.05185	89.94405	0.46651	0.00098	1.00000	-0.00111	-1.00000	0.00098	0.00090	0.00090	0.00111	1.00000	
1024.39994	-613.68480	380.62062	-0.06762	0.07608	89.92538	0.47573	0.00130	1.00000	-0.00118	-1.00000	0.00130	0.00133	0.00133	0.00118	1.00000	
1024.82579	-613.65962	380.90990	-0.07162	0.06711	89.93284	0.44907	0.00117	1.00000	-0.00125	-1.00000	0.00117	0.00117	0.00117	0.00125	1.00000	
1025.40508	-613.33235	380.27387	-0.05567	0.06239	89.94530	0.49077	0.00095	1.00000	-0.00097	-1.00000	0.00096	0.00109	0.00109	0.00097	1.00000	
1025.16523	-613.26347	379.74144	-0.04719	0.07696	89.94401	0.50227	0.00098	1.00000	-0.00082	-1.00000	0.00098	0.00134	0.00134	0.00082	1.00000	
1025.88690	-612.99558	379.63890	-0.04039	0.06237	89.95821	0.49755	0.00073	1.00000	-0.00071	-1.00000	0.00073	0.00109	0.00109	0.00070	1.00000	
1025.05233	-613.33897	379.59131	-0.04302	0.06931	89.93848	0.49512	0.00107	1.00000	-0.00075	-1.00000	0.00107	0.00121	0.00121	0.00075	1.00000	
1024.95285	-613.37243	379.60387	-0.04393	0.07220	89.93676	0.49124	0.00110	1.00000	-0.00077	-1.00000	0.00110	0.00126	0.00126	0.00077	1.00000	
1026.18418	-612.94994	379.43673	-0.03537	0.05879	89.96449	0.47393	0.00062	1.00000	-0.00062	-1.00000	0.00062	0.00103	0.00103	0.00062	1.00000	
1025.09238	-613.40685	379.76183	-0.04822	0.07242	89.94061	0.52533	0.00104	1.00000	-0.00084	-1.00000	0.00104	0.00126	0.00126	0.00084	1.00000	
1025.47353	-613.30245	379.56328	-0.04322	0.07305	89.94936	0.54111	0.00088	1.00000	-0.00076	-1.00000	0.00088	0.00127	0.00127	0.00075	1.00000	
1025.69927	-613.22003	379.35483	-0.03851	0.07416	89.95436	0.54291	0.00080	1.00000	-0.00067	-1.00000	0.00080	0.00129	0.00129	0.00067	1.00000	
1025.89737	-613.16368	379.15590	-0.03208	0.07066	89.95837	0.51795	0.00073	1.00000	-0.00056	-1.00000	0.00073	0.00123	0.00123	0.00056	1.00000	
1026.14457	-613.29851	379.82802	-0.04480	0.05947	89.95925	0.51792	0.00071	1.00000	-0.00078	-1.00000	0.00071	0.00104	0.00104	0.00078	1.00000	
1026.34703	-613.33428	380.16309	-0.05060	0.05271	89.96205	0.50553	0.00066	1.00000	-0.00088	-1.00000	0.00066	0.00092	0.00092	0.00088	1.00000	
1026.73205	-613.05865	379.42153	-0.03191	0.05525	89.97191	0.50267	0.00049	1.00000	-0.00056	-1.00000	0.00049	0.00096	0.00096	0.00056	1.00000	
1026.18276	-613.40132	379.90755	-0.04059	0.04812	89.95509	0.50031	0.00078	1.00000	-0.00071	-1.00000	0.00078	0.00084	0.00084	0.00071	1.00000	
1026.43774	-613.38891	380.40665	-0.05278	0.04953	89.96290	0.48382	0.00065	1.00000	-0.00092	-1.00000	0.00065	0.00086	0.00086	0.00092	1.00000	
1026.71423	-613.28198	380.28074	-0.04987	0.05069	89.96960	0.52236	0.00053	1.00000	-0.00087	-1.00000	0.00053	0.00088	0.00088	0.00087	1.00000	
1027.27292	-612.84019	379.47191	-0.03304	0.06048	89.98721	0.52100	0.00022	1.00000	-0.00058	-1.00000	0.00022	0.00106	0.00106	0.00058	1.00000	
1026.72247	-613.10838	379.69257	-0.03553	0.05220	89.97089	0.50530	0.00051	1.00000	-0.00062	-1.00000	0.00051	0.00091	0.00091	0.00062	1.00000	
1027.32415	-612.88805	379.74768	-0.03723	0.05232	89.98773	0.51545	0.00021	1.00000	-0.00065	-1.00000	0.00021	0.00091	0.00091	0.00065	1.00000	
1027.07164	-613.15120	380.19944	-0.04345	0.03477	89.97613	0.50597	0.00042	1.00000	-0.00076	-1.00000	0.00042	0.00061	0.00061	0.00076	1.00000	
1026.91075	-613.09437	379.84318	-0.03588	0.03741	89.97315	0.50606	0.00047	1.00000	-0.00063	-1.00000	0.00047	0.00065	0.00065	0.00063	1.00000	
1027.59885	-612.95369	380.00744	-0.03834	0.03164	89.98808	0.50385	0.00021	1.00000	-0.00067	-1.00000	0.00021	0.00055	0.00055	0.00067	1.00000	
1027.27690	-613.08329	380.24089	-0.04055	0.02137	89.97869	0.52689	0.00037	1.00000	-0.00071	-1.00000	0.00037	0.00037	0.00037	0.00071	1.00000	
1027.34902	-613.09563	380.48303	-0.04519	0.02216	89.98039	0.50602	0.00034	1.00000	-0.00079	-1.00000	0.00034	0.00039	0.00039	0.00079	1.00000	
1026.23945	-613.54730	380.81411	-0.05521	0.02590	89.95266	0.51595	0.00083	1.00000	-0.00096	-1.00000	0.00083	0.00045	0.00045	0.00096	1.00000	
1025.97795	-613.54366	380.67381	-0.05022	0.02733	89.94798	0.54405	0.00091	1.00000	-0.00088	-1.00000	0.00091	0.00048	0.00048	0.00088	1.00000	
1026.81129	-613.26534	380.67788	-0.04864	0.02227	89.96783	0.53909	0.00056	1.00000	-0.00085	-1.00000	0.00056	0.00039	0.00039	0.00085	1.00000	
1025.92247	-613.72726	381.22329	-0.06101	0.01979	89.94442	0.54897	0.00097	1.00000	-0.00107	-1.00000	0.00097	0.00034	0.00035	0.00106	1.00000	
1025.59527	-613.83870	381.16753	-0.06360	0.03574	89.94014	0.55360	0.00104	1.00000	-0.00111	-1.00000	0.00105	0.00062	0.00062	0.00111	1.00000	
1026.04836	-613.61842	380.90427	-0.05488	0.03002	89.95023	0.52640	0.00087	1.00000	-0.00096	-1.00000	0.00087	0.00052	0.00052	0.00096	1.00000	
1026.06796	-613.62016	380.96317	-0.05520	0.02852	89.95034	0.52764	0.00087	1.00000	-0.00096	-1.00000	0.00087	0.00050	0.00050	0.00096	1.00000	
1026.04563	-613.66709	381.04447	-0.05769	0.03100	89.94992	0.48897	0.00087	1.00000	-0.00101	-1.00000	0.00087	0.00054	0.00054	0.00101	1.00000	
1025.45119	-613.93835	381.56121	-0.06651	0.01798	89.93160	0.49383	0.00119	1.00000	-0.00116	-1.00000	0.00119	0.00031	0.00031	0.00116	1.00000	
1025.27614	-613.96300	381.30572	-0.06482	0.03170	89.93059	0.50624	0.00121	1.00000	-0.00113	-1.00000	0.00121	0.00055	0.00055	0.00113	1.00000	
1025.31443	-614.02917	381.67639	-0.07187	0.02376	89.93012	0.50736	0.00122	1.00000	-0.00125	-1.00000	0.00122	0.00041	0.00041	0.00125	1.00000	
1024.94666	-613.94581	381.21877	-0.06497	0.03903	89.92553	0.50564	0.00130	1.00000	-0.00113	-1.00000	0.00130	0.00068	0.00068	0.00113	1.00000	
1024.83863	-614.01222	381.27591	-0.07015	0.04836	89.92567	0.55766	0.00130	1.00000	-0.00123	-1.00000	0.00130	0.00084	0.00084	0.00122	1.00000	
1025.29924	-613.85347	381.45989	-0.07416	0.04469	89.93840	0.52467	0.00108	1.00000	-0.00130	-1.00000	0.00108	0.00078	0.00078	0.00129	1.00000	
1024.59433	-614.22902	381.95577	-0.08658	0.04196	89.91829	0.56696	0.00143	1.00000	-0.00151	-1.00000	0.00143	0.00073	0.00073	0.00151	1.00000	
1024.50078	-614.06429	381.32331	-0.07594	0.05422	89.92168	0.52496	0.00137	1.00000	-0.00133	-1.00000	0.00137	0.00094	0.00095	0.00133	1.00000	
1024.49364	-614.17936	381.70148	-0.08124	0.03866	89.91608	0.53527	0.00146	1.00000	-0.00142	-1.00000	0.00147	0.00067	0.00067	0.00142	1.00000	
1025.25282	-613.90877	381.44806	-0.07127	0.02335	89.93130	0.48753	0.00120	1.00000	-0.00124	-1.00000	0.00120	0.00041	0.00041	0.00124	1.00000	
1024.87489	-614.01522	381.40418	-0.06759	0.01510	89.91902	0.51761	0.00141	1.00000	-0.00118	-1.00000	0.00141	0.00026	0.00026	0.00118	1.00000	
1025.50599	-613.55789	380.37640	-0.04737	0.03300	89.93918	0.48326	0.00106	1.00000	-0.00083	-1.00000	0.00106	0.00058	0.00058	0.00083	1.00000	
1025.22237	-613.75445	380.59672	-0.05437	0.03439	89.93078	0.53990	0.00121	1.00000	-0.00095	-1.00000	0.00121	0.00060	0.00060	0.00095	1.00000	
1026.06017	-613.41542	380.25606	-0.04585	0.03601	89.95255	0.53037	0.00083	1.00000	-0.00080	-1.00000	0.00083	0.00063	0.00063	0.00080	1.00000	
1025.56815	-613.56192	380.12285	-0.04462	0.04385	89.94154	0.53468	0.00102	1.00000	-0.00078	-1.00000	0.00102	0.00076	0.00077	0.00078	1.00000	
1025.76232	-613.62556	380.51830	-0.05390	0.04260	89.94597	0.53508	0.00094	1.00000	-0.00094	-1.00000	0.00094	0.00074	0.00074	0.00094	1.00000	
1025.66617	-613.60708	380.31494	-0.05147	0.05428	89.94569	0.51174	0.00095	1.00000	-0.00090	-1.00000	0.00095	0.00095	0.00095	0.00090	1.00000	
1025.43877	-613.67906	380.23954	-0.04803	0.05260	89.94074	0.53116	0.00103	1.00000	-0.00084	-1.00000	0.00104	0.00092	0.00092	0.00084	1.00000	
1026.58592	-613.32077	380.14717	-0.04333	0.04643	89.96766	0.51259	0.00056	1.00000	-0.00076	-1.00000	0.00057	0.00081	0.00081	0.00076	1.00000	
1026.52354	-613.41674	380.40591	-0.04450	0.03073	89.96243	0.50006	0.00066	1.00000	-0.00078	-1.00000	0.00066	0.00054	0.00054	0.00078	1.00000	
1026.43544	-613.50095	380.59545	-0.05373	0.04259	89.96333	0.52632	0.00064	1.00000	-0.00094	-1.00000	0.00064	0.00074	0.00074	0.00094	1.00000	
1026.35214	-613.59627	380.59450	-0.05153	0.03745	89.96015	0.51300	0.00070	1.00000	-0.00090	-1.00000	0.00070	0.00065	0.00065	0.00090	1.00000	
1026.20806	-613.66524	380.72441	-0.05486	0.03608	89.95526	0.51519	0.00078	1.00000	-0.00096	-1.00000	0.00078	0.00063	0.00063	0.00096	1.00000	
1026.65881	-613.57292	380.81799	-0.05444	0.02613	89.96549	0.45669	0.00060	1.00000	-0.00095	-1.00000	0.00060	0.00046	0.00046	0.00095	1.00000	
1026.84736	-613.43420	380.52518	-0.05132	0.03928	89.97379	0.45847	0.00046	1.00000	-0.00090	-1.00000	0.00046	0.00069	0.00069	0.00090	1.00000	
1026.37376	-613.70618	380.98606	-0.06113	0.03245	89.95943	0.46765	0.00071	1.00000	-0.00107	-1.00000	0.00071	0.00057	0.00057	0.00107	1.00000	
1026.40276	-613.69911	380.86989	-0.06182	0.04150	89.96384	0.47647	0.00063	1.00000	-0.00108	-1.00000	0.00063	0.00072	0.00072	0.00108	1.00000	
1025.03344	-614.08739	380.63881	-0.06062	0.05460	89.93180	0.52871	0.00119	1.00000	-0.00106	-1.00000	0.00119	0.00095	0.00095	0.00106	1.00000	
1025.54298	-613.98900	380.88382	-0.06422	0.04877	89.94236	0.51195	0.00101	1.00000	-0.00112	-1.00000	0.00101	0.00085	0.00085	0.00112	1.00000	
1024.60398	-614.29935	380.81368	-0.06349	0.05014	89.91927	0.50089	0.00141	1.00000	-0.00111	-1.00000	0.00141	0.00087	0.00088	0.00111	1.00000	
1024.84050	-614.25566	380.84696	-0.06442	0.05102	89.92367	0.50013	0.00133	1.00000	-0.00113	-1.00000	0.00133	0.00089	0.00089	0.00112	1.00000	
1025.30403	-613.93886	380.34702	-0.05626	0.06313	89.94003	0.51825	0.00105	1.00000	-0.00098	-1.00000	0.00105	0.00110	0.00110	0.00098	1.00000	
1025.34619	-614.10417	380.97902	-0.06637	0.04747	89.93651	0.51498	0.00111	1.00000	-0.00116	-1.00000	0.00111	0.00083	0.00083	0.00116	1.00000	
1025.32694	-613.94140	380.28755	-0.05288	0.06262	89.93941	0.51890	0.00106	1.00000	-0.00092	-1.00000	0.00106	0.00109	0.00109	0.00092	1.00000	
1024.98133	-614.01802	380.02054	-0.05238	0.08201	89.93565	0.52623	0.00112	1.00000	-0.00092	-1.00000	0.00112	0.00143	0.00143	0.00091	1.00000	
1024.91892	-614.14953	380.32923	-0.05663	0.07124	89.93111	0.55112	0.00120	1.00000	-0.00099	-1.00000	0.00120	0.00124	0.00124	0.00099	1.00000	
1025.14471	-614.20223	380.74636	-0.06481	0.06736	89.93577	0.56257	0.00112	1.00000	-0.00113	-1.00000	0.00112	0.00117	0.00118	0.00113	1.00000	
1023.70198	-614.58611	380.45699	-0.05920	0.07467	89.90187	0.58632	0.00171	1.00000	-0.00104	-1.00000	0.00171	0.00130	0.00130	0.00103	1.00000	
1025.24776	-614.02708	380.09247	-0.04698	0.06476	89.93773	0.57251	0.00109	1.00000	-0.00082	-1.00000	0.00109	0.00113	0.00113	0.00082	1.00000	
1024.81189	-614.04964	379.65513	-0.03575	0.06554	89.92820	0.58334	0.00125	1.00000	-0.00063	-1.00000	0.00125	0.00114	0.00114	0.00062	1.00000	
1024.85371	-614.25924	380.64143	-0.05542	0.05021	89.92539	0.55381	0.00130	1.00000	-0.00097	-1.00000	0.00130	0.00088	0.00088	0.00097	1.00000	
1024.98350	-614.25988	380.67341	-0.05587	0.04783	89.92798	0.57180	0.00126	1.00000	-0.00098	-1.00000	0.00126	0.00083	0.00083	0.00098	1.00000	
1025.49976	-614.03764	380.52182	-0.05345	0.05126	89.94296	0.58957	0.00100	1.00000	-0.00093	-1.00000	0.00100	0.00089	0.00089	0.00093	1.00000	
1025.32732	-614.02990	380.39237	-0.05235	0.05915	89.94258	0.54739	0.00100	1.00000	-0.00091	-1.00000	0.00100	0.00103	0.00103	0.00091	1.00000	
1025.68715	-613.89916	380.16724	-0.04659	0.05789	89.95032	0.55749	0.00087	1.00000	-0.00081	-1.00000	0.00087	0.00101	0.00101	0.00081	1.00000	
1025.48284	-613.97677	380.25330	-0.05012	0.05960	89.94615	0.59311	0.00094	1.00000	-0.00088	-1.00000	0.00094	0.00104	0.00104	0.00087	1.00000	
1024.93555	-614.39290	381.10077	-0.06918	0.05314	89.93134	0.56998	0.00120	1.00000	-0.00121	-1.00000	0.00120	0.00093	0.00093	0.00121	1.00000	
1025.40595	-614.01625	380.28040	-0.04717	0.05237	89.94328	0.55573	0.00099	1.00000	-0.00082	-1.00000	0.00099	0.00091	0.00091	0.00082	1.00000	
1025.17864	-614.19604	380.62885	-0.05776	0.05611	89.93887	0.55928	0.00107	1.00000	-0.00101	-1.00000	0.00107	0.00098	0.00098	0.00101	1.00000	
1024.90823	-614.28676	380.64644	-0.05358	0.04340	89.92866	0.50035	0.00125	1.00000	-0.00094	-1.00000	0.00125	0.00076	0.00076	0.00094	1.00000	
1024.67549	-614.45759	381.07749	-0.06608	0.05118	89.92437	0.50070	0.00132	1.00000	-0.00115	-1.00000	0.00132	0.00089	0.00089	0.00115	1.00000	
1024.59409	-614.50505	381.11756	-0.06137	0.03601	89.91920	0.52023	0.00141	1.00000	-0.00107	-1.00000	0.00141	0.00063	0.00063	0.00107	1.00000	
1025.42082	-614.07773	380.47489	-0.05103	0.05129	89.94614	0.49230	0.00094	1.00000	-0.00089	-1.00000	0.00094	0.00089	0.00090	0.00089	1.00000	
1025.01991	-614.11224	380.13555	-0.03973	0.04868	89.93568	0.49282	0.00112	1.00000	-0.00069	-1.00000	0.00112	0.00085	0.00085	0.00069	1.00000	
1025.57455	-613.95245	380.05672	-0.04120	0.05761	89.95250	0.48143	0.00083	1.00000	-0.00072	-1.00000	0.00083	0.00100	0.00101	0.00072	1.00000	
1025.35206	-614.05103	380.26254	-0.04577	0.05502	89.94625	0.48767	0.00094	1.00000	-0.00080	-1.00000	0.00094	0.00096	0.00096	0.00080	1.00000	
1025.71706	-613.99044	380.64966	-0.05235	0.05021	89.95484	0.48886	0.00079	1.00000	-0.00091	-1.00000	0.00079	0.00088	0.00088	0.00091	1.00000	
1025.10404	-614.25672	380.74062	-0.05761	0.05443	89.93974	0.48112	0.00105	1.00000	-0.00101	-1.00000	0.00105	0.00095	0.00095	0.00101	1.00000	
1025.51982	-614.03033	380.50945	-0.05326	0.06083	89.95260	0.47182	0.00083	1.00000	-0.00093	-1.00000	0.00083	0.00106	0.00106	0.00093	1.00000	
1024.99536	-614.32452	380.85893	-0.06206	0.06125	89.93922	0.49360	0.00106	1.00000	-0.00108	-1.00000	0.00106	0.00107	0.00107	0.00108	1.00000	
1024.52167	-614.47294	380.75490	-0.05661	0.05134	89.92356	0.52695	0.00133	1.00000	-0.00099	-1.00000	0.00134	0.00089	0.00090	0.00099	1.00000	
1024.13660	-614.53986	380.62242	-0.05565	0.05943	89.91632	0.51818	0.00146	1.00000	-0.00097	-1.00000	0.00146	0.00104	0.00104	0.00097	1.00000	
1024.86934	-614.26000	380.33274	-0.04973	0.06137	89.93539	0.49999	0.00113	1.00000	-0.00087	-1.00000	0.00113	0.00107	0.00107	0.00087	1.00000	
1025.14017	-614.10938	380.30720	-0.04898	0.05802	89.94312	0.50314	0.00099	1.00000	-0.00086	-1.00000	0.00099	0.00101	0.00101	0.00085	1.00000	
1024.54933	-614.31236	380.43636	-0.05459	0.06628	89.93073	0.48796	0.00121	1.00000	-0.00095	-1.00000	0.00121	0.00116	0.00116	0.00095	1.00000	
1025.03171	-614.13394	380.27434	-0.05576	0.08082	89.94618	0.51353	0.00094	1.00000	-0.00097	-1.00000	0.00094	0.00141	0.00141	0.00097	1.00000	
1023.81774	-614.71829	381.02694	-0.06964	0.06367	89.91137	0.52435	0.00155	1.00000	-0.00122	-1.00000	0.00155	0.00111	0.00111	0.00122	1.00000	
1024.37590	-614.41891	380.47490	-0.05335	0.05495	89.92280	0.55118	0.00135	1.00000	-0.00093	-1.00000	0.00135	0.00096	0.00096	0.00093	1.00000	
1024.06036	-614.76020	381.39193	-0.07199	0.04143	89.91119	0.53187	0.00155	1.00000	-0.00126	-1.00000	0.00155	0.00072	0.00072	0.00126	1.00000	
1024.80981	-614.32968	380.47513	-0.04990	0.04660	89.93147	0.51578	0.00120	1.00000	-0.00087	-1.00000	0.00120	0.00081	0.00081	0.00087	1.00000	
1025.72981	-614.05804	380.25182	-0.04933	0.06010	89.95620	0.53101	0.00076	1.00000	-0.00086	-1.00000	0.00077	0.00105	0.00105	0.00086	1.00000	
1025.02469	-614.21663	379.98423	-0.04822	0.07949	89.94337	0.52206	0.00099	1.00000	-0.00084	-1.00000	0.00099	0.00139	0.00139	0.00084	1.00000	
1025.64033	-614.03351	379.95364	-0.04423	0.06692	89.95512	0.53025	0.00078	1.00000	-0.00077	-1.00000	0.00078	0.00117	0.00117	0.00077	1.00000	
1025.12776	-614.19942	379.78578	-0.04413	0.07697	89.94455	0.54372	0.00097	1.00000	-0.00077	-1.00000	0.00097	0.00134	0.00134	0.00077	1.00000	
1026.05856	-613.78163	379.21188	-0.03015	0.07634	89.96814	0.49741	0.00056	1.00000	-0.00053	-1.00000	0.00056	0.00133	0.00133	0.00053	1.00000	
1024.74361	-614.20199	379.09438	-0.03003	0.08532	89.93602	0.51672	0.00112	1.00000	-0.00053	-1.00000	0.00112	0.00149	0.00149	0.00052	1.00000	
1025.19948	-614.06000	378.92845	-0.02731	0.08752	89.94716	0.47798	0.00092	1.00000	-0.00048	-1.00000	0.00092	0.00153	0.00153	0.00048	1.00000	
1025.24687	-614.05367	378.94094	-0.02681	0.08333	89.94726	0.48789	0.00092	1.00000	-0.00047	-1.00000	0.00092	0.00145	0.00145	0.00047	1.00000	
1025.38209	-614.00254	378.88379	-0.02963	0.09385	89.95345	0.52071	0.00081	1.00000	-0.00052	-1.00000	0.00081	0.00164	0.00164	0.00052	1.00000	
1025.50667	-614.06275	379.19745	-0.03772	0.09139	89.95647	0.50313	0.00076	1.00000	-0.00066	-1.00000	0.00076	0.00159	0.00160	0.00066	1.00000	
1025.15827	-614.18066	379.22264	-0.03892	0.09230	89.94744	0.52033	0.00092	1.00000	-0.00068	-1.00000	0.00092	0.00161	0.00161	0.00068	1.00000	
1025.60453	-614.16044	379.44761	-0.03943	0.07438	89.95390	0.52719	0.00080	1.00000	-0.00069	-1.00000	0.00081	0.00130	0.00130	0.00069	1.00000	
1025.50802	-614.07539	379.15093	-0.03396	0.08296	89.95377	0.51260	0.00081	1.00000	-0.00059	-1.00000	0.00081	0.00145	0.00145	0.00059	1.00000	
1025.91661	-614.02897	379.39558	-0.04164	0.08617	89.96446	0.53993	0.00062	1.00000	-0.00073	-1.00000	0.00062	0.00150	0.00150	0.00073	1.00000	
1026.00932	-614.14005	379.84059	-0.05187	0.08169	89.96511	0.52544	0.00061	1.00000	-0.00091	-1.00000	0.00061	0.00143	0.00143	0.00091	1.00000	
1025.94396	-614.04607	379.16021	-0.03730	0.09194	89.96466	0.49604	0.00062	1.00000	-0.00065	-1.00000	0.00062	0.00160	0.00160	0.00065	1.00000	
1026.26281	-614.07863	379.66984	-0.04476	0.07968	89.96899	0.49590	0.00054	1.00000	-0.00078	-1.00000	0.00054	0.00139	0.00139	0.00078	1.00000	
1025.89519	-614.23807	379.63429	-0.04492	0.08173	89.96058	0.49412	0.00069	1.00000	-0.00078	-1.00000	0.00069	0.00143	0.00143	0.00078	1.00000	
1025.92318	-614.31111	379.56685	-0.04561	0.08989	89.96203	0.52104	0.00066	1.00000	-0.00080	-1.00000	0.00066	0.00157	0.00157	0.00080	1.00000	
1026.11532	-614.13386	378.96596	-0.03259	0.09860	89.96844	0.53977	0.00055	1.00000	-0.00057	-1.00000	0.00055	0.00172	0.00172	0.00057	1.00000	
1026.46084	-614.01464	378.86554	-0.02748	0.09504	89.97488	0.53430	0.00044	1.00000	-0.00048	-1.00000	0.00044	0.00166	0.00166	0.00048	1.00000	
1026.36587	-614.09475	378.69847	-0.02411	0.09920	89.97184	0.55184	0.00049	1.00000	-0.00042	-1.00000	0.00049	0.00173	0.00173	0.00042	1.00000	
1026.48125	-614.23797	379.23653	-0.03344	0.08916	89.97148	0.53142	0.00050	1.00000	-0.00058	-1.00000	0.00050	0.00156	0.00156	0.00058	1.00000	
1027.79707	-613.72245	378.75504	-0.01820	0.08287	90.00138	0.49462	-0.00002	1.00000	-0.00032	-1.00000	-0.00002	0.00145	0.00145	0.00032	1.00000	
1027.28521	-613.95320	378.96780	-0.02137	0.07534	89.98643	0.49625	0.00024	1.00000	-0.00037	-1.00000	0.00024	0.00131	0.00131	0.00037	1.00000	
1027.57721	-613.77282	378.54168	-0.01601	0.08972	89.99707	0.50085	0.00005	1.00000	-0.00028	-1.00000	0.00005	0.00157	0.00157	0.00028	1.00000	
1027.84611	-613.78368	378.84784	-0.02169	0.08363	90.00174	0.49543	-0.00003	1.00000	-0.00038	-1.00000	-0.00003	0.00146	0.00146	0.00038	1.00000	
1027.92210	-613.83487	379.25379	-0.02884	0.07614	90.00227	0.48553	-0.00004	1.00000	-0.00050	-1.00000	-0.00004	0.00133	0.00133	0.00050	1.00000	
1027.84381	-613.79018	379.12128	-0.02589	0.07751	90.00212	0.51088	-0.00004	1.00000	-0.00045	-1.00000	-0.00004	0.00135	0.00135	0.00045	1.00000	
1026.89432	-614.09552	379.00898	-0.02410	0.07855	89.97865	0.49120	0.00037	1.00000	-0.00042	-1.00000	0.00037	0.00137	0.00137	0.00042	1.00000	
1026.88192	-614.14633	379.31159	-0.03127	0.08368	89.97929	0.50602	0.00036	1.00000	-0.00055	-1.00000	0.00036	0.00146	0.00146	0.00055	1.00000	
1027.46209	-613.84995	378.99471	-0.02363	0.08054	89.99478	0.47953	0.00009	1.00000	-0.00041	-1.00000	0.00009	0.00141	0.00141	0.00041	1.00000	
1026.16929	-614.43291	379.60621	-0.03728	0.08033	89.96231	0.49631	0.00066	1.00000	-0.00065	-1.00000	0.00066	0.00140	0.00140	0.00065	1.00000	
1026.87851	-614.16416	379.47239	-0.02844	0.06516	89.97677	0.48530	0.00041	1.00000	-0.00050	-1.00000	0.00041	0.00114	0.00114	0.00050	1.00000	
1026.82554	-614.21784	379.42355	-0.02796	0.06614	89.97459	0.52636	0.00044	1.00000	-0.00049	-1.00000	0.00044	0.00115	0.00115	0.00049	1.00000	
1028.06269	-613.69739	379.02068	-0.01698	0.06172	90.00449	0.51691	-0.00008	1.00000	-0.00030	-1.00000	-0.00008	0.00108	0.00108	0.00030	1.00000	
1027.55442	-613.88807	378.83321	-0.01455	0.06428	89.99157	0.50421	0.00015	1.00000	-0.00025	-1.00000	0.00015	0.00112	0.00112	0.00025	1.00000	
1027.39233	-613.99818	378.94158	-0.01701	0.06132	89.98763	0.50701	0.00022	1.00000	-0.00030	-1.00000	0.00022	0.00107	0.00107	0.00030	1.00000	
1027.71196	-613.85740	378.66360	-0.00963	0.05829	89.99489	0.48767	0.00009	1.00000	-0.00017	-1.00000	0.00009	0.00102	0.00102	0.00017	1.00000	
1026.65583	-614.51114	379.66667	-0.03150	0.04572	89.96466	0.50744	0.00062	1.00000	-0.00055	-1.00000	0.00062	0.00080	0.00080	0.00055	1.00000	
1027.87119	-613.91891	378.88337	-0.01825	0.06349	89.99916	0.52410	0.00001	1.00000	-0.00032	-1.00000	0.00001	0.00111	0.00111	0.00032	1.00000	
1027.87247	-613.92209	378.93528	-0.01896	0.06448	89.99947	0.52085	0.00001	1.00000	-0.00033	-1.00000	0.00001	0.00113	0.00113	0.00033	1.00000	
1026.97683	-614.37744	379.32766	-0.02791	0.06006	89.97622	0.53439	0.00042	1.00000	-0.00049	-1.00000	0.00042	0.00105	0.00105	0.00049	1.00000	
1027.58297	-614.07259	378.96132	-0.01896	0.06449	89.99147	0.53739	0.00015	1.00000	-0.00033	-1.00000	0.00015	0.00113	0.00113	0.00033	1.00000	
1026.99828	-614.32816	379.21518	-0.02336	0.05593	89.97523	0.51831	0.00043	1.00000	-0.00041	-1.00000	0.00043	0.00098	0.00098	0.00041	1.00000	
1026.72680	-614.52329	379.63100	-0.03004	0.04596	89.96581	0.52405	0.00060	1.00000	-0.00052	-1.00000	0.00060	0.00080	0.00080	0.00052	1.00000	
1027.03667	-614.29862	379.17098	-0.02201	0.05732	89.97668	0.52300	0.00041	1.00000	-0.00038	-1.00000	0.00041	0.00100	0.00100	0.00038	1.00000	
1027.32586	-614.21027	379.25910	-0.02532	0.06015	89.98402	0.48526	0.00028	1.00000	-0.00044	-1.00000	0.00028	0.00105	0.00105	0.00044	1.00000	
1027.81379	-613.94749	378.95974	-0.01558	0.05617	89.99641	0.51838	0.00006	1.00000	-0.00027	-1.00000	0.00006	0.00098	0.00098	0.00027	1.00000	
1027.83178	-613.89669	378.83831	-0.01090	0.05242	89.99544	0.50218	0.00008	1.00000	-0.00019	-1.00000	0.00008	0.00091	0.00091	0.00019	1.00000	
1027.65774	-613.99556	378.98446	-0.01412	0.05488	89.99247	0.53671	0.00013	1.00000	-0.00025	-1.00000	0.00013	0.00096	0.00096	0.00025	1.00000	
1027.54231	-614.05107	379.10160	-0.01679	0.05394	89.99022	0.51981	0.00017	1.00000	-0.00029	-1.00000	0.00017	0.00094	0.00094	0.00029	1.00000	
1026.37557	-614.36519	378.82664	-0.01199	0.06526	89.96249	0.54610	0.00065	1.00000	-0.00021	-1.00000	0.00065	0.00114	0.00114	0.00021	1.00000	
1027.23643	-614.19089	379.31546	-0.02013	0.05033	89.98105	0.54312	0.00033	1.00000	-0.00035	-1.00000	0.00033	0.00088	0.00088	0.00035	1.00000	
1026.30296	-614.59071	379.53937	-0.02826	0.05682	89.95702	0.53881	0.00075	1.00000	-0.00049	-1.00000	0.00075	0.00099	0.00099	0.00049	1.00000	
1026.89869	-614.34234	379.37668	-0.02371	0.05439	89.97260	0.51759	0.00048	1.00000	-0.00041	-1.00000	0.00048	0.00095	0.00095	0.00041	1.00000	
1027.13817	-614.44108	380.00666	-0.03816	0.04891	89.97622	0.52854	0.00042	1.00000	-0.00067	-1.00000	0.00042	0.00085	0.00085	0.00067	1.00000	
1027.70925	-614.30816	380.02870	-0.03215	0.02686	89.98389	0.52228	0.00028	1.00000	-0.00056	-1.00000	0.00028	0.00047	0.00047	0.00056	1.00000	
1027.07692	-614.52390	380.02697	-0.03865	0.04507	89.97256	0.53278	0.00048	1.00000	-0.00067	-1.00000	0.00048	0.00079	0.00079	0.00067	1.00000	
1027.61974	-614.28798	379.73353	-0.03105	0.04493	89.98586	0.53467	0.00025	1.00000	-0.00054	-1.00000	0.00025	0.00078	0.00078	0.00054	1.00000	
1028.06916	-614.11084	379.60305	-0.02645	0.04132	89.99676	0.52405	0.00006	1.00000	-0.00046	-1.00000	0.00006	0.00072	0.00072	0.00046	1.00000	
1027.09752	-614.55597	380.06655	-0.03707	0.03870	89.97143	0.53304	0.00050	1.00000	-0.00065	-1.00000	0.00050	0.00068	0.00068	0.00065	1.00000	
1026.83381	-614.65939	379.92241	-0.03794	0.05215	89.96756	0.53158	0.00057	1.00000	-0.00066	-1.00000	0.00057	0.00091	0.00091	0.00066	1.00000	
1026.86920	-614.61563	379.73301	-0.03289	0.05142	89.96913	0.53435	0.00054	1.00000	-0.00057	-1.00000	0.00054	0.00090	0.00090	0.00057	1.00000	
1026.74115	-614.68595	379.77742	-0.02849	0.03576	89.96274	0.55775	0.00065	1.00000	-0.00050	-1.00000	0.00065	0.00062	0.00062	0.00050	1.00000	
1026.42177	-615.03436	380.82571	-0.05637	0.04177	89.95667	0.55436	0.00076	1.00000	-0.00098	-1.00000	0.00076	0.00073	0.00073	0.00098	1.00000	
1026.42724	-614.94809	380.37329	-0.05070	0.05862	89.96113	0.52788	0.00068	1.00000	-0.00089	-1.00000	0.00068	0.00102	0.00102	0.00088	1.00000	
1026.95538	-614.71430	380.03010	-0.03880	0.04922	89.97209	0.52401	0.00049	1.00000	-0.00068	-1.00000	0.00049	0.00086	0.00086	0.00068	1.00000	
1026.80627	-614.70057	379.71798	-0.03290	0.05381	89.96849	0.51039	0.00055	1.00000	-0.00057	-1.00000	0.00055	0.00094	0.00094	0.00057	1.00000	
1027.26208	-614.40676	379.19304	-0.02077	0.05702	89.98063	0.50752	0.00034	1.00000	-0.00036	-1.00000	0.00034	0.00100	0.00100	0.00036	1.00000	
1027.31576	-614.29264	378.56223	-0.00636	0.06004	89.98257	0.51151	0.00030	1.00000	-0.00011	-1.00000	0.00030	0.00105	0.00105	0.00011	1.00000	
1027.42404	-614.34824	378.97096	-0.01805	0.06359	89.98544	0.50570	0.00025	1.00000	-0.00032	-1.00000	0.00025	0.00111	0.00111	0.00032	1.00000	
1028.51450	-613.98421	378.71344	-0.01163	0.05960	90.01153	0.48501	-0.00020	1.00000	-0.00020	-1.00000	-0.00020	0.00104	0.00104	0.00020	1.00000	
1028.04848	-614.10513	378.55358	-0.00871	0.06240	89.99899	0.49418	0.00002	1.00000	-0.00015	-1.00000	0.00002	0.00109	0.00109	0.00015	1.00000	
1027.13769	-614.53130	378.81870	-0.01890	0.07008	89.97665	0.48435	0.00041	1.00000	-0.00033	-1.00000	0.00041	0.00122	0.00122	0.00033	1.00000	
1028.01277	-614.12390	378.55671	-0.00903	0.05864	89.99661	0.47609	0.00006	1.00000	-0.00016	-1.00000	0.00006	0.00102	0.00102	0.00016	1.00000	
1028.75268	-613.92997	378.53414	-0.00865	0.05745	90.01453	0.49021	-0.00025	1.00000	-0.00015	-1.00000	-0.00025	0.00100	0.00100	0.00015	1.00000	
1028.47754	-614.02153	378.54534	-0.00910	0.05643	90.00679	0.51158	-0.00012	1.00000	-0.00016	-1.00000	-0.00012	0.00098	0.00098	0.00016	1.00000	
1028.40500	-614.06590	378.63966	-0.01104	0.05706	90.00522	0.51321	-0.00009	1.00000	-0.00019	-1.00000	-0.00009	0.00100	0.00100	0.00019	1.00000	
1027.98092	-614.28952	378.89582	-0.01932	0.06124	89.99441	0.51797	0.00010	1.00000	-0.00034	-1.00000	0.00010	0.00107	0.00107	0.00034	1.00000	
1027.86446	-614.24638	378.64646	-0.01702	0.07077	89.99593	0.51438	0.00007	1.00000	-0.00030	-1.00000	0.00007	0.00124	0.00124	0.00030	1.00000	
1027.49703	-614.51786	379.08121	-0.02318	0.05533	89.98244	0.50684	0.00031	1.00000	-0.00040	-1.00000	0.00031	0.00097	0.00097	0.00040	1.00000	
1027.52861	-614.52214	379.15249	-0.02340	0.05222	89.98253	0.51457	0.00030	1.00000	-0.00041	-1.00000	0.00031	0.00091	0.00091	0.00041	1.00000	
1026.92133	-614.78654	379.38379	-0.02844	0.04554	89.96625	0.50007	0.00059	1.00000	-0.00050	-1.00000	0.00059	0.00079	0.00079	0.00050	1.00000	
1027.59373	-614.49180	379.13686	-0.02171	0.04976	89.98356	0.47441	0.00029	1.00000	-0.00038	-1.00000	0.00029	0.00087	0.00087	0.00038	1.00000	
1027.52614	-614.48250	379.00420	-0.01724	0.04770	89.98166	0.49674	0.00032	1.00000	-0.00030	-1.00000	0.00032	0.00083	0.00083	0.00030	1.00000	
1027.42835	-614.62922	379.23424	-0.02145	0.03964	89.97591	0.49806	0.00042	1.00000	-0.00037	-1.00000	0.00042	0.00069	0.00069	0.00037	1.00000	
1027.14793	-614.56095	378.72788	-0.01212	0.05705	89.97303	0.48527	0.00047	1.00000	-0.00021	-1.00000	0.00047	0.00100	0.00100	0.00021	1.00000	
1026.92484	-614.80447	379.21217	-0.02211	0.05064	89.96460	0.48255	0.00062	1.00000	-0.00039	-1.00000	0.00062	0.00088	0.00088	0.00039	1.00000	
1027.90386	-614.42230	379.16683	-0.01922	0.04710	89.99005	0.50100	0.00017	1.00000	-0.00034	-1.00000	0.00017	0.00082	0.00082	0.00034	1.00000	
1028.01879	-614.39918	379.05553	-0.01840	0.05233	89.99477	0.48740	0.00009	1.00000	-0.00032	-1.00000	0.00009	0.00091	0.00091	0.00032	1.00000	
1027.53499	-614.59336	379.07196	-0.02016	0.05874	89.98264	0.46964	0.00030	1.00000	-0.00035	-1.00000	0.00030	0.00103	0.00103	0.00035	1.00000	
1027.16629	-614.71230	378.77855	-0.01484	0.06829	89.97500	0.46691	0.00044	1.00000	-0.00026	-1.00000	0.00044	0.00119	0.00119	0.00026	1.00000	
1028.20563	-614.42716	378.98123	-0.01780	0.06111	89.99995	0.48602	0.00000	1.00000	-0.00031	-1.00000	0.00000	0.00107	0.00107	0.00031	1.00000	
1026.81898	-614.91411	378.99916	-0.02673	0.08460	89.96973	0.48540	0.00053	1.00000	-0.00047	-1.00000	0.00053	0.00148	0.00148	0.00047	1.00000	
1027.81911	-614.55369	378.79412	-0.01627	0.07132	89.99024	0.47904	0.00017	1.00000	-0.00028	-1.00000	0.00017	0.00124	0.00124	0.00028	1.00000	
1026.92685	-614.82481	378.63925	-0.01725	0.08234	89.97039	0.47000	0.00052	1.00000	-0.00030	-1.00000	0.00052	0.00144	0.00144	0.00030	1.00000	
1027.42155	-614.67240	378.55067	-0.01380	0.07770	89.98174	0.50577	0.00032	1.00000	-0.00024	-1.00000	0.00032	0.00136	0.00136	0.00024	1.00000	
1026.54611	-615.11185	379.20981	-0.02914	0.07416	89.95901	0.53707	0.00072	1.00000	-0.00051	-1.00000	0.00072	0.00129	0.00129	0.00051	1.00000	
1026.62891	-614.88388	378.46514	-0.01610	0.08994	89.96629	0.52503	0.00059	1.00000	-0.00028	-1.00000	0.00059	0.00157	0.00157	0.00028	1.00000	
1027.50326	-614.59529	378.40003	-0.00976	0.07637	89.98446	0.50335	0.00027	1.00000	-0.00017	-1.00000	0.00027	0.00133	0.00133	0.00017	1.00000	
1026.98731	-614.80022	378.53649	-0.01292	0.07525	89.97248	0.52508	0.00048	1.00000	-0.00023	-1.00000	0.00048	0.00131	0.00131	0.00023	1.00000	
1026.71285	-614.84558	378.26385	-0.01050	0.08722	89.96798	0.51575	0.00056	1.00000	-0.00018	-1.00000	0.00056	0.00152	0.00152	0.00018	1.00000	
1026.21508	-615.17643	379.11870	-0.02850	0.07969	89.95432	0.54409	0.00080	1.00000	-0.00050	-1.00000	0.00080	0.00139	0.00139	0.00050	1.00000	
1026.84951	-614.84842	378.75767	-0.01830	0.07718	89.97047	0.51773	0.00052	1.00000	-0.00032	-1.00000	0.00052	0.00135	0.00135	0.00032	1.00000	
1027.23551	-614.63032	378.42985	-0.00824	0.07263	89.97906	0.57840	0.00037	1.00000	-0.00014	-1.00000	0.00037	0.00127	0.00127	0.00014	1.00000	
1025.97093	-615.09251	378.67501	-0.01911	0.08394	89.95140	0.58579	0.00085	1.00000	-0.00033	-1.00000	0.00085	0.00146	0.00146	0.00033	1.00000	
1026.47459	-615.05445	379.17646	-0.03053	0.08087	89.96192	0.57847	0.00066	1.00000	-0.00053	-1.00000	0.00067	0.00141	0.00141	0.00053	1.00000	
1026.12548	-615.40097	379.75204	-0.03852	0.05605	89.94630	0.59456	0.00094	1.00000	-0.00067	-1.00000	0.00094	0.00098	0.00098	0.00067	1.00000	
1026.26699	-615.12050	379.05002	-0.02591	0.07325	89.95550	0.58836	0.00078	1.00000	-0.00045	-1.00000	0.00078	0.00128	0.00128	0.00045	1.00000	
1026.27223	-615.09195	378.76632	-0.02010	0.07559	89.95660	0.56066	0.00076	1.00000	-0.00035	-1.00000	0.00076	0.00132	0.00132	0.00035	1.00000	
1026.37251	-615.03425	378.58303	-0.01380	0.06704	89.95741	0.60241	0.00074	1.00000	-0.00024	-1.00000	0.00074	0.00117	0.00117	0.00024	1.00000	
1026.65756	-615.12447	379.23990	-0.02809	0.05842	89.96287	0.60344	0.00065	1.00000	-0.00049	-1.00000	0.00065	0.00102	0.00102	0.00049	1.00000	
1026.34400	-615.24373	379.22882	-0.02554	0.05456	89.95198	0.59001	0.00084	1.00000	-0.00045	-1.00000	0.00084	0.00095	0.00095	0.00045	1.00000	
1026.00985	-615.36147	379.17173	-0.02315	0.05085	89.94337	0.58636	0.00099	1.00000	-0.00040	-1.00000	0.00099	0.00089	0.00089	0.00040	1.00000	
1025.99864	-615.38843	379.23062	-0.02571	0.05414	89.94435	0.60127	0.00097	1.00000	-0.00045	-1.00000	0.00097	0.00094	0.00094	0.00045	1.00000	
1026.83334	-615.09107	379.11267	-0.02106	0.05346	89.96355	0.54962	0.00064	1.00000	-0.00037	-1.00000	0.00064	0.00093	0.00093	0.00037	1.00000	
1026.30995	-615.37008	379.30256	-0.02174	0.03895	89.94710	0.58360	0.00092	1.00000	-0.00038	-1.00000	0.00092	0.00068	0.00068	0.00038	1.00000	
1026.01591	-615.43612	379.19133	-0.02558	0.06168	89.94592	0.61292	0.00094	1.00000	-0.00045	-1.00000	0.00094	0.00108	0.00108	0.00045	1.00000	
1025.49830	-615.58742	379.24795	-0.02370	0.05095	89.92966	0.63648	0.00123	1.00000	-0.00041	-1.00000	0.00123	0.00089	0.00089	0.00041	1.00000	
1025.86748	-615.41344	378.89840	-0.01517	0.04930	89.93848	0.59699	0.00107	1.00000	-0.00027	-1.00000	0.00107	0.00086	0.00086	0.00026	1.00000	
1026.21645	-615.29478	378.86885	-0.02133	0.07197	89.95231	0.57709	0.00083	1.00000	-0.00037	-1.00000	0.00083	0.00126	0.00126	0.00037	1.00000	
1025.85537	-615.46305	379.02307	-0.02102	0.06164	89.93956	0.53162	0.00105	1.00000	-0.00037	-1.00000	0.00106	0.00108	0.00108	0.00037	1.00000	
1026.75913	-615.21320	378.96096	-0.01854	0.05942	89.96218	0.54333	0.00066	1.00000	-0.00032	-1.00000	0.00066	0.00104	0.00104	0.00032	1.00000	
1027.18730	-615.05823	378.92819	-0.01873	0.06019	89.97432	0.50442	0.00045	1.00000	-0.00033	-1.00000	0.00045	0.00105	0.00105	0.00033	1.00000	
1027.40228	-614.96329	378.81510	-0.01428	0.05716	89.97801	0.51988	0.00038	1.00000	-0.00025	-1.00000	0.00038	0.00100	0.00100	0.00025	1.00000	
1027.09953	-615.06826	378.92458	-0.01898	0.06516	89.97159	0.55229	0.00050	1.00000	-0.00033	-1.00000	0.00050	0.00114	0.00114	0.00033	1.00000	
1026.56313	-615.17306	378.73880	-0.01499	0.06793	89.95911	0.54295	0.00071	1.00000	-0.00026	-1.00000	0.00071	0.00119	0.00119	0.00026	1.00000	
1026.77191	-615.14631	379.01309	-0.02217	0.06771	89.96445	0.55077	0.00062	1.00000	-0.00039	-1.00000	0.00062	0.00118	0.00118	0.00039	1.00000	
1027.38029	-614.93326	378.92154	-0.01490	0.05296	89.97514	0.55444	0.00043	1.00000	-0.00026	-1.00000	0.00043	0.00092	0.00092	0.00026	1.00000	
1026.76772	-615.15909	379.01871	-0.01298	0.04154	89.95665	0.56386	0.00076	1.00000	-0.00023	-1.00000	0.00076	0.00072	0.00072	0.00023	1.00000	
1026.30643	-615.28760	378.88731	-0.01542	0.05667	89.94891	0.56941	0.00089	1.00000	-0.00027	-1.00000	0.00089	0.00099	0.00099	0.00027	1.00000	
1026.12175	-615.36143	378.95072	-0.02409	0.07882	89.94995	0.56934	0.00087	1.00000	-0.00042	-1.00000	0.00087	0.00138	0.00138	0.00042	1.00000	
1027.23781	-615.00424	378.88379	-0.01592	0.05907	89.97312	0.58922	0.00047	1.00000	-0.00028	-1.00000	0.00047	0.00103	0.00103	0.00028	1.00000	
1026.31478	-615.26813	378.79024	-0.01672	0.07021	89.95348	0.58987	0.00081	1.00000	-0.00029	-1.00000	0.00081	0.00123	0.00123	0.00029	1.00000	
1025.89110	-615.49806	379.13010	-0.02782	0.07458	89.94492	0.56606	0.00096	1.00000	-0.00049	-1.00000	0.00096	0.00130	0.00130	0.00049	1.00000	
1026.20726	-615.33692	378.87266	-0.02320	0.07963	89.95474	0.54812	0.00079	1.00000	-0.00041	-1.00000	0.00079	0.00139	0.00139	0.00040	1.00000	
1025.96873	-615.42772	378.84929	-0.02376	0.08024	89.94917	0.56108	0.00089	1.00000	-0.00042	-1.00000	0.00089	0.00140	0.00140	0.00041	1.00000	
1025.87449	-615.48280	378.79484	-0.02278	0.08329	89.94650	0.55104	0.00093	1.00000	-0.00040	-1.00000	0.00093	0.00145	0.00145	0.00040	1.00000	
1025.50546	-615.77134	379.31854	-0.03055	0.06766	89.93298	0.57057	0.00117	1.00000	-0.00053	-1.00000	0.00117	0.00118	0.00118	0.00053	1.00000	
1025.53229	-615.80348	379.46603	-0.03647	0.07339	89.93516	0.56088	0.00113	1.00000	-0.00064	-1.00000	0.00113	0.00128	0.00128	0.00064	1.00000	
1025.42215	-615.87499	379.58125	-0.03732	0.06780	89.93125	0.58211	0.00120	1.00000	-0.00065	-1.00000	0.00120	0.00118	0.00118	0.00065	1.00000	
1026.97161	-615.17020	378.78518	-0.01660	0.06374	89.97019	0.54014	0.00052	1.00000	-0.00029	-1.00000	0.00052	0.00111	0.00111	0.00029	1.00000	
1026.17225	-615.72156	379.62943	-0.04285	0.07789	89.95176	0.54442	0.00084	1.00000	-0.00075	-1.00000	0.00084	0.00136	0.00136	0.00075	1.00000	
1026.01865	-615.59370	378.82764	-0.02327	0.08436	89.94848	0.52464	0.00090	1.00000	-0.00041	-1.00000	0.00090	0.00147	0.00147	0.00041	1.00000	
1026.43831	-615.38810	378.60827	-0.01228	0.06707	89.95568	0.53181	0.00077	1.00000	-0.00022	-1.00000	0.00077	0.00117	0.00117	0.00021	1.00000	
1026.18698	-615.57033	378.75843	-0.01788	0.07209	89.94855	0.55285	0.00090	1.00000	-0.00031	-1.00000	0.00090	0.00126	0.00126	0.00031	1.00000	
1027.18418	-615.16017	378.36866	-0.00943	0.07571	89.97437	0.51160	0.00045	1.00000	-0.00017	-1.00000	0.00045	0.00132	0.00132	0.00016	1.00000	
1027.25107	-615.15267	378.48758	-0.01261	0.07602	89.97533	0.51524	0.00043	1.00000	-0.00022	-1.00000	0.00043	0.00133	0.00133	0.00022	1.00000	
1026.51648	-615.53780	378.89373	-0.02054	0.07122	89.95419	0.53814	0.00080	1.00000	-0.00036	-1.00000	0.00080	0.00124	0.00124	0.00036	1.00000	
1026.67223	-615.49693	378.92818	-0.01826	0.05882	89.95449	0.53773	0.00079	1.00000	-0.00032	-1.00000	0.00079	0.00103	0.00103	0.00032	1.00000	
1026.25832	-615.70895	379.20835	-0.02908	0.07265	89.94810	0.53091	0.00091	1.00000	-0.00051	-1.00000	0.00091	0.00127	0.00127	0.00051	1.00000	
1026.94364	-615.45470	379.00054	-0.02020	0.06462	89.96046	0.52114	0.00069	1.00000	-0.00035	-1.00000	0.00069	0.00113	0.00113	0.00035	1.00000	
1026.17698	-615.75901	379.06265	-0.02766	0.07836	89.94543	0.51466	0.00095	1.00000	-0.00048	-1.00000	0.00095	0.00137	0.00137	0.00048	1.00000	
1026.06482	-615.84319	379.24491	-0.03282	0.08327	89.94438	0.53041	0.00097	1.00000	-0.00057	-1.00000	0.00097	0.00145	0.00145	0.00057	1.00000	
1026.52358	-615.69641	379.32187	-0.02929	0.06678	89.95269	0.51900	0.00083	1.00000	-0.00051	-1.00000	0.00083	0.00117	0.00117	0.00051	1.00000	
1025.78224	-616.00916	379.43243	-0.03320	0.07205	89.93407	0.51929	0.00115	1.00000	-0.00058	-1.00000	0.00115	0.00126	0.00126	0.00058	1.00000	
1026.60355	-615.66510	379.13165	-0.02386	0.06730	89.95421	0.54643	0.00080	1.00000	-0.00042	-1.00000	0.00080	0.00117	0.00117	0.00042	1.00000	
1026.59471	-615.71001	379.07815	-0.02645	0.07991	89.95526	0.58428	0.00078	1.00000	-0.00046	-1.00000	0.00078	0.00139	0.00139	0.00046	1.00000	
1025.98954	-615.88340	378.84624	-0.02248	0.08529	89.94112	0.54057	0.00103	1.00000	-0.00039	-1.00000	0.00103	0.00149	0.00149	0.00039	1.00000	
1026.15759	-615.73744	378.64496	-0.01873	0.08724	89.94699	0.55239	0.00093	1.00000	-0.00033	-1.00000	0.00093	0.00152	0.00152	0.00033	1.00000	
1025.82242	-616.09401	379.39154	-0.03454	0.07629	89.93450	0.54833	0.00114	1.00000	-0.00060	-1.00000	0.00114	0.00133	0.00133	0.00060	1.00000	
1025.65756	-616.08483	379.20782	-0.02987	0.07785	89.93021	0.56381	0.00122	1.00000	-0.00052	-1.00000	0.00122	0.00136	0.00136	0.00052	1.00000	
1025.68530	-616.07104	379.18535	-0.02796	0.07133	89.92884	0.55650	0.00124	1.00000	-0.00049	-1.00000	0.00124	0.00124	0.00124	0.00049	1.00000	
1025.88541	-616.08023	379.41092	-0.03449	0.07258	89.93652	0.53020	0.00111	1.00000	-0.00060	-1.00000	0.00111	0.00127	0.00127	0.00060	1.00000	
1025.28507	-616.25672	379.31942	-0.03140	0.06886	89.92167	0.53549	0.00137	1.00000	-0.00055	-1.00000	0.00137	0.00120	0.00120	0.00055	1.00000	
1025.54239	-616.17082	379.40999	-0.03625	0.07579	89.93037	0.54758	0.00122	1.00000	-0.00063	-1.00000	0.00122	0.00132	0.00132	0.00063	1.00000	
1025.51061	-616.16640	379.45506	-0.03609	0.07338	89.92949	0.58914	0.00123	1.00000	-0.00063	-1.00000	0.00123	0.00128	0.00128	0.00063	1.00000	
1025.48869	-616.23755	379.49711	-0.03599	0.06994	89.92899	0.53969	0.00124	1.00000	-0.00063	-1.00000	0.00124	0.00122	0.00122	0.00063	1.00000	
1025.13710	-616.14807	378.82058	-0.02232	0.08204	89.92362	0.58522	0.00133	1.00000	-0.00039	-1.00000	0.00133	0.00143	0.00143	0.00039	1.00000	
1026.45348	-615.59291	378.49807	-0.01400	0.08065	89.95831	0.58775	0.00073	1.00000	-0.00025	-1.00000	0.00073	0.00141	0.00141	0.00024	1.00000	
1027.25521	-615.15970	377.99593	-0.00641	0.09511	89.98228	0.58445	0.00031	1.00000	-0.00011	-1.00000	0.00031	0.00166	0.00166	0.00011	1.00000	
1027.16916	-615.25586	378.27573	-0.01147	0.09307	89.97998	0.54327	0.00035	1.00000	-0.00020	-1.00000	0.00035	0.00162	0.00162	0.00020	1.00000	
1027.25878	-615.29047	378.47967	-0.01438	0.08877	89.98207	0.55338	0.00031	1.00000	-0.00025	-1.00000	0.00031	0.00155	0.00155	0.00025	1.00000	
1027.09941	-615.26060	378.22411	-0.00284	0.07631	89.97441	0.55119	0.00045	1.00000	-0.00005	-1.00000	0.00045	0.00133	0.00133	0.00005	1.00000	
1026.57540	-615.48914	378.49284	-0.00600	0.06785	89.95844	0.50167	0.00073	1.00000	-0.00011	-1.00000	0.00073	0.00118	0.00118	0.00010	1.00000	
1026.48815	-615.49511	378.37808	-0.00684	0.08088	89.95864	0.52737	0.00072	1.00000	-0.00012	-1.00000	0.00072	0.00141	0.00141	0.00012	1.00000	
1026.59963	-615.59648	378.77530	-0.01672	0.07945	89.96107	0.54042	0.00068	1.00000	-0.00029	-1.00000	0.00068	0.00139	0.00139	0.00029	1.00000	
1027.01719	-615.45798	378.63024	-0.00986	0.06740	89.96840	0.46758	0.00055	1.00000	-0.00017	-1.00000	0.00055	0.00118	0.00118	0.00017	1.00000	
1026.28130	-615.74208	378.67232	-0.01656	0.08250	89.95302	0.49074	0.00082	1.00000	-0.00029	-1.00000	0.00082	0.00144	0.00144	0.00029	1.00000	
1026.37170	-615.67036	378.44380	-0.00845	0.07342	89.95345	0.48883	0.00081	1.00000	-0.00015	-1.00000	0.00081	0.00128	0.00128	0.00015	1.00000	
1026.07588	-615.86981	378.72082	-0.01588	0.07367	89.94398	0.51896	0.00098	1.00000	-0.00028	-1.00000	0.00098	0.00129	0.00129	0.00028	1.00000	
1025.76223	-616.02189	378.88210	-0.02276	0.07693	89.93781	0.49702	0.00109	1.00000	-0.00040	-1.00000	0.00109	0.00134	0.00134	0.00040	1.00000	
1025.89283	-616.11866	379.28065	-0.02064	0.03910	89.93121	0.50959	0.00120	1.00000	-0.00036	-1.00000	0.00120	0.00068	0.00068	0.00036	1.00000	
1025.47470	-616.31547	379.45172	-0.02708	0.04401	89.92223	0.50168	0.00136	1.00000	-0.00047	-1.00000	0.00136	0.00077	0.00077	0.00047	1.00000	
1025.47770	-616.22902	379.07082	-0.02128	0.05928	89.92439	0.48640	0.00132	1.00000	-0.00037	-1.00000	0.00132	0.00103	0.00103	0.00037	1.00000	
1026.11819	-615.96603	378.95183	-0.02092	0.06571	89.94286	0.48226	0.00100	1.00000	-0.00037	-1.00000	0.00100	0.00115	0.00115	0.00037	1.00000	
1026.31454	-615.88775	378.56928	-0.01444	0.07204	89.94828	0.51648	0.00090	1.00000	-0.00025	-1.00000	0.00090	0.00126	0.00126	0.00025	1.00000	
1026.22108	-615.94558	378.61323	-0.02091	0.08960	89.94992	0.51336	0.00087	1.00000	-0.00037	-1.00000	0.00087	0.00156	0.00156	0.00036	1.00000	
1026.14241	-615.93610	378.32871	-0.01323	0.08612	89.94686	0.50262	0.00093	1.00000	-0.00023	-1.00000	0.00093	0.00150	0.00150	0.00023	1.00000	
1026.20788	-615.82919	377.85438	-0.00237	0.09114	89.94877	0.50414	0.00089	1.00000	-0.00004	-1.00000	0.00089	0.00159	0.00159	0.00004	1.00000	
1026.30735	-615.94410	378.18375	-0.01267	0.09937	89.95364	0.55977	0.00081	1.00000	-0.00022	-1.00000	0.00081	0.00173	0.00173	0.00022	1.00000	
1026.37780	-616.02653	378.42277	-0.01696	0.09061	89.95306	0.52807	0.00082	1.00000	-0.00030	-1.00000	0.00082	0.00158	0.00158	0.00030	1.00000	
1025.46771	-616.43548	378.80887	-0.02647	0.09106	89.92886	0.52796	0.00124	1.00000	-0.00046	-1.00000	0.00124	0.00159	0.00159	0.00046	1.00000	
1025.89793	-616.28464	378.99967	-0.03059	0.08725	89.93899	0.55998	0.00106	1.00000	-0.00054	-1.00000	0.00107	0.00152	0.00152	0.00053	1.00000	
1026.87451	-615.93078	378.92167	-0.02445	0.07436	89.96008	0.55755	0.00070	1.00000	-0.00043	-1.00000	0.00070	0.00130	0.00130	0.00043	1.00000	
1026.07318	-616.23041	379.23107	-0.03538	0.08349	89.94128	0.55433	0.00102	1.00000	-0.00062	-1.00000	0.00103	0.00146	0.00146	0.00062	1.00000	
1025.01179	-616.63477	379.38850	-0.04011	0.08276	89.91400	0.60399	0.00150	1.00000	-0.00070	-1.00000	0.00150	0.00144	0.00144	0.00070	1.00000	
1025.93844	-616.17053	378.90580	-0.02677	0.07676	89.93571	0.58232	0.00112	1.00000	-0.00047	-1.00000	0.00112	0.00134	0.00134	0.00047	1.00000	
1025.24987	-616.58516	379.69016	-0.04407	0.07533	89.91797	0.56667	0.00143	1.00000	-0.00077	-1.00000	0.00143	0.00131	0.00131	0.00077	1.00000	
1025.51225	-616.34843	379.37365	-0.03845	0.07912	89.92499	0.57770	0.00131	1.00000	-0.00067	-1.00000	0.00131	0.00138	0.00138	0.00067	1.00000	
1025.41745	-616.29607	379.01224	-0.03373	0.09333	89.92535	0.55435	0.00130	1.00000	-0.00059	-1.00000	0.00130	0.00163	0.00163	0.00059	1.00000	
1026.40061	-615.84739	378.65878	-0.02406	0.09033	89.94964	0.59514	0.00088	1.00000	-0.00042	-1.00000	0.00088	0.00158	0.00158	0.00042	1.00000	
1026.37187	-615.89897	378.72153	-0.02724	0.09461	89.94957	0.60559	0.00088	1.00000	-0.00048	-1.00000	0.00088	0.00165	0.00165	0.00048	1.00000	
1026.55595	-615.80946	378.66879	-0.02257	0.08746	89.95380	0.60894	0.00081	1.00000	-0.00040	-1.00000	0.00081	0.00153	0.00153	0.00039	1.00000	
1025.84543	-616.12968	379.04112	-0.03053	0.08368	89.93577	0.58829	0.00112	1.00000	-0.00053	-1.00000	0.00112	0.00146	0.00146	0.00053	1.00000	
1026.30812	-616.00125	378.81253	-0.02451	0.08634	89.94654	0.57484	0.00093	1.00000	-0.00043	-1.00000	0.00093	0.00151	0.00151	0.00043	1.00000	
1026.67878	-615.93710	379.02587	-0.02269	0.06469	89.95213	0.56694	0.00084	1.00000	-0.00040	-1.00000	0.00084	0.00113	0.00113	0.00040	1.00000	
1026.30080	-616.24933	379.65154	-0.03706	0.06118	89.94290	0.57369	0.00100	1.00000	-0.00065	-1.00000	0.00100	0.00107	0.00107	0.00065	1.00000	
1025.53960	-616.67551	380.34786	-0.05121	0.05519	89.92236	0.52416	0.00136	1.00000	-0.00090	-1.00000	0.00136	0.00096	0.00096	0.00089	1.00000	
1025.67834	-616.75418	380.73077	-0.05668	0.03880	89.92060	0.55101	0.00139	1.00000	-0.00099	-1.00000	0.00139	0.00068	0.00068	0.00099	1.00000	
1025.26703	-616.78466	380.23961	-0.04557	0.04768	89.91274	0.54515	0.00152	1.00000	-0.00080	-1.00000	0.00152	0.00083	0.00083	0.00080	1.00000	
1024.45668	-617.27790	380.92161	-0.06030	0.04423	89.89095	0.54911	0.00190	1.00000	-0.00105	-1.00000	0.00190	0.00077	0.00077	0.00105	1.00000	
1024.90278	-616.97484	380.43395	-0.05134	0.05803	89.90517	0.56206	0.00166	1.00000	-0.00090	-1.00000	0.00166	0.00101	0.00101	0.00090	1.00000	
1024.17384	-617.39669	381.14026	-0.06573	0.05449	89.88511	0.54962	0.00201	1.00000	-0.00115	-1.00000	0.00201	0.00095	0.00095	0.00115	1.00000	
1023.68210	-617.50433	381.05217	-0.06955	0.07118	89.87669	0.58514	0.00215	1.00000	-0.00122	-1.00000	0.00215	0.00124	0.00124	0.00121	1.00000	
1024.50146	-617.21092	380.99621	-0.06761	0.06845	89.89632	0.54728	0.00181	1.00000	-0.00118	-1.00000	0.00181	0.00119	0.00119	0.00118	1.00000	
1024.91882	-616.88846	380.35700	-0.05029	0.06378	89.90625	0.59946	0.00164	1.00000	-0.00088	-1.00000	0.00164	0.00111	0.00111	0.00088	1.00000	
1025.54711	-616.58812	380.04006	-0.04362	0.06668	89.92400	0.56891	0.00133	1.00000	-0.00076	-1.00000	0.00133	0.00116	0.00116	0.00076	1.00000	
1025.14773	-616.80464	380.31206	-0.05015	0.06434	89.91363	0.52888	0.00151	1.00000	-0.00088	-1.00000	0.00151	0.00112	0.00112	0.00088	1.00000	
1025.27987	-616.80977	380.54801	-0.05437	0.05862	89.91645	0.54987	0.00146	1.00000	-0.00095	-1.00000	0.00146	0.00102	0.00102	0.00095	1.00000	
1025.72073	-616.65689	380.27083	-0.04627	0.05367	89.92444	0.53023	0.00132	1.00000	-0.00081	-1.00000	0.00132	0.00094	0.00094	0.00081	1.00000	
1025.14778	-616.86710	380.40838	-0.04818	0.04994	89.90988	0.51529	0.00157	1.00000	-0.00084	-1.00000	0.00157	0.00087	0.00087	0.00084	1.00000	
1025.67670	-616.46221	379.48606	-0.03103	0.06553	89.92741	0.51401	0.00127	1.00000	-0.00054	-1.00000	0.00127	0.00114	0.00114	0.00054	1.00000	
1025.97650	-616.33178	379.32074	-0.02365	0.05542	89.93291	0.53314	0.00117	1.00000	-0.00041	-1.00000	0.00117	0.00097	0.00097	0.00041	1.00000	
1026.33471	-616.31467	379.62401	-0.02845	0.04835	89.94000	0.49099	0.00105	1.00000	-0.00050	-1.00000	0.00105	0.00084	0.00084	0.00050	1.00000	
1026.19635	-616.34084	379.49496	-0.03273	0.06815	89.94020	0.48086	0.00104	1.00000	-0.00057	-1.00000	0.00104	0.00119	0.00119	0.00057	1.00000	
1026.54460	-616.20851	379.51096	-0.03038	0.05944	89.94732	0.48515	0.00092	1.00000	-0.00053	-1.00000	0.00092	0.00104	0.00104	0.00053	1.00000	
1025.93810	-616.41201	379.68129	-0.03621	0.06641	89.93525	0.46797	0.00113	1.00000	-0.00063	-1.00000	0.00113	0.00116	0.00116	0.00063	1.00000	
1026.39439	-616.25910	379.69369	-0.03620	0.06405	89.94584	0.47820	0.00095	1.00000	-0.00063	-1.00000	0.00095	0.00112	0.00112	0.00063	1.00000	
1026.34665	-616.32554	379.74335	-0.03697	0.06326	89.94473	0.48782	0.00096	1.00000	-0.00065	-1.00000	0.00097	0.00110	0.00110	0.00065	1.00000	
1026.38175	-616.14523	378.99928	-0.02304	0.07717	89.94872	0.49200	0.00089	1.00000	-0.00040	-1.00000	0.00090	0.00135	0.00135	0.00040	1.00000	
1025.27045	-616.55408	379.17140	-0.02706	0.07433	89.92068	0.50559	0.00138	1.00000	-0.00047	-1.00000	0.00139	0.00130	0.00130	0.00047	1.00000	
